time,open,high,low,close
2025-10-14T08:15:00-04:00,46002,46006,45951,45966
2025-10-14T08:30:00-04:00,45963,45968,45798,45826
2025-10-14T08:45:00-04:00,45827,45914,45827,45912
2025-10-14T09:00:00-04:00,45911,45958,45903,45956
2025-10-14T09:15:00-04:00,45957,45990,45898,45909
2025-10-14T09:30:00-04:00,45911,45954,45679,45711
2025-10-14T09:45:00-04:00,45709,45931,45663,45922
2025-10-14T10:00:00-04:00,45917,46046,45891,46038
2025-10-14T10:15:00-04:00,46035,46150,46015,46132
2025-10-14T10:30:00-04:00,46131,46224,46105,46190
2025-10-14T10:45:00-04:00,46192,46250,46185,46244
2025-10-14T11:00:00-04:00,46246,46292,46201,46214
2025-10-14T11:15:00-04:00,46217,46287,46206,46219
2025-10-14T11:30:00-04:00,46222,46348,46217,46331
2025-10-14T11:45:00-04:00,46332,46490,46332,46459
2025-10-14T12:00:00-04:00,46464,46468,46392,46436
2025-10-14T12:15:00-04:00,46436,46550,46429,46514
2025-10-14T12:30:00-04:00,46515,46589,46497,46579
2025-10-14T12:45:00-04:00,46581,46656,46581,46585
2025-10-14T13:00:00-04:00,46584,46634,46526,46621
2025-10-14T13:15:00-04:00,46623,46689,46609,46677
2025-10-14T13:30:00-04:00,46678,46715,46611,46715
2025-10-14T13:45:00-04:00,46716,46743,46692,46704
2025-10-14T14:00:00-04:00,46705,46722,46655,46700
2025-10-14T14:15:00-04:00,46698,46720,46660,46685
2025-10-14T14:30:00-04:00,46683,46707,46642,46657
2025-10-14T14:45:00-04:00,46656,46700,46643,46689
2025-10-14T15:00:00-04:00,46688,46723,46654,46667
2025-10-14T15:15:00-04:00,46667,46682,46644,46649
2025-10-14T15:30:00-04:00,46647,46648,46395,46428
2025-10-14T15:45:00-04:00,46429,46521,46398,46494
2025-10-14T16:00:00-04:00,46493,46550,46438,46464
2025-10-14T16:15:00-04:00,46463,46463,46422,46445
2025-10-14T16:30:00-04:00,46446,46477,46443,46463
2025-10-14T16:45:00-04:00,46465,46496,46462,46481
2025-10-14T18:00:00-04:00,46468,46560,46468,46501
2025-10-14T18:15:00-04:00,46499,46516,46487,46507
2025-10-14T18:30:00-04:00,46508,46519,46496,46508
2025-10-14T18:45:00-04:00,46509,46518,46498,46515
2025-10-14T19:00:00-04:00,46512,46551,46505,46550
2025-10-14T19:15:00-04:00,46551,46572,46529,46537
2025-10-14T19:30:00-04:00,46536,46553,46524,46530
2025-10-14T19:45:00-04:00,46533,46543,46511,46513
2025-10-14T20:00:00-04:00,46512,46527,46482,46500
2025-10-14T20:15:00-04:00,46497,46522,46492,46521
2025-10-14T20:30:00-04:00,46520,46540,46501,46539
2025-10-14T20:45:00-04:00,46542,46560,46529,46554
2025-10-14T21:00:00-04:00,46548,46549,46513,46544
2025-10-14T21:15:00-04:00,46547,46572,46539,46554
2025-10-14T21:30:00-04:00,46553,46562,46541,46554
2025-10-14T21:45:00-04:00,46553,46555,46540,46544
2025-10-14T22:00:00-04:00,46548,46579,46540,46572
2025-10-14T22:15:00-04:00,46569,46595,46568,46581
2025-10-14T22:30:00-04:00,46581,46583,46556,46567
2025-10-14T22:45:00-04:00,46567,46571,46547,46558
2025-10-14T23:00:00-04:00,46557,46561,46550,46554
2025-10-14T23:15:00-04:00,46552,46570,46526,46570
2025-10-14T23:30:00-04:00,46571,46576,46551,46553
2025-10-14T23:45:00-04:00,46549,46566,46539,46559
2025-10-15T00:00:00-04:00,46561,46576,46557,46569
2025-10-15T00:15:00-04:00,46570,46588,46559,46578
2025-10-15T00:30:00-04:00,46581,46595,46578,46591
2025-10-15T00:45:00-04:00,46594,46603,46590,46595
2025-10-15T01:00:00-04:00,46598,46628,46595,46603
2025-10-15T01:15:00-04:00,46603,46615,46597,46607
2025-10-15T01:30:00-04:00,46606,46615,46595,46609
2025-10-15T01:45:00-04:00,46606,46613,46589,46598
2025-10-15T02:00:00-04:00,46599,46602,46585,46600
2025-10-15T02:15:00-04:00,46603,46606,46577,46601
2025-10-15T02:30:00-04:00,46599,46625,46586,46608
2025-10-15T02:45:00-04:00,46608,46627,46596,46625
2025-10-15T03:00:00-04:00,46623,46645,46604,46630
2025-10-15T03:15:00-04:00,46632,46658,46615,46618
2025-10-15T03:30:00-04:00,46619,46627,46607,46610
2025-10-15T03:45:00-04:00,46605,46639,46598,46636
2025-10-15T04:00:00-04:00,46633,46675,46631,46654
2025-10-15T04:15:00-04:00,46650,46665,46630,46646
2025-10-15T04:30:00-04:00,46648,46652,46619,46643
2025-10-15T04:45:00-04:00,46639,46645,46626,46636
2025-10-15T05:00:00-04:00,46634,46699,46632,46691
2025-10-15T05:15:00-04:00,46693,46697,46651,46651
2025-10-15T05:30:00-04:00,46652,46694,46648,46677
2025-10-15T05:45:00-04:00,46678,46697,46667,46690
2025-10-15T06:00:00-04:00,46692,46695,46670,46688
2025-10-15T06:15:00-04:00,46687,46694,46678,46690
2025-10-15T06:30:00-04:00,46688,46693,46675,46690
2025-10-15T06:45:00-04:00,46690,46708,46686,46690
2025-10-15T07:00:00-04:00,46686,46707,46683,46701
2025-10-15T07:15:00-04:00,46698,46704,46672,46699
2025-10-15T07:30:00-04:00,46696,46734,46692,46734
2025-10-15T07:45:00-04:00,46733,46735,46717,46725
2025-10-15T08:00:00-04:00,46724,46759,46711,46748
2025-10-15T08:15:00-04:00,46748,46762,46713,46735
2025-10-15T08:30:00-04:00,46737,46748,46713,46731
2025-10-15T08:45:00-04:00,46732,46751,46703,46731
2025-10-15T09:00:00-04:00,46731,46733,46671,46674
2025-10-15T09:15:00-04:00,46671,46706,46661,46686
2025-10-15T09:30:00-04:00,46686,46800,46633,46787
2025-10-15T09:45:00-04:00,46787,46858,46662,46819
2025-10-15T10:00:00-04:00,46821,46915,46818,46831
2025-10-15T10:15:00-04:00,46835,46877,46817,46846
2025-10-15T10:30:00-04:00,46848,46881,46775,46818
2025-10-15T10:45:00-04:00,46818,46819,46758,46786
2025-10-15T11:00:00-04:00,46785,46796,46723,46759
2025-10-15T11:15:00-04:00,46761,46784,46727,46739
2025-10-15T11:30:00-04:00,46739,46749,46558,46596
2025-10-15T11:45:00-04:00,46596,46607,46517,46590
2025-10-15T12:00:00-04:00,46589,46627,46553,46597
2025-10-15T12:15:00-04:00,46598,46652,46562,46590
2025-10-15T12:30:00-04:00,46588,46601,46542,46565
2025-10-15T12:45:00-04:00,46566,46566,46508,46527
2025-10-15T13:00:00-04:00,46528,46528,46299,46303
2025-10-15T13:15:00-04:00,46305,46410,46236,46352
2025-10-15T13:30:00-04:00,46355,46468,46339,46464
2025-10-15T13:45:00-04:00,46465,46562,46454,46551
2025-10-15T14:00:00-04:00,46546,46568,46493,46525
2025-10-15T14:15:00-04:00,46525,46548,46495,46499
2025-10-15T14:30:00-04:00,46501,46542,46493,46515
2025-10-15T14:45:00-04:00,46515,46555,46483,46539
2025-10-15T15:00:00-04:00,46538,46547,46466,46502
2025-10-15T15:15:00-04:00,46501,46547,46496,46504
2025-10-15T15:30:00-04:00,46505,46510,46439,46485
2025-10-15T15:45:00-04:00,46486,46502,46394,46490
2025-10-15T16:00:00-04:00,46491,46547,46466,46480
2025-10-15T16:15:00-04:00,46481,46508,46460,46481
2025-10-15T16:30:00-04:00,46478,46492,46446,46458
2025-10-15T16:45:00-04:00,46460,46495,46458,46481
2025-10-15T18:00:00-04:00,46532,46584,46528,46578
2025-10-15T18:15:00-04:00,46584,46599,46557,46571
2025-10-15T18:30:00-04:00,46570,46579,46538,46539
2025-10-15T18:45:00-04:00,46545,46575,46523,46571
2025-10-15T19:00:00-04:00,46569,46570,46537,46551
2025-10-15T19:15:00-04:00,46546,46550,46500,46501
2025-10-15T19:30:00-04:00,46510,46526,46495,46521
2025-10-15T19:45:00-04:00,46519,46528,46495,46523
2025-10-15T20:00:00-04:00,46519,46535,46494,46494
2025-10-15T20:15:00-04:00,46496,46510,46479,46500
2025-10-15T20:30:00-04:00,46497,46503,46470,46488
2025-10-15T20:45:00-04:00,46486,46519,46486,46503
2025-10-15T21:00:00-04:00,46501,46533,46493,46509
2025-10-15T21:15:00-04:00,46510,46537,46507,46526
2025-10-15T21:30:00-04:00,46520,46533,46518,46519
2025-10-15T21:45:00-04:00,46516,46522,46499,46515
2025-10-15T22:00:00-04:00,46514,46526,46506,46515
2025-10-15T22:15:00-04:00,46512,46512,46483,46483
2025-10-15T22:30:00-04:00,46483,46486,46466,46477
2025-10-15T22:45:00-04:00,46479,46511,46477,46503
2025-10-15T23:00:00-04:00,46505,46516,46484,46484
2025-10-15T23:15:00-04:00,46481,46491,46467,46484
2025-10-15T23:30:00-04:00,46485,46491,46465,46478
2025-10-15T23:45:00-04:00,46477,46482,46474,46474
2025-10-16T00:00:00-04:00,46475,46493,46467,46493
2025-10-16T00:15:00-04:00,46494,46497,46484,46486
2025-10-16T00:30:00-04:00,46487,46500,46469,46485
2025-10-16T00:45:00-04:00,46487,46501,46478,46497
2025-10-16T01:00:00-04:00,46497,46503,46484,46502
2025-10-16T01:15:00-04:00,46501,46510,46499,46504
2025-10-16T01:30:00-04:00,46502,46528,46494,46508
2025-10-16T01:45:00-04:00,46506,46507,46474,46503
2025-10-16T02:00:00-04:00,46504,46538,46502,46525
2025-10-16T02:15:00-04:00,46523,46541,46508,46537
2025-10-16T02:30:00-04:00,46537,46556,46534,46541
2025-10-16T02:45:00-04:00,46543,46565,46540,46558
2025-10-16T03:00:00-04:00,46560,46579,46531,46558
2025-10-16T03:15:00-04:00,46560,46561,46527,46536
2025-10-16T03:30:00-04:00,46537,46542,46507,46540
2025-10-16T03:45:00-04:00,46542,46614,46534,46588
2025-10-16T04:00:00-04:00,46584,46620,46578,46612
2025-10-16T04:15:00-04:00,46610,46617,46561,46562
2025-10-16T04:30:00-04:00,46566,46582,46554,46570
2025-10-16T04:45:00-04:00,46568,46582,46566,46578
2025-10-16T05:00:00-04:00,46578,46602,46577,46583
2025-10-16T05:15:00-04:00,46579,46611,46573,46607
2025-10-16T05:30:00-04:00,46608,46623,46594,46615
2025-10-16T05:45:00-04:00,46616,46650,46615,46647
2025-10-16T06:00:00-04:00,46649,46671,46636,46655
2025-10-16T06:15:00-04:00,46654,46675,46640,46675
2025-10-16T06:30:00-04:00,46676,46685,46664,46673
2025-10-16T06:45:00-04:00,46671,46703,46651,46676
2025-10-16T07:00:00-04:00,46677,46698,46592,46603
2025-10-16T07:15:00-04:00,46604,46615,46572,46611
2025-10-16T07:30:00-04:00,46611,46626,46604,46619
2025-10-16T07:45:00-04:00,46620,46621,46580,46587
2025-10-16T08:00:00-04:00,46585,46591,46511,46513
2025-10-16T08:15:00-04:00,46514,46572,46511,46567
2025-10-16T08:30:00-04:00,46567,46611,46555,46610
2025-10-16T08:45:00-04:00,46611,46618,46586,46587
2025-10-16T09:00:00-04:00,46589,46606,46557,46604
2025-10-16T09:15:00-04:00,46603,46609,46533,46553
2025-10-16T09:30:00-04:00,46553,46606,46500,46567
2025-10-16T09:45:00-04:00,46569,46632,46510,46535
2025-10-16T10:00:00-04:00,46539,46571,46446,46472
2025-10-16T10:15:00-04:00,46473,46570,46450,46537
2025-10-16T10:30:00-04:00,46538,46635,46503,46614
2025-10-16T10:45:00-04:00,46613,46619,46514,46524
2025-10-16T11:00:00-04:00,46530,46629,46519,46612
2025-10-16T11:15:00-04:00,46612,46639,46459,46474
2025-10-16T11:30:00-04:00,46474,46565,46430,46473
2025-10-16T11:45:00-04:00,46474,46486,46380,46414
2025-10-16T12:00:00-04:00,46415,46464,46383,46419
2025-10-16T12:15:00-04:00,46415,46448,46300,46313
2025-10-16T12:30:00-04:00,46314,46317,46133,46187
2025-10-16T12:45:00-04:00,46185,46362,46097,46352
2025-10-16T13:00:00-04:00,46351,46376,46244,46311
2025-10-16T13:15:00-04:00,46311,46418,46295,46372
2025-10-16T13:30:00-04:00,46370,46404,46268,46296
2025-10-16T13:45:00-04:00,46298,46317,46250,46278
2025-10-16T14:00:00-04:00,46278,46288,46037,46060
2025-10-16T14:15:00-04:00,46057,46114,46000,46053
2025-10-16T14:30:00-04:00,46053,46195,45984,46170
2025-10-16T14:45:00-04:00,46172,46246,46157,46182
2025-10-16T15:00:00-04:00,46179,46213,46120,46124
2025-10-16T15:15:00-04:00,46124,46139,46035,46064
2025-10-16T15:30:00-04:00,46064,46095,46013,46085
2025-10-16T15:45:00-04:00,46085,46202,46070,46164
2025-10-16T16:00:00-04:00,46166,46189,46055,46061
2025-10-16T16:15:00-04:00,46061,46108,46050,46087
2025-10-16T16:30:00-04:00,46084,46121,46080,46112
2025-10-16T16:45:00-04:00,46113,46140,46111,46119
2025-10-16T18:00:00-04:00,46126,46171,46113,46134
2025-10-16T18:15:00-04:00,46134,46140,46106,46136
2025-10-16T18:30:00-04:00,46137,46148,46084,46101
2025-10-16T18:45:00-04:00,46097,46126,46043,46046
2025-10-16T19:00:00-04:00,46047,46070,46027,46044
2025-10-16T19:15:00-04:00,46047,46087,46035,46035
2025-10-16T19:30:00-04:00,46037,46062,46031,46057
2025-10-16T19:45:00-04:00,46057,46095,46045,46093
2025-10-16T20:00:00-04:00,46092,46121,46074,46076
2025-10-16T20:15:00-04:00,46076,46094,46060,46072
2025-10-16T20:30:00-04:00,46072,46097,46067,46074
2025-10-16T20:45:00-04:00,46075,46076,46051,46063
2025-10-16T21:00:00-04:00,46068,46124,46065,46096
2025-10-16T21:15:00-04:00,46096,46107,46088,46102
2025-10-16T21:30:00-04:00,46101,46110,46083,46096
2025-10-16T21:45:00-04:00,46095,46102,46036,46066
2025-10-16T22:00:00-04:00,46065,46080,46039,46069
2025-10-16T22:15:00-04:00,46067,46069,46039,46054
2025-10-16T22:30:00-04:00,46053,46072,46051,46061
2025-10-16T22:45:00-04:00,46060,46072,46051,46059
2025-10-16T23:00:00-04:00,46058,46064,46040,46049
2025-10-16T23:15:00-04:00,46046,46073,46043,46061
2025-10-16T23:30:00-04:00,46065,46076,46024,46027
2025-10-16T23:45:00-04:00,46030,46045,46001,46041
2025-10-17T00:00:00-04:00,46042,46051,46023,46031
2025-10-17T00:15:00-04:00,46028,46032,46008,46015
2025-10-17T00:30:00-04:00,46016,46025,46007,46007
2025-10-17T00:45:00-04:00,46008,46013,45994,46001
2025-10-17T01:00:00-04:00,46003,46007,45961,45961
2025-10-17T01:15:00-04:00,45960,45982,45943,45976
2025-10-17T01:30:00-04:00,45978,45983,45917,45927
2025-10-17T01:45:00-04:00,45929,45983,45929,45965
2025-10-17T02:00:00-04:00,45967,45997,45956,45968
2025-10-17T02:15:00-04:00,45970,45973,45930,45944
2025-10-17T02:30:00-04:00,45944,45956,45880,45907
2025-10-17T02:45:00-04:00,45908,45921,45862,45877
2025-10-17T03:00:00-04:00,45877,45887,45722,45736
2025-10-17T03:15:00-04:00,45737,45769,45656,45698
2025-10-17T03:30:00-04:00,45697,45712,45605,45672
2025-10-17T03:45:00-04:00,45674,45743,45657,45713
2025-10-17T04:00:00-04:00,45714,45736,45646,45658
2025-10-17T04:15:00-04:00,45657,45738,45637,45734
2025-10-17T04:30:00-04:00,45734,45795,45722,45742
2025-10-17T04:45:00-04:00,45744,45777,45733,45758
2025-10-17T05:00:00-04:00,45754,45809,45747,45802
2025-10-17T05:15:00-04:00,45804,45878,45797,45849
2025-10-17T05:30:00-04:00,45849,45874,45785,45805
2025-10-17T05:45:00-04:00,45799,45814,45771,45777
2025-10-17T06:00:00-04:00,45778,45837,45776,45794
2025-10-17T06:15:00-04:00,45796,45804,45766,45777
2025-10-17T06:30:00-04:00,45779,45872,45779,45865
2025-10-17T06:45:00-04:00,45864,45908,45827,45906
2025-10-17T07:00:00-04:00,45906,46185,45898,46175
2025-10-17T07:15:00-04:00,46174,46187,46078,46103
2025-10-17T07:30:00-04:00,46102,46131,46062,46107
2025-10-17T07:45:00-04:00,46106,46136,46061,46136
2025-10-17T08:00:00-04:00,46134,46217,46104,46187
2025-10-17T08:15:00-04:00,46185,46268,46172,46225
2025-10-17T08:30:00-04:00,46226,46261,46183,46221
2025-10-17T08:45:00-04:00,46222,46234,46171,46184
2025-10-17T09:00:00-04:00,46183,46234,46163,46187
2025-10-17T09:15:00-04:00,46189,46235,46127,46133
2025-10-17T09:30:00-04:00,46132,46321,46115,46176
2025-10-17T09:45:00-04:00,46177,46392,46144,46250
2025-10-17T10:00:00-04:00,46249,46390,46177,46379
2025-10-17T10:15:00-04:00,46380,46418,46243,46280
2025-10-17T10:30:00-04:00,46281,46292,46167,46197
2025-10-17T10:45:00-04:00,46196,46287,46143,46150
2025-10-17T11:00:00-04:00,46150,46282,46106,46108
2025-10-17T11:15:00-04:00,46108,46178,46096,46169
2025-10-17T11:30:00-04:00,46173,46250,46103,46236
2025-10-17T11:45:00-04:00,46234,46358,46219,46323
2025-10-17T12:00:00-04:00,46325,46411,46319,46375
2025-10-17T12:15:00-04:00,46378,46417,46333,46358
2025-10-17T12:30:00-04:00,46358,46387,46293,46318
2025-10-17T12:45:00-04:00,46315,46370,46236,46283
2025-10-17T13:00:00-04:00,46280,46296,46230,46262
2025-10-17T13:15:00-04:00,46266,46277,46203,46241
2025-10-17T13:30:00-04:00,46238,46319,46223,46231
2025-10-17T13:45:00-04:00,46234,46348,46210,46333
2025-10-17T14:00:00-04:00,46333,46426,46333,46391
2025-10-17T14:15:00-04:00,46393,46474,46392,46441
2025-10-17T14:30:00-04:00,46444,46464,46414,46429
2025-10-17T14:45:00-04:00,46429,46472,46428,46450
2025-10-17T15:00:00-04:00,46449,46500,46441,46483
2025-10-17T15:15:00-04:00,46481,46518,46454,46470
2025-10-17T15:30:00-04:00,46471,46472,46416,46438
2025-10-17T15:45:00-04:00,46437,46448,46373,46383
2025-10-17T16:00:00-04:00,46384,46443,46376,46434
2025-10-17T16:15:00-04:00,46432,46445,46421,46425
2025-10-17T16:30:00-04:00,46427,46436,46420,46425
2025-10-17T16:45:00-04:00,46426,46436,46418,46429
2025-10-19T18:00:00-04:00,46489,46511,46457,46483
2025-10-19T18:15:00-04:00,46476,46476,46443,46459
2025-10-19T18:30:00-04:00,46464,46464,46444,46459
2025-10-19T18:45:00-04:00,46461,46465,46454,46458
2025-10-19T19:00:00-04:00,46461,46461,46430,46435
2025-10-19T19:15:00-04:00,46434,46443,46378,46380
2025-10-19T19:30:00-04:00,46378,46407,46376,46376
2025-10-19T19:45:00-04:00,46372,46393,46370,46388
2025-10-19T20:00:00-04:00,46387,46388,46336,46342
2025-10-19T20:15:00-04:00,46344,46361,46316,46342
2025-10-19T20:30:00-04:00,46346,46402,46335,46402
2025-10-19T20:45:00-04:00,46400,46447,46398,46438
2025-10-19T21:00:00-04:00,46436,46460,46427,46446
2025-10-19T21:15:00-04:00,46443,46477,46443,46459
2025-10-19T21:30:00-04:00,46457,46459,46432,46457
2025-10-19T21:45:00-04:00,46456,46456,46413,46431
2025-10-19T22:00:00-04:00,46431,46442,46413,46420
2025-10-19T22:15:00-04:00,46422,46436,46411,46428
2025-10-19T22:30:00-04:00,46423,46444,46422,46435
2025-10-19T22:45:00-04:00,46437,46452,46435,46447
2025-10-19T23:00:00-04:00,46447,46455,46442,46453
2025-10-19T23:15:00-04:00,46453,46458,46447,46451
2025-10-19T23:30:00-04:00,46452,46465,46446,46464
2025-10-19T23:45:00-04:00,46465,46495,46465,46484
2025-10-20T00:00:00-04:00,46485,46505,46478,46490
2025-10-20T00:15:00-04:00,46492,46508,46481,46501
2025-10-20T00:30:00-04:00,46500,46508,46478,46495
2025-10-20T00:45:00-04:00,46496,46510,46490,46509
2025-10-20T01:00:00-04:00,46508,46515,46505,46509
2025-10-20T01:15:00-04:00,46509,46519,46487,46508
2025-10-20T01:30:00-04:00,46511,46532,46498,46531
2025-10-20T01:45:00-04:00,46529,46542,46513,46530
2025-10-20T02:00:00-04:00,46528,46529,46497,46506
2025-10-20T02:15:00-04:00,46505,46534,46503,46521
2025-10-20T02:30:00-04:00,46522,46549,46522,46538
2025-10-20T02:45:00-04:00,46537,46550,46511,46532
2025-10-20T03:00:00-04:00,46531,46560,46515,46538
2025-10-20T03:15:00-04:00,46542,46566,46539,46562
2025-10-20T03:30:00-04:00,46562,46582,46553,46561
2025-10-20T03:45:00-04:00,46560,46568,46535,46541
2025-10-20T04:00:00-04:00,46543,46543,46504,46513
2025-10-20T04:15:00-04:00,46512,46521,46494,46505
2025-10-20T04:30:00-04:00,46505,46516,46486,46486
2025-10-20T04:45:00-04:00,46486,46494,46457,46475
2025-10-20T05:00:00-04:00,46473,46490,46456,46483
2025-10-20T05:15:00-04:00,46485,46511,46478,46502
2025-10-20T05:30:00-04:00,46495,46497,46473,46479
2025-10-20T05:45:00-04:00,46478,46490,46465,46486
2025-10-20T06:00:00-04:00,46485,46494,46458,46466
2025-10-20T06:15:00-04:00,46466,46479,46465,46477
2025-10-20T06:30:00-04:00,46476,46501,46470,46471
2025-10-20T06:45:00-04:00,46470,46473,46425,46430
2025-10-20T07:00:00-04:00,46428,46452,46415,46447
2025-10-20T07:15:00-04:00,46446,46467,46444,46458
2025-10-20T07:30:00-04:00,46457,46457,46437,46445
2025-10-20T07:45:00-04:00,46445,46486,46445,46486
2025-10-20T08:00:00-04:00,46484,46486,46457,46470
2025-10-20T08:15:00-04:00,46470,46481,46459,46471
2025-10-20T08:30:00-04:00,46471,46501,46471,46500
2025-10-20T08:45:00-04:00,46501,46548,46501,46547
2025-10-20T09:00:00-04:00,46546,46568,46544,46554
2025-10-20T09:15:00-04:00,46556,46579,46523,46554
2025-10-20T09:30:00-04:00,46553,46654,46545,46623
2025-10-20T09:45:00-04:00,46623,46687,46557,46570
2025-10-20T10:00:00-04:00,46573,46682,46568,46674
2025-10-20T10:15:00-04:00,46672,46716,46629,46710
2025-10-20T10:30:00-04:00,46709,46800,46689,46797
2025-10-20T10:45:00-04:00,46797,46836,46793,46814
2025-10-20T11:00:00-04:00,46815,46819,46728,46739
2025-10-20T11:15:00-04:00,46738,46789,46734,46769
2025-10-20T11:30:00-04:00,46769,46779,46741,46761
2025-10-20T11:45:00-04:00,46763,46793,46712,46737
2025-10-20T12:00:00-04:00,46739,46780,46730,46761
2025-10-20T12:15:00-04:00,46760,46812,46751,46806
2025-10-20T12:30:00-04:00,46803,46832,46780,46812
2025-10-20T12:45:00-04:00,46815,46841,46805,46836
2025-10-20T13:00:00-04:00,46835,46884,46834,46877
2025-10-20T13:15:00-04:00,46875,46895,46864,46867
2025-10-20T13:30:00-04:00,46868,46938,46865,46920
2025-10-20T13:45:00-04:00,46921,46927,46897,46917
2025-10-20T14:00:00-04:00,46917,46957,46915,46948
2025-10-20T14:15:00-04:00,46949,46951,46920,46932
2025-10-20T14:30:00-04:00,46932,46939,46905,46908
2025-10-20T14:45:00-04:00,46908,46928,46884,46921
2025-10-20T15:00:00-04:00,46922,46957,46919,46936
2025-10-20T15:15:00-04:00,46935,46941,46894,46933
2025-10-20T15:30:00-04:00,46934,46943,46921,46930
2025-10-20T15:45:00-04:00,46929,46962,46898,46908
2025-10-20T16:00:00-04:00,46908,46937,46887,46937
2025-10-20T16:15:00-04:00,46936,46944,46933,46943
2025-10-20T16:30:00-04:00,46942,46950,46942,46950
2025-10-20T16:45:00-04:00,46949,46960,46947,46955
2025-10-20T18:00:00-04:00,46951,46965,46934,46938
2025-10-20T18:15:00-04:00,46938,46962,46937,46948
2025-10-20T18:30:00-04:00,46950,46952,46936,46944
2025-10-20T18:45:00-04:00,46944,46948,46935,46936
2025-10-20T19:00:00-04:00,46936,46964,46935,46955
2025-10-20T19:15:00-04:00,46953,46956,46932,46956
2025-10-20T19:30:00-04:00,46956,46958,46924,46929
2025-10-20T19:45:00-04:00,46928,46928,46913,46919
2025-10-20T20:00:00-04:00,46916,46943,46915,46929
2025-10-20T20:15:00-04:00,46929,46952,46927,46942
2025-10-20T20:30:00-04:00,46939,46948,46934,46945
2025-10-20T20:45:00-04:00,46944,46947,46937,46945
2025-10-20T21:00:00-04:00,46944,46952,46942,46947
2025-10-20T21:15:00-04:00,46946,46964,46935,46940
2025-10-20T21:30:00-04:00,46942,46942,46925,46931
2025-10-20T21:45:00-04:00,46931,46947,46929,46935
2025-10-20T22:00:00-04:00,46934,46944,46931,46944
2025-10-20T22:15:00-04:00,46944,46955,46942,46955
2025-10-20T22:30:00-04:00,46954,46959,46931,46931
2025-10-20T22:45:00-04:00,46928,46937,46923,46928
2025-10-20T23:00:00-04:00,46928,46938,46928,46935
2025-10-20T23:15:00-04:00,46937,46938,46927,46927
2025-10-20T23:30:00-04:00,46926,46935,46918,46924
2025-10-20T23:45:00-04:00,46923,46923,46908,46917
2025-10-21T00:00:00-04:00,46918,46919,46904,46910
2025-10-21T00:15:00-04:00,46912,46920,46908,46915
2025-10-21T00:30:00-04:00,46917,46917,46905,46908
2025-10-21T00:45:00-04:00,46906,46911,46882,46896
2025-10-21T01:00:00-04:00,46898,46910,46880,46899
2025-10-21T01:15:00-04:00,46898,46907,46872,46877
2025-10-21T01:30:00-04:00,46879,46887,46869,46871
2025-10-21T01:45:00-04:00,46869,46883,46856,46877
2025-10-21T02:00:00-04:00,46879,46880,46838,46838
2025-10-21T02:15:00-04:00,46837,46859,46832,46844
2025-10-21T02:30:00-04:00,46845,46856,46836,46840
2025-10-21T02:45:00-04:00,46841,46860,46838,46847
2025-10-21T03:00:00-04:00,46848,46852,46821,46824
2025-10-21T03:15:00-04:00,46823,46851,46822,46850
2025-10-21T03:30:00-04:00,46853,46853,46826,46829
2025-10-21T03:45:00-04:00,46828,46851,46821,46847
2025-10-21T04:00:00-04:00,46847,46848,46828,46833
2025-10-21T04:15:00-04:00,46832,46832,46812,46824
2025-10-21T04:30:00-04:00,46823,46836,46814,46828
2025-10-21T04:45:00-04:00,46828,46829,46812,46816
2025-10-21T05:00:00-04:00,46817,46838,46817,46837
2025-10-21T05:15:00-04:00,46837,46854,46826,46850
2025-10-21T05:30:00-04:00,46849,46859,46839,46846
2025-10-21T05:45:00-04:00,46847,46862,46842,46846
2025-10-21T06:00:00-04:00,46847,46891,46847,46873
2025-10-21T06:15:00-04:00,46874,46879,46856,46872
2025-10-21T06:30:00-04:00,46874,46900,46851,46871
2025-10-21T06:45:00-04:00,46876,46906,46875,46899
2025-10-21T07:00:00-04:00,46898,46922,46894,46921
2025-10-21T07:15:00-04:00,46922,46949,46914,46942
2025-10-21T07:30:00-04:00,46942,46944,46916,46923
2025-10-21T07:45:00-04:00,46923,46937,46919,46932
2025-10-21T08:00:00-04:00,46934,46944,46926,46931
2025-10-21T08:15:00-04:00,46930,46941,46923,46933
2025-10-21T08:30:00-04:00,46934,46936,46910,46932
2025-10-21T08:45:00-04:00,46933,46936,46902,46908
2025-10-21T09:00:00-04:00,46911,46918,46874,46887
2025-10-21T09:15:00-04:00,46888,46937,46876,46912
2025-10-21T09:30:00-04:00,46911,46976,46893,46970
2025-10-21T09:45:00-04:00,46968,46993,46927,46962
2025-10-21T10:00:00-04:00,46965,47035,46921,47032
2025-10-21T10:15:00-04:00,47031,47132,47015,47054
2025-10-21T10:30:00-04:00,47054,47171,47044,47148
2025-10-21T10:45:00-04:00,47149,47238,47125,47235
2025-10-21T11:00:00-04:00,47235,47334,47229,47327
2025-10-21T11:15:00-04:00,47326,47328,47238,47264
2025-10-21T11:30:00-04:00,47265,47286,47217,47236
2025-10-21T11:45:00-04:00,47237,47263,47197,47205
2025-10-21T12:00:00-04:00,47203,47218,47184,47186
2025-10-21T12:15:00-04:00,47187,47259,47183,47240
2025-10-21T12:30:00-04:00,47240,47262,47228,47247
2025-10-21T12:45:00-04:00,47249,47278,47172,47179
2025-10-21T13:00:00-04:00,47179,47245,47145,47239
2025-10-21T13:15:00-04:00,47237,47241,47162,47185
2025-10-21T13:30:00-04:00,47190,47223,47165,47197
2025-10-21T13:45:00-04:00,47197,47229,47195,47218
2025-10-21T14:00:00-04:00,47220,47253,47214,47243
2025-10-21T14:15:00-04:00,47238,47240,47185,47217
2025-10-21T14:30:00-04:00,47217,47223,47179,47180
2025-10-21T14:45:00-04:00,47180,47206,47174,47190
2025-10-21T15:00:00-04:00,47188,47197,47162,47191
2025-10-21T15:15:00-04:00,47189,47207,47169,47179
2025-10-21T15:30:00-04:00,47178,47189,47161,47184
2025-10-21T15:45:00-04:00,47184,47211,47122,47128
2025-10-21T16:00:00-04:00,47128,47153,47115,47135
2025-10-21T16:15:00-04:00,47134,47150,47130,47149
2025-10-21T16:30:00-04:00,47148,47165,47137,47159
2025-10-21T16:45:00-04:00,47161,47162,47146,47154
2025-10-21T18:00:00-04:00,47156,47156,47110,47123
2025-10-21T18:15:00-04:00,47126,47154,47126,47153
2025-10-21T18:30:00-04:00,47153,47160,47127,47142
2025-10-21T18:45:00-04:00,47140,47162,47132,47162
2025-10-21T19:00:00-04:00,47160,47160,47124,47132
2025-10-21T19:15:00-04:00,47133,47153,47124,47135
2025-10-21T19:30:00-04:00,47133,47145,47124,47124
2025-10-21T19:45:00-04:00,47127,47130,47112,47113
2025-10-21T20:00:00-04:00,47116,47137,47102,47126
2025-10-21T20:15:00-04:00,47124,47126,47098,47116
2025-10-21T20:30:00-04:00,47118,47128,47100,47101
2025-10-21T20:45:00-04:00,47101,47111,47094,47096
2025-10-21T21:00:00-04:00,47097,47115,47086,47112
2025-10-21T21:15:00-04:00,47110,47118,47104,47107
2025-10-21T21:30:00-04:00,47106,47112,47098,47106
2025-10-21T21:45:00-04:00,47107,47135,47106,47128
2025-10-21T22:00:00-04:00,47131,47140,47116,47138
2025-10-21T22:15:00-04:00,47136,47144,47131,47141
2025-10-21T22:30:00-04:00,47142,47142,47126,47130
2025-10-21T22:45:00-04:00,47130,47138,47125,47132
2025-10-21T23:00:00-04:00,47130,47137,47111,47119
2025-10-21T23:15:00-04:00,47120,47122,47095,47097
2025-10-21T23:30:00-04:00,47100,47105,47094,47104
2025-10-21T23:45:00-04:00,47106,47153,47106,47149
2025-10-22T00:00:00-04:00,47148,47185,47145,47174
2025-10-22T00:15:00-04:00,47173,47196,47171,47185
2025-10-22T00:30:00-04:00,47184,47197,47181,47192
2025-10-22T00:45:00-04:00,47192,47193,47175,47188
2025-10-22T01:00:00-04:00,47188,47195,47180,47193
2025-10-22T01:15:00-04:00,47195,47196,47171,47178
2025-10-22T01:30:00-04:00,47174,47184,47152,47156
2025-10-22T01:45:00-04:00,47157,47170,47157,47162
2025-10-22T02:00:00-04:00,47163,47183,47148,47180
2025-10-22T02:15:00-04:00,47183,47195,47177,47179
2025-10-22T02:30:00-04:00,47179,47202,47168,47194
2025-10-22T02:45:00-04:00,47194,47200,47182,47185
2025-10-22T03:00:00-04:00,47183,47186,47134,47142
2025-10-22T03:15:00-04:00,47141,47176,47131,47174
2025-10-22T03:30:00-04:00,47174,47176,47159,47165
2025-10-22T03:45:00-04:00,47164,47177,47159,47163
2025-10-22T04:00:00-04:00,47163,47165,47115,47121
2025-10-22T04:15:00-04:00,47121,47124,47103,47115
2025-10-22T04:30:00-04:00,47115,47124,47100,47115
2025-10-22T04:45:00-04:00,47117,47132,47104,47120
2025-10-22T05:00:00-04:00,47123,47124,47089,47098
2025-10-22T05:15:00-04:00,47100,47134,47080,47126
2025-10-22T05:30:00-04:00,47125,47142,47123,47126
2025-10-22T05:45:00-04:00,47124,47147,47114,47138
2025-10-22T06:00:00-04:00,47140,47145,47133,47141
2025-10-22T06:15:00-04:00,47143,47146,47127,47146
2025-10-22T06:30:00-04:00,47146,47157,47129,47157
2025-10-22T06:45:00-04:00,47155,47155,47127,47130
2025-10-22T07:00:00-04:00,47130,47133,47087,47108
2025-10-22T07:15:00-04:00,47107,47123,47088,47097
2025-10-22T07:30:00-04:00,47098,47113,47087,47097
2025-10-22T07:45:00-04:00,47095,47122,47087,47098
2025-10-22T08:00:00-04:00,47098,47147,47090,47135
2025-10-22T08:15:00-04:00,47138,47144,47111,47124
2025-10-22T08:30:00-04:00,47124,47141,47112,47131
2025-10-22T08:45:00-04:00,47130,47161,47125,47144
2025-10-22T09:00:00-04:00,47144,47147,47119,47134
2025-10-22T09:15:00-04:00,47133,47139,47110,47120
2025-10-22T09:30:00-04:00,47120,47124,47006,47096
2025-10-22T09:45:00-04:00,47094,47100,46987,47013
2025-10-22T10:00:00-04:00,47010,47048,46984,47023
2025-10-22T10:15:00-04:00,47022,47063,46979,46984
2025-10-22T10:30:00-04:00,46985,47022,46967,46978
2025-10-22T10:45:00-04:00,46979,47027,46937,47027
2025-10-22T11:00:00-04:00,47026,47052,46995,47005
2025-10-22T11:15:00-04:00,47006,47033,46916,46967
2025-10-22T11:30:00-04:00,46968,47012,46945,46995
2025-10-22T11:45:00-04:00,46992,47037,46986,46991
2025-10-22T12:00:00-04:00,46989,47005,46904,46941
2025-10-22T12:15:00-04:00,46943,46963,46890,46922
2025-10-22T12:30:00-04:00,46919,46951,46686,46916
2025-10-22T12:45:00-04:00,46915,46971,46864,46913
2025-10-22T13:00:00-04:00,46910,46928,46839,46841
2025-10-22T13:15:00-04:00,46844,46866,46731,46771
2025-10-22T13:30:00-04:00,46768,46811,46659,46668
2025-10-22T13:45:00-04:00,46667,46731,46640,46715
2025-10-22T14:00:00-04:00,46714,46748,46689,46692
2025-10-22T14:15:00-04:00,46696,46779,46654,46757
2025-10-22T14:30:00-04:00,46752,46764,46704,46737
2025-10-22T14:45:00-04:00,46738,46772,46704,46767
2025-10-22T15:00:00-04:00,46765,46819,46702,46778
2025-10-22T15:15:00-04:00,46782,46802,46759,46794
2025-10-22T15:30:00-04:00,46791,46825,46780,46792
2025-10-22T15:45:00-04:00,46791,46822,46755,46780
2025-10-22T16:00:00-04:00,46779,46839,46705,46728
2025-10-22T16:15:00-04:00,46724,46736,46668,46681
2025-10-22T16:30:00-04:00,46680,46709,46676,46703
2025-10-22T16:45:00-04:00,46706,46723,46695,46720
2025-10-22T18:00:00-04:00,46718,46718,46675,46700
2025-10-22T18:15:00-04:00,46700,46711,46682,46689
2025-10-22T18:30:00-04:00,46692,46704,46681,46684
2025-10-22T18:45:00-04:00,46685,46709,46685,46702
2025-10-22T19:00:00-04:00,46703,46720,46693,46716
2025-10-22T19:15:00-04:00,46715,46732,46707,46712
2025-10-22T19:30:00-04:00,46715,46726,46688,46693
2025-10-22T19:45:00-04:00,46692,46702,46659,46665
2025-10-22T20:00:00-04:00,46664,46665,46600,46658
2025-10-22T20:15:00-04:00,46658,46679,46654,46669
2025-10-22T20:30:00-04:00,46674,46692,46651,46664
2025-10-22T20:45:00-04:00,46666,46697,46655,46690
2025-10-22T21:00:00-04:00,46692,46712,46685,46705
2025-10-22T21:15:00-04:00,46703,46723,46703,46710
2025-10-22T21:30:00-04:00,46710,46747,46709,46734
2025-10-22T21:45:00-04:00,46734,46742,46728,46741
2025-10-22T22:00:00-04:00,46742,46756,46737,46741
2025-10-22T22:15:00-04:00,46740,46762,46740,46749
2025-10-22T22:30:00-04:00,46750,46756,46739,46749
2025-10-22T22:45:00-04:00,46745,46767,46745,46756
2025-10-22T23:00:00-04:00,46755,46782,46754,46777
2025-10-22T23:15:00-04:00,46778,46780,46752,46759
2025-10-22T23:30:00-04:00,46759,46766,46732,46749
2025-10-22T23:45:00-04:00,46747,46756,46739,46744
2025-10-23T00:00:00-04:00,46744,46753,46723,46725
2025-10-23T00:15:00-04:00,46728,46754,46725,46738
2025-10-23T00:30:00-04:00,46738,46739,46718,46727
2025-10-23T00:45:00-04:00,46725,46736,46721,46730
2025-10-23T01:00:00-04:00,46732,46735,46718,46729
2025-10-23T01:15:00-04:00,46728,46728,46705,46719
2025-10-23T01:30:00-04:00,46719,46733,46712,46718
2025-10-23T01:45:00-04:00,46717,46751,46717,46746
2025-10-23T02:00:00-04:00,46744,46751,46728,46733
2025-10-23T02:15:00-04:00,46730,46749,46724,46739
2025-10-23T02:30:00-04:00,46742,46754,46721,46741
2025-10-23T02:45:00-04:00,46740,46759,46740,46755
2025-10-23T03:00:00-04:00,46754,46765,46745,46755
2025-10-23T03:15:00-04:00,46755,46759,46692,46716
2025-10-23T03:30:00-04:00,46714,46750,46711,46739
2025-10-23T03:45:00-04:00,46739,46758,46739,46751
2025-10-23T04:00:00-04:00,46749,46756,46719,46726
2025-10-23T04:15:00-04:00,46728,46740,46720,46736
2025-10-23T04:30:00-04:00,46736,46747,46728,46732
2025-10-23T04:45:00-04:00,46735,46736,46702,46712
2025-10-23T05:00:00-04:00,46711,46728,46678,46692
2025-10-23T05:15:00-04:00,46691,46694,46651,46666
2025-10-23T05:30:00-04:00,46667,46678,46656,46665
2025-10-23T05:45:00-04:00,46666,46682,46644,46673
2025-10-23T06:00:00-04:00,46676,46749,46675,46729
2025-10-23T06:15:00-04:00,46727,46746,46721,46742
2025-10-23T06:30:00-04:00,46746,46759,46741,46747
2025-10-23T06:45:00-04:00,46745,46756,46731,46744
2025-10-23T07:00:00-04:00,46745,46754,46691,46709
2025-10-23T07:15:00-04:00,46715,46728,46705,46718
2025-10-23T07:30:00-04:00,46719,46722,46692,46692
2025-10-23T07:45:00-04:00,46691,46694,46654,46683
2025-10-23T08:00:00-04:00,46683,46692,46667,46681
2025-10-23T08:15:00-04:00,46682,46698,46661,46693
2025-10-23T08:30:00-04:00,46692,46693,46648,46677
2025-10-23T08:45:00-04:00,46679,46723,46677,46716
2025-10-23T09:00:00-04:00,46715,46719,46662,46690
2025-10-23T09:15:00-04:00,46688,46745,46686,46744
2025-10-23T09:30:00-04:00,46744,46858,46702,46854
2025-10-23T09:45:00-04:00,46855,46909,46791,46830
2025-10-23T10:00:00-04:00,46830,46852,46737,46744
2025-10-23T10:15:00-04:00,46742,46793,46676,46757
2025-10-23T10:30:00-04:00,46758,46826,46714,46817
2025-10-23T10:45:00-04:00,46815,46842,46777,46816
2025-10-23T11:00:00-04:00,46818,46830,46776,46795
2025-10-23T11:15:00-04:00,46796,46856,46763,46842
2025-10-23T11:30:00-04:00,46843,46862,46735,46754
2025-10-23T11:45:00-04:00,46756,46851,46742,46810
2025-10-23T12:00:00-04:00,46811,46867,46783,46861
2025-10-23T12:15:00-04:00,46864,46868,46818,46840
2025-10-23T12:30:00-04:00,46840,46901,46837,46894
2025-10-23T12:45:00-04:00,46895,46923,46882,46903
2025-10-23T13:00:00-04:00,46905,46918,46830,46905
2025-10-23T13:15:00-04:00,46907,46912,46857,46884
2025-10-23T13:30:00-04:00,46885,46973,46885,46953
2025-10-23T13:45:00-04:00,46955,46963,46920,46958
2025-10-23T14:00:00-04:00,46960,46981,46950,46955
2025-10-23T14:15:00-04:00,46954,46970,46926,46958
2025-10-23T14:30:00-04:00,46959,46984,46955,46981
2025-10-23T14:45:00-04:00,46980,46994,46963,46966
2025-10-23T15:00:00-04:00,46967,46982,46954,46972
2025-10-23T15:15:00-04:00,46973,46977,46943,46950
2025-10-23T15:30:00-04:00,46948,46948,46924,46940
2025-10-23T15:45:00-04:00,46939,46959,46892,46921
2025-10-23T16:00:00-04:00,46921,46922,46892,46898
2025-10-23T16:15:00-04:00,46894,46898,46881,46885
2025-10-23T16:30:00-04:00,46885,46885,46857,46872
2025-10-23T16:45:00-04:00,46872,46885,46871,46884
2025-10-23T18:00:00-04:00,46874,46920,46874,46904
2025-10-23T18:15:00-04:00,46904,46920,46903,46906
2025-10-23T18:30:00-04:00,46907,46916,46902,46909
2025-10-23T18:45:00-04:00,46910,46917,46900,46909
2025-10-23T19:00:00-04:00,46910,46920,46909,46915
2025-10-23T19:15:00-04:00,46914,46917,46907,46912
2025-10-23T19:30:00-04:00,46915,46918,46909,46910
2025-10-23T19:45:00-04:00,46907,46918,46907,46918
2025-10-23T20:00:00-04:00,46917,46921,46891,46903
2025-10-23T20:15:00-04:00,46903,46909,46901,46908
2025-10-23T20:30:00-04:00,46907,46922,46907,46913
2025-10-23T20:45:00-04:00,46912,46919,46903,46919
2025-10-23T21:00:00-04:00,46921,46938,46920,46938
2025-10-23T21:15:00-04:00,46939,46943,46928,46928
2025-10-23T21:30:00-04:00,46926,46931,46920,46931
2025-10-23T21:45:00-04:00,46932,46950,46931,46948
2025-10-23T22:00:00-04:00,46948,46951,46942,46950
2025-10-23T22:15:00-04:00,46950,46962,46946,46958
2025-10-23T22:30:00-04:00,46958,46961,46932,46934
2025-10-23T22:45:00-04:00,46935,46954,46935,46945
2025-10-23T23:00:00-04:00,46944,46952,46938,46945
2025-10-23T23:15:00-04:00,46947,46969,46946,46965
2025-10-23T23:30:00-04:00,46966,46973,46965,46966
2025-10-23T23:45:00-04:00,46966,46975,46962,46974
2025-10-24T00:00:00-04:00,46972,46977,46957,46970
2025-10-24T00:15:00-04:00,46966,46974,46963,46966
2025-10-24T00:30:00-04:00,46963,46968,46960,46967
2025-10-24T00:45:00-04:00,46967,46978,46963,46972
2025-10-24T01:00:00-04:00,46972,46974,46968,46969
2025-10-24T01:15:00-04:00,46967,46990,46966,46988
2025-10-24T01:30:00-04:00,46986,46988,46976,46987
2025-10-24T01:45:00-04:00,46986,47001,46986,46999
2025-10-24T02:00:00-04:00,47000,47024,46996,47021
2025-10-24T02:15:00-04:00,47021,47033,47018,47024
2025-10-24T02:30:00-04:00,47022,47023,47002,47010
2025-10-24T02:45:00-04:00,47011,47020,47007,47012
2025-10-24T03:00:00-04:00,47012,47018,46992,47001
2025-10-24T03:15:00-04:00,47001,47004,46975,46985
2025-10-24T03:30:00-04:00,46989,47009,46984,46991
2025-10-24T03:45:00-04:00,46990,46990,46953,46958
2025-10-24T04:00:00-04:00,46960,46963,46899,46899
2025-10-24T04:15:00-04:00,46898,46925,46896,46924
2025-10-24T04:30:00-04:00,46924,46941,46921,46938
2025-10-24T04:45:00-04:00,46940,46965,46930,46933
2025-10-24T05:00:00-04:00,46933,46944,46932,46943
2025-10-24T05:15:00-04:00,46944,46978,46939,46971
2025-10-24T05:30:00-04:00,46972,46988,46970,46985
2025-10-24T05:45:00-04:00,46984,46986,46964,46966
2025-10-24T06:00:00-04:00,46969,46985,46961,46981
2025-10-24T06:15:00-04:00,46982,46992,46972,46976
2025-10-24T06:30:00-04:00,46975,46985,46962,46966
2025-10-24T06:45:00-04:00,46966,46974,46959,46967
2025-10-24T07:00:00-04:00,46966,46999,46966,46998
2025-10-24T07:15:00-04:00,46999,47008,46974,46976
2025-10-24T07:30:00-04:00,46977,46996,46970,46990
2025-10-24T07:45:00-04:00,46991,47017,46989,47008
2025-10-24T08:00:00-04:00,47006,47021,46997,47000
2025-10-24T08:15:00-04:00,46999,47007,46984,46991
2025-10-24T08:30:00-04:00,46990,47268,46985,47125
2025-10-24T08:45:00-04:00,47125,47147,47109,47116
2025-10-24T09:00:00-04:00,47113,47146,47113,47139
2025-10-24T09:15:00-04:00,47139,47185,47120,47182
2025-10-24T09:30:00-04:00,47181,47281,47101,47252
2025-10-24T09:45:00-04:00,47241,47330,47231,47319
2025-10-24T10:00:00-04:00,47315,47356,47284,47329
2025-10-24T10:15:00-04:00,47329,47334,47279,47284
2025-10-24T10:30:00-04:00,47282,47338,47239,47329
2025-10-24T10:45:00-04:00,47328,47347,47264,47305
2025-10-24T11:00:00-04:00,47304,47364,47291,47360
2025-10-24T11:15:00-04:00,47361,47440,47360,47430
2025-10-24T11:30:00-04:00,47431,47468,47423,47449
2025-10-24T11:45:00-04:00,47451,47508,47432,47464
2025-10-24T12:00:00-04:00,47466,47489,47458,47479
2025-10-24T12:15:00-04:00,47480,47489,47443,47452
2025-10-24T12:30:00-04:00,47451,47463,47368,47370
2025-10-24T12:45:00-04:00,47370,47451,47366,47416
2025-10-24T13:00:00-04:00,47416,47443,47400,47408
2025-10-24T13:15:00-04:00,47406,47462,47401,47459
2025-10-24T13:30:00-04:00,47459,47508,47451,47467
2025-10-24T13:45:00-04:00,47469,47477,47446,47453
2025-10-24T14:00:00-04:00,47450,47470,47440,47451
2025-10-24T14:15:00-04:00,47449,47473,47448,47458
2025-10-24T14:30:00-04:00,47457,47467,47447,47463
2025-10-24T14:45:00-04:00,47460,47486,47433,47483
2025-10-24T15:00:00-04:00,47480,47493,47474,47477
2025-10-24T15:15:00-04:00,47479,47479,47447,47451
2025-10-24T15:30:00-04:00,47450,47463,47420,47421
2025-10-24T15:45:00-04:00,47421,47446,47376,47398
2025-10-24T16:00:00-04:00,47398,47420,47378,47396
2025-10-24T16:15:00-04:00,47395,47399,47384,47392
2025-10-24T16:30:00-04:00,47391,47414,47391,47399
2025-10-24T16:45:00-04:00,47399,47399,47382,47387
2025-10-26T18:00:00-04:00,47711,47775,47641,47650
2025-10-26T18:15:00-04:00,47660,47711,47650,47711
2025-10-26T18:30:00-04:00,47711,47723,47672,47673
2025-10-26T18:45:00-04:00,47677,47694,47663,47667
2025-10-26T19:00:00-04:00,47678,47701,47664,47664
2025-10-26T19:15:00-04:00,47667,47678,47660,47660
2025-10-26T19:30:00-04:00,47663,47688,47663,47676
2025-10-26T19:45:00-04:00,47676,47677,47650,47662
2025-10-26T20:00:00-04:00,47658,47689,47637,47684
2025-10-26T20:15:00-04:00,47683,47684,47658,47675
2025-10-26T20:30:00-04:00,47678,47686,47673,47677
2025-10-26T20:45:00-04:00,47675,47675,47657,47657
2025-10-26T21:00:00-04:00,47660,47662,47635,47635
2025-10-26T21:15:00-04:00,47635,47645,47634,47642
2025-10-26T21:30:00-04:00,47640,47651,47638,47646
2025-10-26T21:45:00-04:00,47647,47649,47620,47620
2025-10-26T22:00:00-04:00,47624,47631,47601,47610
2025-10-26T22:15:00-04:00,47613,47623,47610,47612
2025-10-26T22:30:00-04:00,47615,47643,47615,47640
2025-10-26T22:45:00-04:00,47641,47648,47640,47643
2025-10-26T23:00:00-04:00,47644,47658,47624,47658
2025-10-26T23:15:00-04:00,47658,47679,47657,47676
2025-10-26T23:30:00-04:00,47676,47681,47656,47659
2025-10-26T23:45:00-04:00,47660,47664,47652,47664
2025-10-27T00:00:00-04:00,47661,47671,47658,47666
2025-10-27T00:15:00-04:00,47667,47680,47663,47679
2025-10-27T00:30:00-04:00,47679,47684,47669,47682
2025-10-27T00:45:00-04:00,47681,47683,47670,47677
2025-10-27T01:00:00-04:00,47676,47683,47674,47680
2025-10-27T01:15:00-04:00,47677,47695,47676,47692
2025-10-27T01:30:00-04:00,47694,47697,47682,47683
2025-10-27T01:45:00-04:00,47682,47698,47682,47691
2025-10-27T02:00:00-04:00,47692,47715,47688,47707
2025-10-27T02:15:00-04:00,47705,47734,47704,47729
2025-10-27T02:30:00-04:00,47727,47730,47711,47721
2025-10-27T02:45:00-04:00,47723,47729,47711,47715
2025-10-27T03:00:00-04:00,47713,47724,47704,47713
2025-10-27T03:15:00-04:00,47714,47730,47714,47720
2025-10-27T03:30:00-04:00,47722,47736,47718,47718
2025-10-27T03:45:00-04:00,47717,47723,47701,47702
2025-10-27T04:00:00-04:00,47703,47707,47668,47674
2025-10-27T04:15:00-04:00,47674,47680,47654,47662
2025-10-27T04:30:00-04:00,47663,47664,47642,47656
2025-10-27T04:45:00-04:00,47654,47666,47654,47661
2025-10-27T05:00:00-04:00,47662,47664,47652,47658
2025-10-27T05:15:00-04:00,47658,47661,47641,47641
2025-10-27T05:30:00-04:00,47640,47662,47634,47662
2025-10-27T05:45:00-04:00,47664,47679,47663,47667
2025-10-27T06:00:00-04:00,47667,47667,47649,47654
2025-10-27T06:15:00-04:00,47656,47658,47643,47656
2025-10-27T06:30:00-04:00,47653,47662,47647,47650
2025-10-27T06:45:00-04:00,47651,47663,47650,47659
2025-10-27T07:00:00-04:00,47660,47671,47637,47644
2025-10-27T07:15:00-04:00,47643,47648,47633,47633
2025-10-27T07:30:00-04:00,47635,47635,47601,47605
2025-10-27T07:45:00-04:00,47605,47615,47595,47601
2025-10-27T08:00:00-04:00,47600,47627,47593,47623
2025-10-27T08:15:00-04:00,47620,47624,47613,47620
2025-10-27T08:30:00-04:00,47622,47627,47602,47623
2025-10-27T08:45:00-04:00,47623,47638,47621,47632
2025-10-27T09:00:00-04:00,47629,47653,47623,47641
2025-10-27T09:15:00-04:00,47641,47669,47619,47652
2025-10-27T09:30:00-04:00,47652,47697,47547,47591
2025-10-27T09:45:00-04:00,47590,47649,47564,47643
2025-10-27T10:00:00-04:00,47642,47704,47622,47657
2025-10-27T10:15:00-04:00,47655,47666,47610,47622
2025-10-27T10:30:00-04:00,47623,47653,47605,47637
2025-10-27T10:45:00-04:00,47636,47642,47582,47611
2025-10-27T11:00:00-04:00,47610,47611,47560,47588
2025-10-27T11:15:00-04:00,47588,47624,47563,47623
2025-10-27T11:30:00-04:00,47624,47652,47616,47638
2025-10-27T11:45:00-04:00,47640,47640,47598,47637
2025-10-27T12:00:00-04:00,47636,47656,47621,47627
2025-10-27T12:15:00-04:00,47628,47630,47602,47614
2025-10-27T12:30:00-04:00,47615,47635,47612,47632
2025-10-27T12:45:00-04:00,47631,47650,47627,47631
2025-10-27T13:00:00-04:00,47635,47635,47590,47598
2025-10-27T13:15:00-04:00,47596,47600,47552,47585
2025-10-27T13:30:00-04:00,47585,47616,47573,47610
2025-10-27T13:45:00-04:00,47610,47619,47598,47613
2025-10-27T14:00:00-04:00,47613,47614,47593,47593
2025-10-27T14:15:00-04:00,47594,47613,47589,47602
2025-10-27T14:30:00-04:00,47604,47628,47603,47613
2025-10-27T14:45:00-04:00,47615,47632,47607,47623
2025-10-27T15:00:00-04:00,47622,47635,47619,47632
2025-10-27T15:15:00-04:00,47633,47650,47611,47650
2025-10-27T15:30:00-04:00,47650,47698,47650,47692
2025-10-27T15:45:00-04:00,47691,47741,47687,47710
2025-10-27T16:00:00-04:00,47710,47746,47709,47742
2025-10-27T16:15:00-04:00,47742,47755,47737,47746
2025-10-27T16:30:00-04:00,47747,47767,47747,47764
2025-10-27T16:45:00-04:00,47762,47770,47747,47749
2025-10-27T18:00:00-04:00,47749,47750,47723,47734
2025-10-27T18:15:00-04:00,47733,47744,47731,47734
2025-10-27T18:30:00-04:00,47732,47744,47718,47727
2025-10-27T18:45:00-04:00,47728,47729,47721,47727
2025-10-27T19:00:00-04:00,47726,47735,47720,47729
2025-10-27T19:15:00-04:00,47729,47762,47729,47759
2025-10-27T19:30:00-04:00,47758,47759,47740,47742
2025-10-27T19:45:00-04:00,47740,47761,47712,47722
2025-10-27T20:00:00-04:00,47715,47745,47710,47735
2025-10-27T20:15:00-04:00,47736,47737,47726,47732
2025-10-27T20:30:00-04:00,47730,47741,47724,47734
2025-10-27T20:45:00-04:00,47733,47740,47729,47737
2025-10-27T21:00:00-04:00,47736,47739,47724,47727
2025-10-27T21:15:00-04:00,47728,47736,47715,47726
2025-10-27T21:30:00-04:00,47723,47740,47713,47723
2025-10-27T21:45:00-04:00,47726,47730,47713,47716
2025-10-27T22:00:00-04:00,47717,47725,47715,47717
2025-10-27T22:15:00-04:00,47717,47724,47714,47721
2025-10-27T22:30:00-04:00,47721,47721,47708,47709
2025-10-27T22:45:00-04:00,47707,47714,47700,47710
2025-10-27T23:00:00-04:00,47710,47719,47700,47705
2025-10-27T23:15:00-04:00,47704,47713,47704,47709
2025-10-27T23:30:00-04:00,47708,47709,47703,47706
2025-10-27T23:45:00-04:00,47707,47724,47707,47716
2025-10-28T00:00:00-04:00,47714,47722,47712,47716
2025-10-28T00:15:00-04:00,47717,47717,47702,47704
2025-10-28T00:30:00-04:00,47706,47708,47692,47692
2025-10-28T00:45:00-04:00,47694,47702,47693,47699
2025-10-28T01:00:00-04:00,47700,47706,47689,47695
2025-10-28T01:15:00-04:00,47694,47700,47690,47698
2025-10-28T01:30:00-04:00,47697,47700,47692,47696
2025-10-28T01:45:00-04:00,47698,47712,47697,47701
2025-10-28T02:00:00-04:00,47702,47710,47695,47698
2025-10-28T02:15:00-04:00,47698,47715,47693,47709
2025-10-28T02:30:00-04:00,47711,47725,47706,47706
2025-10-28T02:45:00-04:00,47706,47707,47697,47699
2025-10-28T03:00:00-04:00,47699,47721,47693,47694
2025-10-28T03:15:00-04:00,47696,47725,47695,47724
2025-10-28T03:30:00-04:00,47723,47725,47714,47715
2025-10-28T03:45:00-04:00,47712,47713,47693,47698
2025-10-28T04:00:00-04:00,47697,47716,47694,47702
2025-10-28T04:15:00-04:00,47702,47715,47702,47710
2025-10-28T04:30:00-04:00,47712,47718,47685,47700
2025-10-28T04:45:00-04:00,47701,47723,47696,47716
2025-10-28T05:00:00-04:00,47716,47728,47706,47707
2025-10-28T05:15:00-04:00,47710,47717,47692,47696
2025-10-28T05:30:00-04:00,47695,47704,47692,47703
2025-10-28T05:45:00-04:00,47703,47795,47697,47786
2025-10-28T06:00:00-04:00,47787,47831,47764,47776
2025-10-28T06:15:00-04:00,47777,47789,47757,47758
2025-10-28T06:30:00-04:00,47757,47770,47757,47768
2025-10-28T06:45:00-04:00,47768,47770,47748,47765
2025-10-28T07:00:00-04:00,47766,47824,47765,47823
2025-10-28T07:15:00-04:00,47822,47863,47814,47861
2025-10-28T07:30:00-04:00,47860,47875,47856,47867
2025-10-28T07:45:00-04:00,47867,47898,47867,47888
2025-10-28T08:00:00-04:00,47890,47935,47890,47918
2025-10-28T08:15:00-04:00,47918,47948,47911,47946
2025-10-28T08:30:00-04:00,47946,47949,47905,47926
2025-10-28T08:45:00-04:00,47926,47941,47922,47930
2025-10-28T09:00:00-04:00,47931,48037,47929,48010
2025-10-28T09:15:00-04:00,48010,48054,48002,48054
2025-10-28T09:30:00-04:00,48053,48089,47880,47888
2025-10-28T09:45:00-04:00,47888,47993,47855,47905
2025-10-28T10:00:00-04:00,47912,47947,47890,47895
2025-10-28T10:15:00-04:00,47894,47978,47892,47972
2025-10-28T10:30:00-04:00,47971,48035,47970,48012
2025-10-28T10:45:00-04:00,48011,48032,47948,47957
2025-10-28T11:00:00-04:00,47954,47991,47946,47967
2025-10-28T11:15:00-04:00,47968,47999,47898,47908
2025-10-28T11:30:00-04:00,47905,47919,47869,47875
2025-10-28T11:45:00-04:00,47873,47893,47856,47888
2025-10-28T12:00:00-04:00,47886,47931,47885,47908
2025-10-28T12:15:00-04:00,47908,47943,47884,47942
2025-10-28T12:30:00-04:00,47942,48035,47933,47974
2025-10-28T12:45:00-04:00,47974,48054,47971,48048
2025-10-28T13:00:00-04:00,48044,48116,48044,48066
2025-10-28T13:15:00-04:00,48067,48090,48046,48050
2025-10-28T13:30:00-04:00,48051,48057,48026,48039
2025-10-28T13:45:00-04:00,48037,48078,48026,48042
2025-10-28T14:00:00-04:00,48045,48080,48040,48078
2025-10-28T14:15:00-04:00,48078,48118,48067,48071
2025-10-28T14:30:00-04:00,48069,48070,48019,48028
2025-10-28T14:45:00-04:00,48026,48042,48006,48026
2025-10-28T15:00:00-04:00,48024,48024,47976,47987
2025-10-28T15:15:00-04:00,47985,48021,47969,48008
2025-10-28T15:30:00-04:00,48010,48011,47901,47906
2025-10-28T15:45:00-04:00,47905,47942,47860,47891
2025-10-28T16:00:00-04:00,47889,47909,47827,47898
2025-10-28T16:15:00-04:00,47899,47916,47885,47890
2025-10-28T16:30:00-04:00,47889,47897,47874,47883
2025-10-28T16:45:00-04:00,47880,47885,47870,47881
2025-10-28T18:00:00-04:00,47876,47897,47865,47897
2025-10-28T18:15:00-04:00,47897,47897,47882,47892
2025-10-28T18:30:00-04:00,47888,47893,47864,47865
2025-10-28T18:45:00-04:00,47864,47871,47861,47862
2025-10-28T19:00:00-04:00,47862,47862,47838,47848
2025-10-28T19:15:00-04:00,47849,47866,47847,47848
2025-10-28T19:30:00-04:00,47847,47855,47843,47848
2025-10-28T19:45:00-04:00,47845,47863,47845,47857
2025-10-28T20:00:00-04:00,47853,47862,47843,47854
2025-10-28T20:15:00-04:00,47855,47859,47845,47857
2025-10-28T20:30:00-04:00,47858,47863,47832,47833
2025-10-28T20:45:00-04:00,47834,47838,47822,47831
2025-10-28T21:00:00-04:00,47831,47852,47829,47839
2025-10-28T21:15:00-04:00,47837,47844,47828,47837
2025-10-28T21:30:00-04:00,47836,47859,47830,47832
2025-10-28T21:45:00-04:00,47830,47835,47813,47813
2025-10-28T22:00:00-04:00,47815,47832,47813,47819
2025-10-28T22:15:00-04:00,47817,47831,47815,47825
2025-10-28T22:30:00-04:00,47825,47832,47820,47831
2025-10-28T22:45:00-04:00,47832,47858,47828,47843
2025-10-28T23:00:00-04:00,47844,47856,47844,47845
2025-10-28T23:15:00-04:00,47843,47852,47839,47843
2025-10-28T23:30:00-04:00,47846,47850,47832,47844
2025-10-28T23:45:00-04:00,47841,47848,47839,47845
2025-10-29T00:00:00-04:00,47841,47842,47828,47834
2025-10-29T00:15:00-04:00,47835,47858,47835,47849
2025-10-29T00:30:00-04:00,47850,47857,47849,47851
2025-10-29T00:45:00-04:00,47854,47860,47850,47856
2025-10-29T01:00:00-04:00,47854,47861,47851,47854
2025-10-29T01:15:00-04:00,47857,47859,47852,47858
2025-10-29T01:30:00-04:00,47858,47862,47841,47841
2025-10-29T01:45:00-04:00,47844,47849,47837,47846
2025-10-29T02:00:00-04:00,47845,47854,47838,47851
2025-10-29T02:15:00-04:00,47850,47861,47844,47853
2025-10-29T02:30:00-04:00,47852,47861,47852,47858
2025-10-29T02:45:00-04:00,47857,47862,47853,47860
2025-10-29T03:00:00-04:00,47858,47876,47851,47874
2025-10-29T03:15:00-04:00,47873,47881,47847,47865
2025-10-29T03:30:00-04:00,47861,47873,47857,47867
2025-10-29T03:45:00-04:00,47865,47873,47855,47872
2025-10-29T04:00:00-04:00,47874,47877,47860,47860
2025-10-29T04:15:00-04:00,47863,47889,47845,47847
2025-10-29T04:30:00-04:00,47845,47855,47783,47791
2025-10-29T04:45:00-04:00,47790,47798,47772,47777
2025-10-29T05:00:00-04:00,47777,47784,47757,47763
2025-10-29T05:15:00-04:00,47758,47771,47747,47752
2025-10-29T05:30:00-04:00,47750,47768,47737,47762
2025-10-29T05:45:00-04:00,47764,47782,47762,47780
2025-10-29T06:00:00-04:00,47782,47797,47773,47791
2025-10-29T06:15:00-04:00,47791,47816,47790,47804
2025-10-29T06:30:00-04:00,47805,47944,47805,47937
2025-10-29T06:45:00-04:00,47937,47965,47934,47940
2025-10-29T07:00:00-04:00,47940,47966,47921,47963
2025-10-29T07:15:00-04:00,47961,47990,47955,47978
2025-10-29T07:30:00-04:00,47980,48006,47939,47991
2025-10-29T07:45:00-04:00,47990,47990,47961,47962
2025-10-29T08:00:00-04:00,47960,47961,47937,47947
2025-10-29T08:15:00-04:00,47946,47974,47945,47962
2025-10-29T08:30:00-04:00,47963,47979,47954,47961
2025-10-29T08:45:00-04:00,47960,48011,47960,48001
2025-10-29T09:00:00-04:00,47999,48023,47998,48023
2025-10-29T09:15:00-04:00,48023,48048,48014,48035
2025-10-29T09:30:00-04:00,48036,48163,47949,48163
2025-10-29T09:45:00-04:00,48164,48214,48100,48169
2025-10-29T10:00:00-04:00,48174,48176,48074,48108
2025-10-29T10:15:00-04:00,48108,48158,48076,48150
2025-10-29T10:30:00-04:00,48147,48158,48083,48095
2025-10-29T10:45:00-04:00,48095,48128,48056,48125
2025-10-29T11:00:00-04:00,48125,48161,48106,48151
2025-10-29T11:15:00-04:00,48150,48156,48094,48098
2025-10-29T11:30:00-04:00,48102,48142,48094,48142
2025-10-29T11:45:00-04:00,48141,48161,48094,48094
2025-10-29T12:00:00-04:00,48094,48148,48083,48136
2025-10-29T12:15:00-04:00,48134,48188,48130,48153
2025-10-29T12:30:00-04:00,48155,48174,48127,48134
2025-10-29T12:45:00-04:00,48134,48161,48132,48141
2025-10-29T13:00:00-04:00,48142,48146,48080,48106
2025-10-29T13:15:00-04:00,48107,48126,48022,48041
2025-10-29T13:30:00-04:00,48040,48041,47989,47999
2025-10-29T13:45:00-04:00,47998,48022,47983,47996
2025-10-29T14:00:00-04:00,48007,48052,47961,47974
2025-10-29T14:15:00-04:00,47974,48013,47950,47997
2025-10-29T14:30:00-04:00,47998,48035,47630,47657
2025-10-29T14:45:00-04:00,47657,47880,47647,47826
2025-10-29T15:00:00-04:00,47830,47869,47726,47797
2025-10-29T15:15:00-04:00,47796,47815,47714,47722
2025-10-29T15:30:00-04:00,47718,47741,47616,47700
2025-10-29T15:45:00-04:00,47698,47825,47696,47820
2025-10-29T16:00:00-04:00,47822,47875,47661,47729
2025-10-29T16:15:00-04:00,47731,47784,47723,47783
2025-10-29T16:30:00-04:00,47780,47808,47754,47803
2025-10-29T16:45:00-04:00,47802,47812,47745,47772
2025-10-29T18:00:00-04:00,47733,47768,47679,47720
2025-10-29T18:15:00-04:00,47723,47724,47695,47696
2025-10-29T18:30:00-04:00,47689,47736,47689,47728
2025-10-29T18:45:00-04:00,47731,47746,47703,47706
2025-10-29T19:00:00-04:00,47703,47712,47682,47709
2025-10-29T19:15:00-04:00,47710,47764,47704,47754
2025-10-29T19:30:00-04:00,47756,47760,47696,47702
2025-10-29T19:45:00-04:00,47703,47782,47699,47762
2025-10-29T20:00:00-04:00,47762,47838,47755,47807
2025-10-29T20:15:00-04:00,47813,47842,47795,47836
2025-10-29T20:30:00-04:00,47837,47878,47829,47831
2025-10-29T20:45:00-04:00,47830,47849,47817,47836
2025-10-29T21:00:00-04:00,47832,47862,47793,47823
2025-10-29T21:15:00-04:00,47824,47833,47810,47820
2025-10-29T21:30:00-04:00,47817,47868,47805,47859
2025-10-29T21:45:00-04:00,47861,47867,47837,47848
2025-10-29T22:00:00-04:00,47848,47914,47845,47911
2025-10-29T22:15:00-04:00,47910,47927,47907,47916
2025-10-29T22:30:00-04:00,47919,47921,47896,47898
2025-10-29T22:45:00-04:00,47898,47902,47875,47884
2025-10-29T23:00:00-04:00,47886,47912,47885,47909
2025-10-29T23:15:00-04:00,47909,47922,47882,47886
2025-10-29T23:30:00-04:00,47886,47902,47878,47891
2025-10-29T23:45:00-04:00,47888,47910,47867,47881
2025-10-30T00:00:00-04:00,47878,47884,47703,47719
2025-10-30T00:15:00-04:00,47717,47757,47650,47687
2025-10-30T00:30:00-04:00,47686,47892,47678,47720
2025-10-30T00:45:00-04:00,47718,47762,47697,47710
2025-10-30T01:00:00-04:00,47708,47764,47697,47758
2025-10-30T01:15:00-04:00,47755,47813,47741,47808
2025-10-30T01:30:00-04:00,47813,47839,47808,47818
2025-10-30T01:45:00-04:00,47820,47832,47780,47795
2025-10-30T02:00:00-04:00,47794,47796,47748,47757
2025-10-30T02:15:00-04:00,47754,47758,47717,47731
2025-10-30T02:30:00-04:00,47730,47761,47729,47759
2025-10-30T02:45:00-04:00,47761,47796,47757,47767
2025-10-30T03:00:00-04:00,47768,47808,47720,47805
2025-10-30T03:15:00-04:00,47802,47831,47763,47772
2025-10-30T03:30:00-04:00,47767,47788,47759,47778
2025-10-30T03:45:00-04:00,47779,47802,47770,47784
2025-10-30T04:00:00-04:00,47786,47790,47685,47685
2025-10-30T04:15:00-04:00,47685,47733,47685,47716
2025-10-30T04:30:00-04:00,47716,47717,47691,47708
2025-10-30T04:45:00-04:00,47712,47723,47683,47685
2025-10-30T05:00:00-04:00,47687,47708,47666,47680
2025-10-30T05:15:00-04:00,47686,47687,47631,47648
2025-10-30T05:30:00-04:00,47648,47664,47611,47628
2025-10-30T05:45:00-04:00,47626,47630,47599,47619
2025-10-30T06:00:00-04:00,47618,47675,47615,47670
2025-10-30T06:15:00-04:00,47672,47682,47649,47649
2025-10-30T06:30:00-04:00,47650,47686,47637,47659
2025-10-30T06:45:00-04:00,47661,47679,47643,47656
2025-10-30T07:00:00-04:00,47657,47681,47637,47677
2025-10-30T07:15:00-04:00,47674,47708,47673,47701
2025-10-30T07:30:00-04:00,47702,47714,47681,47691
2025-10-30T07:45:00-04:00,47695,47695,47643,47647
2025-10-30T08:00:00-04:00,47646,47666,47593,47605
2025-10-30T08:15:00-04:00,47605,47617,47561,47568
2025-10-30T08:30:00-04:00,47570,47646,47561,47622
2025-10-30T08:45:00-04:00,47622,47647,47594,47596
2025-10-30T09:00:00-04:00,47597,47632,47568,47620
2025-10-30T09:15:00-04:00,47620,47620,47550,47577
2025-10-30T09:30:00-04:00,47576,47837,47556,47826
2025-10-30T09:45:00-04:00,47825,48032,47805,48001
2025-10-30T10:00:00-04:00,47998,48044,47943,48009
2025-10-30T10:15:00-04:00,48011,48070,47977,48014
2025-10-30T10:30:00-04:00,48013,48158,48011,48118
2025-10-30T10:45:00-04:00,48119,48136,48036,48115
2025-10-30T11:00:00-04:00,48116,48171,48115,48150
2025-10-30T11:15:00-04:00,48151,48180,48088,48093
2025-10-30T11:30:00-04:00,48092,48104,47969,47976
2025-10-30T11:45:00-04:00,47974,48048,47949,48012
2025-10-30T12:00:00-04:00,48010,48062,47985,48055
2025-10-30T12:15:00-04:00,48053,48057,48001,48036
2025-10-30T12:30:00-04:00,48037,48038,47942,47969
2025-10-30T12:45:00-04:00,47965,47993,47953,47976
2025-10-30T13:00:00-04:00,47972,47973,47879,47910
2025-10-30T13:15:00-04:00,47908,47976,47888,47961
2025-10-30T13:30:00-04:00,47961,47961,47890,47908
2025-10-30T13:45:00-04:00,47907,47967,47906,47956
2025-10-30T14:00:00-04:00,47956,47962,47860,47869
2025-10-30T14:15:00-04:00,47868,47890,47841,47866
2025-10-30T14:30:00-04:00,47870,47900,47793,47825
2025-10-30T14:45:00-04:00,47825,47864,47795,47802
2025-10-30T15:00:00-04:00,47802,47810,47741,47773
2025-10-30T15:15:00-04:00,47774,47788,47690,47745
2025-10-30T15:30:00-04:00,47749,47782,47678,47686
2025-10-30T15:45:00-04:00,47686,47712,47655,47667
2025-10-30T16:00:00-04:00,47667,47786,47644,47751
2025-10-30T16:15:00-04:00,47754,47777,47744,47751
2025-10-30T16:30:00-04:00,47760,47815,47677,47806
2025-10-30T16:45:00-04:00,47806,47813,47719,47741
2025-10-30T18:00:00-04:00,47784,47784,47701,47713
2025-10-30T18:15:00-04:00,47712,47716,47700,47714
2025-10-30T18:30:00-04:00,47714,47729,47699,47716
2025-10-30T18:45:00-04:00,47713,47729,47707,47721
2025-10-30T19:00:00-04:00,47719,47730,47670,47706
2025-10-30T19:15:00-04:00,47707,47709,47674,47703
2025-10-30T19:30:00-04:00,47705,47711,47673,47702
2025-10-30T19:45:00-04:00,47706,47742,47699,47736
2025-10-30T20:00:00-04:00,47738,47740,47703,47734
2025-10-30T20:15:00-04:00,47735,47778,47726,47772
2025-10-30T20:30:00-04:00,47768,47772,47740,47755
2025-10-30T20:45:00-04:00,47755,47762,47741,47743
2025-10-30T21:00:00-04:00,47741,47745,47726,47727
2025-10-30T21:15:00-04:00,47732,47732,47696,47712
2025-10-30T21:30:00-04:00,47712,47749,47711,47739
2025-10-30T21:45:00-04:00,47743,47748,47733,47746
2025-10-30T22:00:00-04:00,47747,47753,47722,47727
2025-10-30T22:15:00-04:00,47728,47731,47710,47711
2025-10-30T22:30:00-04:00,47709,47709,47663,47663
2025-10-30T22:45:00-04:00,47662,47689,47657,47680
2025-10-30T23:00:00-04:00,47679,47692,47675,47685
2025-10-30T23:15:00-04:00,47683,47687,47658,47674
2025-10-30T23:30:00-04:00,47672,47705,47669,47700
2025-10-30T23:45:00-04:00,47697,47704,47690,47701
2025-10-31T00:00:00-04:00,47704,47730,47702,47717
2025-10-31T00:15:00-04:00,47722,47726,47709,47717
2025-10-31T00:30:00-04:00,47717,47724,47704,47718
2025-10-31T00:45:00-04:00,47719,47719,47704,47711
2025-10-31T01:00:00-04:00,47709,47710,47691,47694
2025-10-31T01:15:00-04:00,47698,47703,47681,47681
2025-10-31T01:30:00-04:00,47683,47691,47681,47687
2025-10-31T01:45:00-04:00,47690,47690,47670,47676
2025-10-31T02:00:00-04:00,47676,47696,47676,47696
2025-10-31T02:15:00-04:00,47697,47705,47677,47702
2025-10-31T02:30:00-04:00,47702,47716,47689,47698
2025-10-31T02:45:00-04:00,47697,47697,47675,47682
2025-10-31T03:00:00-04:00,47684,47690,47676,47684
2025-10-31T03:15:00-04:00,47684,47701,47678,47700
2025-10-31T03:30:00-04:00,47700,47726,47694,47718
2025-10-31T03:45:00-04:00,47721,47739,47716,47734
2025-10-31T04:00:00-04:00,47733,47735,47708,47710
2025-10-31T04:15:00-04:00,47711,47722,47686,47698
2025-10-31T04:30:00-04:00,47695,47708,47686,47706
2025-10-31T04:45:00-04:00,47702,47735,47699,47732
2025-10-31T05:00:00-04:00,47731,47742,47722,47733
2025-10-31T05:15:00-04:00,47732,47732,47704,47704
2025-10-31T05:30:00-04:00,47708,47708,47678,47680
2025-10-31T05:45:00-04:00,47677,47688,47676,47678
2025-10-31T06:00:00-04:00,47678,47679,47661,47664
2025-10-31T06:15:00-04:00,47664,47672,47622,47636
2025-10-31T06:30:00-04:00,47635,47662,47628,47660
2025-10-31T06:45:00-04:00,47661,47670,47654,47655
2025-10-31T07:00:00-04:00,47658,47670,47651,47664
2025-10-31T07:15:00-04:00,47665,47723,47665,47718
2025-10-31T07:30:00-04:00,47717,47726,47705,47726
2025-10-31T07:45:00-04:00,47724,47759,47724,47744
2025-10-31T08:00:00-04:00,47743,47770,47726,47769
2025-10-31T08:15:00-04:00,47771,47808,47768,47797
2025-10-31T08:30:00-04:00,47791,47802,47708,47722
2025-10-31T08:45:00-04:00,47723,47762,47715,47746
2025-10-31T09:00:00-04:00,47744,47745,47709,47727
2025-10-31T09:15:00-04:00,47728,47742,47681,47726
2025-10-31T09:30:00-04:00,47726,47759,47621,47668
2025-10-31T09:45:00-04:00,47669,47782,47668,47737
2025-10-31T10:00:00-04:00,47736,47752,47647,47681
2025-10-31T10:15:00-04:00,47679,47730,47633,47692
2025-10-31T10:30:00-04:00,47693,47791,47680,47778
2025-10-31T10:45:00-04:00,47779,47817,47745,47751
2025-10-31T11:00:00-04:00,47751,47770,47704,47727
2025-10-31T11:15:00-04:00,47726,47788,47714,47723
2025-10-31T11:30:00-04:00,47729,47757,47612,47677
2025-10-31T11:45:00-04:00,47677,47732,47642,47652
2025-10-31T12:00:00-04:00,47651,47683,47620,47632
2025-10-31T12:15:00-04:00,47633,47670,47585,47664
2025-10-31T12:30:00-04:00,47662,47711,47624,47640
2025-10-31T12:45:00-04:00,47640,47655,47546,47562
2025-10-31T13:00:00-04:00,47558,47607,47526,47538
2025-10-31T13:15:00-04:00,47535,47542,47488,47520
2025-10-31T13:30:00-04:00,47520,47570,47488,47566
2025-10-31T13:45:00-04:00,47564,47604,47558,47586
2025-10-31T14:00:00-04:00,47584,47685,47583,47675
2025-10-31T14:15:00-04:00,47676,47717,47650,47700
2025-10-31T14:30:00-04:00,47700,47723,47694,47710
2025-10-31T14:45:00-04:00,47711,47759,47682,47753
2025-10-31T15:00:00-04:00,47753,47763,47720,47743
2025-10-31T15:15:00-04:00,47741,47817,47736,47815
2025-10-31T15:30:00-04:00,47814,47858,47802,47857
2025-10-31T15:45:00-04:00,47854,47862,47709,47711
2025-10-31T16:00:00-04:00,47710,47718,47676,47703
2025-10-31T16:15:00-04:00,47699,47702,47666,47674
2025-10-31T16:30:00-04:00,47675,47703,47675,47694
2025-10-31T16:45:00-04:00,47692,47735,47691,47735
2025-11-02T18:00:00-05:00,47735,47824,47729,47824
2025-11-02T18:15:00-05:00,47825,47839,47797,47800
2025-11-02T18:30:00-05:00,47800,47837,47792,47821
2025-11-02T18:45:00-05:00,47820,47836,47820,47824
2025-11-02T19:00:00-05:00,47825,47855,47819,47842
2025-11-02T19:15:00-05:00,47841,47850,47836,47845
2025-11-02T19:30:00-05:00,47852,47857,47840,47854
2025-11-02T19:45:00-05:00,47856,47869,47854,47866
2025-11-02T20:00:00-05:00,47865,47868,47826,47853
2025-11-02T20:15:00-05:00,47854,47854,47826,47834
2025-11-02T20:30:00-05:00,47838,47838,47809,47824
2025-11-02T20:45:00-05:00,47823,47825,47810,47814
2025-11-02T21:00:00-05:00,47813,47824,47807,47821
2025-11-02T21:15:00-05:00,47822,47832,47813,47817
2025-11-02T21:30:00-05:00,47813,47817,47789,47806
2025-11-02T21:45:00-05:00,47803,47811,47786,47791
2025-11-02T22:00:00-05:00,47793,47794,47767,47770
2025-11-02T22:15:00-05:00,47772,47789,47746,47764
2025-11-02T22:30:00-05:00,47767,47784,47758,47772
2025-11-02T22:45:00-05:00,47768,47771,47755,47770
2025-11-02T23:00:00-05:00,47769,47771,47753,47769
2025-11-02T23:15:00-05:00,47768,47781,47761,47776
2025-11-02T23:30:00-05:00,47774,47788,47765,47770
2025-11-02T23:45:00-05:00,47771,47781,47768,47779
2025-11-03T00:00:00-05:00,47779,47785,47774,47779
2025-11-03T00:15:00-05:00,47777,47777,47745,47770
2025-11-03T00:30:00-05:00,47774,47786,47762,47781
2025-11-03T00:45:00-05:00,47777,47777,47754,47764
2025-11-03T01:00:00-05:00,47764,47780,47757,47757
2025-11-03T01:15:00-05:00,47755,47759,47727,47740
2025-11-03T01:30:00-05:00,47738,47756,47727,47730
2025-11-03T01:45:00-05:00,47726,47753,47715,47736
2025-11-03T02:00:00-05:00,47736,47738,47700,47709
2025-11-03T02:15:00-05:00,47705,47727,47703,47708
2025-11-03T02:30:00-05:00,47708,47713,47697,47698
2025-11-03T02:45:00-05:00,47700,47715,47694,47704
2025-11-03T03:00:00-05:00,47701,47727,47688,47723
2025-11-03T03:15:00-05:00,47724,47736,47702,47725
2025-11-03T03:30:00-05:00,47726,47749,47718,47749
2025-11-03T03:45:00-05:00,47750,47766,47745,47750
2025-11-03T04:00:00-05:00,47753,47783,47750,47775
2025-11-03T04:15:00-05:00,47775,47816,47770,47813
2025-11-03T04:30:00-05:00,47815,47822,47799,47799
2025-11-03T04:45:00-05:00,47797,47798,47761,47763
2025-11-03T05:00:00-05:00,47765,47768,47752,47761
2025-11-03T05:15:00-05:00,47759,47770,47743,47752
2025-11-03T05:30:00-05:00,47754,47774,47741,47774
2025-11-03T05:45:00-05:00,47774,47778,47740,47752
2025-11-03T06:00:00-05:00,47754,47773,47754,47760
2025-11-03T06:15:00-05:00,47762,47780,47753,47753
2025-11-03T06:30:00-05:00,47756,47758,47737,47743
2025-11-03T06:45:00-05:00,47744,47757,47735,47742
2025-11-03T07:00:00-05:00,47745,47755,47732,47743
2025-11-03T07:15:00-05:00,47743,47744,47706,47707
2025-11-03T07:30:00-05:00,47706,47720,47696,47710
2025-11-03T07:45:00-05:00,47711,47732,47694,47696
2025-11-03T08:00:00-05:00,47694,47700,47651,47667
2025-11-03T08:15:00-05:00,47667,47688,47660,47667
2025-11-03T08:30:00-05:00,47668,47700,47668,47689
2025-11-03T08:45:00-05:00,47691,47701,47683,47696
2025-11-03T09:00:00-05:00,47694,47736,47681,47712
2025-11-03T09:15:00-05:00,47709,47765,47702,47762
2025-11-03T09:30:00-05:00,47760,47771,47603,47617
2025-11-03T09:45:00-05:00,47611,47628,47493,47522
2025-11-03T10:00:00-05:00,47522,47555,47470,47486
2025-11-03T10:15:00-05:00,47485,47494,47298,47305
2025-11-03T10:30:00-05:00,47304,47433,47265,47412
2025-11-03T10:45:00-05:00,47412,47508,47381,47484
2025-11-03T11:00:00-05:00,47485,47518,47459,47498
2025-11-03T11:15:00-05:00,47496,47529,47477,47487
2025-11-03T11:30:00-05:00,47490,47571,47490,47538
2025-11-03T11:45:00-05:00,47538,47550,47482,47538
2025-11-03T12:00:00-05:00,47538,47546,47490,47543
2025-11-03T12:15:00-05:00,47544,47563,47453,47479
2025-11-03T12:30:00-05:00,47480,47538,47479,47516
2025-11-03T12:45:00-05:00,47519,47530,47495,47499
2025-11-03T13:00:00-05:00,47501,47528,47484,47515
2025-11-03T13:15:00-05:00,47511,47527,47459,47467
2025-11-03T13:30:00-05:00,47471,47517,47471,47513
2025-11-03T13:45:00-05:00,47512,47518,47472,47500
2025-11-03T14:00:00-05:00,47501,47524,47473,47498
2025-11-03T14:15:00-05:00,47497,47544,47495,47528
2025-11-03T14:30:00-05:00,47528,47545,47472,47503
2025-11-03T14:45:00-05:00,47503,47512,47467,47477
2025-11-03T15:00:00-05:00,47477,47503,47458,47482
2025-11-03T15:15:00-05:00,47481,47500,47476,47488
2025-11-03T15:30:00-05:00,47489,47490,47451,47477
2025-11-03T15:45:00-05:00,47476,47491,47422,47488
2025-11-03T16:00:00-05:00,47488,47491,47454,47474
2025-11-03T16:15:00-05:00,47474,47478,47444,47447
2025-11-03T16:30:00-05:00,47448,47451,47437,47438
2025-11-03T16:45:00-05:00,47437,47457,47436,47456
2025-11-03T18:00:00-05:00,47456,47463,47433,47435
2025-11-03T18:15:00-05:00,47430,47444,47425,47442
2025-11-03T18:30:00-05:00,47437,47438,47412,47415
2025-11-03T18:45:00-05:00,47412,47430,47406,47418
2025-11-03T19:00:00-05:00,47418,47418,47393,47404
2025-11-03T19:15:00-05:00,47403,47409,47371,47385
2025-11-03T19:30:00-05:00,47382,47413,47382,47406
2025-11-03T19:45:00-05:00,47405,47423,47403,47420
2025-11-03T20:00:00-05:00,47422,47425,47401,47405
2025-11-03T20:15:00-05:00,47405,47425,47395,47405
2025-11-03T20:30:00-05:00,47402,47402,47375,47389
2025-11-03T20:45:00-05:00,47390,47412,47375,47398
2025-11-03T21:00:00-05:00,47394,47402,47375,47390
2025-11-03T21:15:00-05:00,47387,47393,47372,47376
2025-11-03T21:30:00-05:00,47376,47381,47354,47358
2025-11-03T21:45:00-05:00,47357,47372,47327,47330
2025-11-03T22:00:00-05:00,47328,47384,47327,47372
2025-11-03T22:15:00-05:00,47374,47374,47349,47364
2025-11-03T22:30:00-05:00,47363,47373,47343,47362
2025-11-03T22:45:00-05:00,47362,47362,47344,47345
2025-11-03T23:00:00-05:00,47344,47354,47324,47325
2025-11-03T23:15:00-05:00,47328,47329,47299,47313
2025-11-03T23:30:00-05:00,47313,47321,47295,47300
2025-11-03T23:45:00-05:00,47300,47313,47296,47307
2025-11-04T00:00:00-05:00,47307,47311,47283,47297
2025-11-04T00:15:00-05:00,47299,47301,47269,47269
2025-11-04T00:30:00-05:00,47270,47294,47236,47236
2025-11-04T00:45:00-05:00,47240,47261,47211,47230
2025-11-04T01:00:00-05:00,47231,47248,47168,47207
2025-11-04T01:15:00-05:00,47204,47220,47171,47179
2025-11-04T01:30:00-05:00,47178,47218,47154,47185
2025-11-04T01:45:00-05:00,47183,47212,47178,47182
2025-11-04T02:00:00-05:00,47180,47181,47126,47154
2025-11-04T02:15:00-05:00,47155,47198,47133,47172
2025-11-04T02:30:00-05:00,47170,47198,47145,47159
2025-11-04T02:45:00-05:00,47160,47181,47148,47161
2025-11-04T03:00:00-05:00,47161,47161,47063,47067
2025-11-04T03:15:00-05:00,47068,47139,47059,47118
2025-11-04T03:30:00-05:00,47115,47132,47091,47111
2025-11-04T03:45:00-05:00,47116,47136,47091,47128
2025-11-04T04:00:00-05:00,47129,47139,47097,47121
2025-11-04T04:15:00-05:00,47118,47125,47060,47065
2025-11-04T04:30:00-05:00,47065,47094,47053,47056
2025-11-04T04:45:00-05:00,47058,47071,46999,47004
2025-11-04T05:00:00-05:00,47003,47016,46976,47004
2025-11-04T05:15:00-05:00,47001,47067,46997,47060
2025-11-04T05:30:00-05:00,47059,47119,47059,47117
2025-11-04T05:45:00-05:00,47118,47143,47114,47137
2025-11-04T06:00:00-05:00,47139,47145,47120,47135
2025-11-04T06:15:00-05:00,47138,47154,47132,47145
2025-11-04T06:30:00-05:00,47143,47165,47128,47155
2025-11-04T06:45:00-05:00,47154,47158,47134,47139
2025-11-04T07:00:00-05:00,47142,47142,47105,47133
2025-11-04T07:15:00-05:00,47132,47195,47132,47195
2025-11-04T07:30:00-05:00,47195,47206,47172,47175
2025-11-04T07:45:00-05:00,47174,47218,47167,47190
2025-11-04T08:00:00-05:00,47187,47201,47172,47188
2025-11-04T08:15:00-05:00,47187,47201,47170,47175
2025-11-04T08:30:00-05:00,47176,47209,47150,47189
2025-11-04T08:45:00-05:00,47189,47224,47170,47208
2025-11-04T09:00:00-05:00,47207,47212,47162,47180
2025-11-04T09:15:00-05:00,47180,47214,47161,47173
2025-11-04T09:30:00-05:00,47174,47205,47008,47184
2025-11-04T09:45:00-05:00,47182,47279,47162,47273
2025-11-04T10:00:00-05:00,47275,47374,47274,47357
2025-11-04T10:15:00-05:00,47356,47393,47338,47378
2025-11-04T10:30:00-05:00,47377,47404,47345,47362
2025-11-04T10:45:00-05:00,47362,47364,47282,47318
2025-11-04T11:00:00-05:00,47318,47356,47265,47282
2025-11-04T11:15:00-05:00,47281,47316,47258,47307
2025-11-04T11:30:00-05:00,47306,47329,47276,47299
2025-11-04T11:45:00-05:00,47298,47346,47272,47346
2025-11-04T12:00:00-05:00,47344,47344,47265,47267
2025-11-04T12:15:00-05:00,47268,47284,47185,47242
2025-11-04T12:30:00-05:00,47241,47256,47170,47189
2025-11-04T12:45:00-05:00,47190,47278,47168,47183
2025-11-04T13:00:00-05:00,47179,47199,47158,47198
2025-11-04T13:15:00-05:00,47197,47228,47151,47170
2025-11-04T13:30:00-05:00,47166,47193,47125,47178
2025-11-04T13:45:00-05:00,47177,47191,47147,47172
2025-11-04T14:00:00-05:00,47170,47223,47156,47188
2025-11-04T14:15:00-05:00,47188,47213,47176,47199
2025-11-04T14:30:00-05:00,47197,47201,47106,47131
2025-11-04T14:45:00-05:00,47132,47167,47121,47146
2025-11-04T15:00:00-05:00,47146,47218,47138,47212
2025-11-04T15:15:00-05:00,47212,47228,47176,47228
2025-11-04T15:30:00-05:00,47229,47263,47189,47256
2025-11-04T15:45:00-05:00,47257,47272,47175,47222
2025-11-04T16:00:00-05:00,47221,47324,47208,47284
2025-11-04T16:15:00-05:00,47283,47293,47248,47260
2025-11-04T16:30:00-05:00,47261,47306,47255,47295
2025-11-04T16:45:00-05:00,47291,47297,47269,47297
2025-11-04T18:00:00-05:00,47276,47328,47260,47275
2025-11-04T18:15:00-05:00,47273,47304,47269,47281
2025-11-04T18:30:00-05:00,47284,47306,47282,47305
2025-11-04T18:45:00-05:00,47303,47304,47270,47270
2025-11-04T19:00:00-05:00,47271,47271,47206,47260
2025-11-04T19:15:00-05:00,47260,47271,47199,47205
2025-11-04T19:30:00-05:00,47204,47204,47159,47165
2025-11-04T19:45:00-05:00,47164,47179,47154,47157
2025-11-04T20:00:00-05:00,47160,47251,47126,47222
2025-11-04T20:15:00-05:00,47223,47223,47102,47117
2025-11-04T20:30:00-05:00,47116,47138,47073,47088
2025-11-04T20:45:00-05:00,47087,47122,47075,47085
2025-11-04T21:00:00-05:00,47092,47128,47081,47118
2025-11-04T21:15:00-05:00,47118,47146,47087,47102
2025-11-04T21:30:00-05:00,47102,47150,47101,47142
2025-11-04T21:45:00-05:00,47140,47176,47139,47165
2025-11-04T22:00:00-05:00,47166,47195,47163,47187
2025-11-04T22:15:00-05:00,47187,47197,47170,47188
2025-11-04T22:30:00-05:00,47190,47214,47177,47211
2025-11-04T22:45:00-05:00,47209,47258,47209,47258
2025-11-04T23:00:00-05:00,47254,47258,47226,47238
2025-11-04T23:15:00-05:00,47237,47252,47211,47240
2025-11-04T23:30:00-05:00,47243,47256,47227,47250
2025-11-04T23:45:00-05:00,47249,47249,47216,47241
2025-11-05T00:00:00-05:00,47242,47286,47242,47282
2025-11-05T00:15:00-05:00,47281,47285,47251,47273
2025-11-05T00:30:00-05:00,47272,47283,47238,47240
2025-11-05T00:45:00-05:00,47240,47255,47218,47250
2025-11-05T01:00:00-05:00,47250,47257,47222,47246
2025-11-05T01:15:00-05:00,47248,47288,47248,47284
2025-11-05T01:30:00-05:00,47284,47295,47270,47285
2025-11-05T01:45:00-05:00,47280,47288,47273,47286
2025-11-05T02:00:00-05:00,47285,47288,47243,47249
2025-11-05T02:15:00-05:00,47250,47264,47241,47261
2025-11-05T02:30:00-05:00,47259,47264,47238,47261
2025-11-05T02:45:00-05:00,47260,47270,47235,47238
2025-11-05T03:00:00-05:00,47237,47282,47211,47276
2025-11-05T03:15:00-05:00,47273,47285,47247,47273
2025-11-05T03:30:00-05:00,47276,47302,47273,47295
2025-11-05T03:45:00-05:00,47300,47310,47283,47283
2025-11-05T04:00:00-05:00,47285,47288,47231,47235
2025-11-05T04:15:00-05:00,47234,47246,47219,47242
2025-11-05T04:30:00-05:00,47242,47254,47217,47235
2025-11-05T04:45:00-05:00,47229,47240,47220,47232
2025-11-05T05:00:00-05:00,47228,47267,47208,47220
2025-11-05T05:15:00-05:00,47223,47237,47219,47226
2025-11-05T05:30:00-05:00,47223,47236,47213,47224
2025-11-05T05:45:00-05:00,47221,47223,47150,47153
2025-11-05T06:00:00-05:00,47150,47183,47141,47175
2025-11-05T06:15:00-05:00,47173,47209,47173,47205
2025-11-05T06:30:00-05:00,47201,47223,47184,47219
2025-11-05T06:45:00-05:00,47218,47242,47216,47221
2025-11-05T07:00:00-05:00,47222,47222,47157,47190
2025-11-05T07:15:00-05:00,47189,47231,47187,47220
2025-11-05T07:30:00-05:00,47219,47238,47209,47228
2025-11-05T07:45:00-05:00,47223,47228,47196,47225
2025-11-05T08:00:00-05:00,47223,47234,47209,47213
2025-11-05T08:15:00-05:00,47217,47252,47205,47251
2025-11-05T08:30:00-05:00,47251,47263,47221,47258
2025-11-05T08:45:00-05:00,47260,47267,47243,47258
2025-11-05T09:00:00-05:00,47258,47290,47243,47280
2025-11-05T09:15:00-05:00,47280,47280,47209,47209
2025-11-05T09:30:00-05:00,47208,47305,47162,47163
2025-11-05T09:45:00-05:00,47163,47388,47161,47347
2025-11-05T10:00:00-05:00,47347,47393,47248,47313
2025-11-05T10:15:00-05:00,47313,47340,47234,47293
2025-11-05T10:30:00-05:00,47294,47324,47252,47266
2025-11-05T10:45:00-05:00,47267,47281,47201,47260
2025-11-05T11:00:00-05:00,47262,47267,47169,47179
2025-11-05T11:15:00-05:00,47181,47264,47164,47249
2025-11-05T11:30:00-05:00,47248,47322,47245,47309
2025-11-05T11:45:00-05:00,47308,47392,47298,47365
2025-11-05T12:00:00-05:00,47367,47457,47358,47436
2025-11-05T12:15:00-05:00,47437,47525,47430,47521
2025-11-05T12:30:00-05:00,47520,47583,47513,47541
2025-11-05T12:45:00-05:00,47540,47542,47481,47499
2025-11-05T13:00:00-05:00,47495,47527,47479,47509
2025-11-05T13:15:00-05:00,47507,47529,47482,47505
2025-11-05T13:30:00-05:00,47503,47536,47484,47491
2025-11-05T13:45:00-05:00,47490,47504,47483,47496
2025-11-05T14:00:00-05:00,47494,47510,47458,47509
2025-11-05T14:15:00-05:00,47510,47537,47492,47495
2025-11-05T14:30:00-05:00,47493,47517,47485,47497
2025-11-05T14:45:00-05:00,47499,47508,47485,47492
2025-11-05T15:00:00-05:00,47491,47527,47490,47519
2025-11-05T15:15:00-05:00,47519,47525,47490,47493
2025-11-05T15:30:00-05:00,47493,47560,47493,47541
2025-11-05T15:45:00-05:00,47540,47549,47423,47433
2025-11-05T16:00:00-05:00,47433,47481,47413,47442
2025-11-05T16:15:00-05:00,47441,47466,47435,47459
2025-11-05T16:30:00-05:00,47460,47476,47459,47463
2025-11-05T16:45:00-05:00,47464,47481,47462,47471
2025-11-05T18:00:00-05:00,47450,47464,47421,47447
2025-11-05T18:15:00-05:00,47454,47464,47430,47443
2025-11-05T18:30:00-05:00,47449,47478,47442,47476
2025-11-05T18:45:00-05:00,47475,47494,47459,47490
2025-11-05T19:00:00-05:00,47489,47489,47436,47447
2025-11-05T19:15:00-05:00,47449,47457,47369,47395
2025-11-05T19:30:00-05:00,47395,47439,47395,47424
2025-11-05T19:45:00-05:00,47423,47437,47411,47430
2025-11-05T20:00:00-05:00,47425,47425,47379,47399
2025-11-05T20:15:00-05:00,47400,47417,47360,47371
2025-11-05T20:30:00-05:00,47376,47409,47376,47406
2025-11-05T20:45:00-05:00,47407,47418,47388,47391
2025-11-05T21:00:00-05:00,47390,47392,47353,47366
2025-11-05T21:15:00-05:00,47366,47388,47363,47377
2025-11-05T21:30:00-05:00,47382,47408,47375,47399
2025-11-05T21:45:00-05:00,47399,47416,47389,47415
2025-11-05T22:00:00-05:00,47414,47421,47409,47413
2025-11-05T22:15:00-05:00,47413,47420,47387,47397
2025-11-05T22:30:00-05:00,47399,47417,47390,47415
2025-11-05T22:45:00-05:00,47414,47422,47390,47411
2025-11-05T23:00:00-05:00,47410,47418,47396,47416
2025-11-05T23:15:00-05:00,47419,47432,47417,47429
2025-11-05T23:30:00-05:00,47429,47437,47422,47431
2025-11-05T23:45:00-05:00,47430,47434,47417,47431
2025-11-06T00:00:00-05:00,47431,47433,47415,47423
2025-11-06T00:15:00-05:00,47424,47436,47417,47422
2025-11-06T00:30:00-05:00,47422,47427,47394,47394
2025-11-06T00:45:00-05:00,47396,47399,47386,47392
2025-11-06T01:00:00-05:00,47390,47411,47386,47398
2025-11-06T01:15:00-05:00,47403,47411,47382,47388
2025-11-06T01:30:00-05:00,47387,47410,47377,47399
2025-11-06T01:45:00-05:00,47398,47412,47382,47383
2025-11-06T02:00:00-05:00,47383,47389,47375,47382
2025-11-06T02:15:00-05:00,47384,47410,47368,47390
2025-11-06T02:30:00-05:00,47387,47390,47342,47359
2025-11-06T02:45:00-05:00,47361,47374,47348,47351
2025-11-06T03:00:00-05:00,47351,47354,47308,47335
2025-11-06T03:15:00-05:00,47335,47341,47308,47326
2025-11-06T03:30:00-05:00,47332,47343,47311,47337
2025-11-06T03:45:00-05:00,47339,47369,47324,47363
2025-11-06T04:00:00-05:00,47360,47385,47349,47377
2025-11-06T04:15:00-05:00,47378,47410,47373,47407
2025-11-06T04:30:00-05:00,47403,47416,47398,47416
2025-11-06T04:45:00-05:00,47417,47428,47403,47407
2025-11-06T05:00:00-05:00,47407,47416,47400,47415
2025-11-06T05:15:00-05:00,47414,47442,47410,47437
2025-11-06T05:30:00-05:00,47437,47446,47425,47431
2025-11-06T05:45:00-05:00,47430,47431,47412,47418
2025-11-06T06:00:00-05:00,47419,47428,47412,47416
2025-11-06T06:15:00-05:00,47416,47432,47413,47421
2025-11-06T06:30:00-05:00,47421,47442,47404,47436
2025-11-06T06:45:00-05:00,47430,47436,47415,47419
2025-11-06T07:00:00-05:00,47416,47454,47412,47443
2025-11-06T07:15:00-05:00,47443,47456,47422,47439
2025-11-06T07:30:00-05:00,47438,47462,47433,47460
2025-11-06T07:45:00-05:00,47461,47468,47453,47461
2025-11-06T08:00:00-05:00,47462,47480,47459,47474
2025-11-06T08:15:00-05:00,47470,47482,47461,47482
2025-11-06T08:30:00-05:00,47485,47495,47463,47466
2025-11-06T08:45:00-05:00,47466,47475,47432,47435
2025-11-06T09:00:00-05:00,47434,47450,47366,47391
2025-11-06T09:15:00-05:00,47392,47392,47300,47324
2025-11-06T09:30:00-05:00,47325,47463,47310,47321
2025-11-06T09:45:00-05:00,47321,47365,47151,47156
2025-11-06T10:00:00-05:00,47154,47184,47048,47119
2025-11-06T10:15:00-05:00,47121,47268,47104,47220
2025-11-06T10:30:00-05:00,47221,47244,47015,47020
2025-11-06T10:45:00-05:00,47019,47111,47007,47066
2025-11-06T11:00:00-05:00,47065,47094,47004,47023
2025-11-06T11:15:00-05:00,47022,47054,46942,47009
2025-11-06T11:30:00-05:00,47008,47009,46918,46952
2025-11-06T11:45:00-05:00,46950,46996,46894,46899
2025-11-06T12:00:00-05:00,46898,47023,46898,46966
2025-11-06T12:15:00-05:00,46964,46980,46901,46943
2025-11-06T12:30:00-05:00,46937,47011,46927,47009
2025-11-06T12:45:00-05:00,47009,47058,46991,47006
2025-11-06T13:00:00-05:00,47004,47023,46900,46936
2025-11-06T13:15:00-05:00,46934,47025,46920,47007
2025-11-06T13:30:00-05:00,47007,47111,47007,47095
2025-11-06T13:45:00-05:00,47097,47126,47060,47098
2025-11-06T14:00:00-05:00,47096,47162,47081,47146
2025-11-06T14:15:00-05:00,47146,47184,47123,47178
2025-11-06T14:30:00-05:00,47177,47200,47116,47157
2025-11-06T14:45:00-05:00,47157,47191,47125,47164
2025-11-06T15:00:00-05:00,47162,47178,47131,47171
2025-11-06T15:15:00-05:00,47174,47207,47148,47150
2025-11-06T15:30:00-05:00,47155,47171,47100,47103
2025-11-06T15:45:00-05:00,47103,47110,47001,47040
2025-11-06T16:00:00-05:00,47040,47083,47034,47081
2025-11-06T16:15:00-05:00,47082,47092,47063,47086
2025-11-06T16:30:00-05:00,47086,47121,47086,47115
2025-11-06T16:45:00-05:00,47117,47132,47095,47098
2025-11-06T18:00:00-05:00,47100,47121,47079,47089
2025-11-06T18:15:00-05:00,47088,47120,47088,47118
2025-11-06T18:30:00-05:00,47117,47140,47107,47140
2025-11-06T18:45:00-05:00,47138,47149,47119,47125
2025-11-06T19:00:00-05:00,47119,47159,47091,47118
2025-11-06T19:15:00-05:00,47117,47131,47100,47123
2025-11-06T19:30:00-05:00,47126,47152,47123,47147
2025-11-06T19:45:00-05:00,47146,47150,47120,47121
2025-11-06T20:00:00-05:00,47122,47123,47045,47081
2025-11-06T20:15:00-05:00,47082,47089,47047,47048
2025-11-06T20:30:00-05:00,47048,47082,47013,47058
2025-11-06T20:45:00-05:00,47056,47077,47053,47069
2025-11-06T21:00:00-05:00,47072,47075,47032,47035
2025-11-06T21:15:00-05:00,47036,47053,47021,47022
2025-11-06T21:30:00-05:00,47023,47055,47022,47042
2025-11-06T21:45:00-05:00,47043,47064,47043,47063
2025-11-06T22:00:00-05:00,47062,47070,47022,47029
2025-11-06T22:15:00-05:00,47034,47043,47017,47031
2025-11-06T22:30:00-05:00,47028,47034,47019,47019
2025-11-06T22:45:00-05:00,47021,47029,46998,47025
2025-11-06T23:00:00-05:00,47026,47026,46974,47013
2025-11-06T23:15:00-05:00,47015,47056,47015,47045
2025-11-06T23:30:00-05:00,47044,47050,47034,47042
2025-11-06T23:45:00-05:00,47042,47065,47037,47061
2025-11-07T00:00:00-05:00,47057,47089,47055,47081
2025-11-07T00:15:00-05:00,47080,47091,47069,47073
2025-11-07T00:30:00-05:00,47072,47110,47071,47103
2025-11-07T00:45:00-05:00,47104,47122,47095,47115
2025-11-07T01:00:00-05:00,47115,47124,47105,47110
2025-11-07T01:15:00-05:00,47112,47122,47108,47115
2025-11-07T01:30:00-05:00,47113,47124,47102,47120
2025-11-07T01:45:00-05:00,47122,47129,47101,47117
2025-11-07T02:00:00-05:00,47119,47132,47104,47124
2025-11-07T02:15:00-05:00,47124,47142,47107,47116
2025-11-07T02:30:00-05:00,47118,47133,47117,47130
2025-11-07T02:45:00-05:00,47128,47143,47124,47130
2025-11-07T03:00:00-05:00,47129,47143,47120,47135
2025-11-07T03:15:00-05:00,47138,47139,47067,47077
2025-11-07T03:30:00-05:00,47082,47092,47061,47078
2025-11-07T03:45:00-05:00,47084,47097,47080,47094
2025-11-07T04:00:00-05:00,47093,47111,47052,47104
2025-11-07T04:15:00-05:00,47106,47122,47061,47069
2025-11-07T04:30:00-05:00,47068,47083,47031,47041
2025-11-07T04:45:00-05:00,47045,47056,47022,47043
2025-11-07T05:00:00-05:00,47042,47061,47002,47003
2025-11-07T05:15:00-05:00,47003,47004,46972,46994
2025-11-07T05:30:00-05:00,46994,47025,46993,47005
2025-11-07T05:45:00-05:00,47004,47019,46993,47006
2025-11-07T06:00:00-05:00,47006,47008,46911,46912
2025-11-07T06:15:00-05:00,46909,46936,46881,46901
2025-11-07T06:30:00-05:00,46902,46911,46865,46897
2025-11-07T06:45:00-05:00,46902,46974,46901,46969
2025-11-07T07:00:00-05:00,46971,46971,46933,46942
2025-11-07T07:15:00-05:00,46944,46958,46904,46916
2025-11-07T07:30:00-05:00,46917,46917,46888,46892
2025-11-07T07:45:00-05:00,46893,46894,46846,46859
2025-11-07T08:00:00-05:00,46859,46917,46834,46909
2025-11-07T08:15:00-05:00,46908,46931,46891,46900
2025-11-07T08:30:00-05:00,46896,46920,46891,46903
2025-11-07T08:45:00-05:00,46902,46940,46899,46912
2025-11-07T09:00:00-05:00,46909,46917,46870,46875
2025-11-07T09:15:00-05:00,46876,46943,46858,46919
2025-11-07T09:30:00-05:00,46918,46920,46741,46819
2025-11-07T09:45:00-05:00,46819,46935,46804,46911
2025-11-07T10:00:00-05:00,46909,46951,46793,46947
2025-11-07T10:15:00-05:00,46947,46976,46855,46901
2025-11-07T10:30:00-05:00,46901,46949,46833,46840
2025-11-07T10:45:00-05:00,46841,46867,46789,46793
2025-11-07T11:00:00-05:00,46791,46815,46720,46721
2025-11-07T11:15:00-05:00,46720,46751,46684,46688
2025-11-07T11:30:00-05:00,46687,46735,46671,46725
2025-11-07T11:45:00-05:00,46725,46740,46611,46646
2025-11-07T12:00:00-05:00,46647,46669,46574,46667
2025-11-07T12:15:00-05:00,46666,46755,46654,46708
2025-11-07T12:30:00-05:00,46706,46729,46657,46691
2025-11-07T12:45:00-05:00,46685,46757,46633,46753
2025-11-07T13:00:00-05:00,46754,46800,46735,46781
2025-11-07T13:15:00-05:00,46784,46839,46753,46810
2025-11-07T13:30:00-05:00,46808,46832,46781,46822
2025-11-07T13:45:00-05:00,46827,46848,46744,46827
2025-11-07T14:00:00-05:00,46828,46852,46804,46848
2025-11-07T14:15:00-05:00,46847,46882,46842,46874
2025-11-07T14:30:00-05:00,46876,47062,46876,47037
2025-11-07T14:45:00-05:00,47037,47068,46983,47059
2025-11-07T15:00:00-05:00,47058,47062,46982,47018
2025-11-07T15:15:00-05:00,47019,47034,46936,46981
2025-11-07T15:30:00-05:00,46979,47044,46979,47038
2025-11-07T15:45:00-05:00,47041,47094,46970,47080
2025-11-07T16:00:00-05:00,47080,47152,47079,47129
2025-11-07T16:15:00-05:00,47129,47146,47113,47119
2025-11-07T16:30:00-05:00,47120,47141,47120,47129
2025-11-07T16:45:00-05:00,47133,47157,47132,47155
2025-11-09T18:00:00-05:00,47208,47345,47196,47248
2025-11-09T18:15:00-05:00,47250,47250,47212,47212
2025-11-09T18:30:00-05:00,47214,47240,47210,47211
2025-11-09T18:45:00-05:00,47210,47250,47209,47226
2025-11-09T19:00:00-05:00,47225,47225,47169,47209
2025-11-09T19:15:00-05:00,47211,47228,47196,47209
2025-11-09T19:30:00-05:00,47207,47225,47190,47193
2025-11-09T19:45:00-05:00,47195,47224,47183,47208
2025-11-09T20:00:00-05:00,47205,47207,47158,47178
2025-11-09T20:15:00-05:00,47177,47200,47166,47173
2025-11-09T20:30:00-05:00,47171,47172,47150,47151
2025-11-09T20:45:00-05:00,47149,47187,47145,47184
2025-11-09T21:00:00-05:00,47183,47195,47172,47185
2025-11-09T21:15:00-05:00,47187,47195,47185,47188
2025-11-09T21:30:00-05:00,47190,47204,47189,47191
2025-11-09T21:45:00-05:00,47193,47208,47177,47177
2025-11-09T22:00:00-05:00,47178,47202,47177,47180
2025-11-09T22:15:00-05:00,47179,47193,47167,47174
2025-11-09T22:30:00-05:00,47174,47182,47149,47156
2025-11-09T22:45:00-05:00,47156,47161,47145,47145
2025-11-09T23:00:00-05:00,47145,47173,47144,47162
2025-11-09T23:15:00-05:00,47161,47167,47152,47163
2025-11-09T23:30:00-05:00,47160,47168,47150,47167
2025-11-09T23:45:00-05:00,47167,47177,47155,47159
2025-11-10T00:00:00-05:00,47160,47212,47158,47210
2025-11-10T00:15:00-05:00,47209,47215,47191,47193
2025-11-10T00:30:00-05:00,47193,47194,47176,47190
2025-11-10T00:45:00-05:00,47189,47195,47175,47191
2025-11-10T01:00:00-05:00,47186,47208,47183,47188
2025-11-10T01:15:00-05:00,47190,47202,47180,47189
2025-11-10T01:30:00-05:00,47188,47205,47182,47191
2025-11-10T01:45:00-05:00,47189,47207,47163,47164
2025-11-10T02:00:00-05:00,47166,47178,47143,47173
2025-11-10T02:15:00-05:00,47172,47180,47159,47161
2025-11-10T02:30:00-05:00,47164,47183,47160,47172
2025-11-10T02:45:00-05:00,47171,47182,47166,47170
2025-11-10T03:00:00-05:00,47171,47178,47146,47147
2025-11-10T03:15:00-05:00,47146,47192,47137,47189
2025-11-10T03:30:00-05:00,47188,47224,47184,47211
2025-11-10T03:45:00-05:00,47210,47235,47209,47235
2025-11-10T04:00:00-05:00,47234,47261,47233,47258
2025-11-10T04:15:00-05:00,47257,47302,47253,47275
2025-11-10T04:30:00-05:00,47273,47281,47260,47275
2025-11-10T04:45:00-05:00,47274,47296,47273,47287
2025-11-10T05:00:00-05:00,47288,47292,47277,47284
2025-11-10T05:15:00-05:00,47283,47297,47281,47286
2025-11-10T05:30:00-05:00,47286,47303,47284,47295
2025-11-10T05:45:00-05:00,47295,47299,47277,47281
2025-11-10T06:00:00-05:00,47282,47298,47260,47267
2025-11-10T06:15:00-05:00,47264,47273,47245,47259
2025-11-10T06:30:00-05:00,47255,47278,47253,47278
2025-11-10T06:45:00-05:00,47280,47293,47271,47293
2025-11-10T07:00:00-05:00,47293,47307,47272,47276
2025-11-10T07:15:00-05:00,47275,47283,47264,47265
2025-11-10T07:30:00-05:00,47265,47277,47249,47266
2025-11-10T07:45:00-05:00,47263,47274,47243,47257
2025-11-10T08:00:00-05:00,47258,47271,47247,47252
2025-11-10T08:15:00-05:00,47252,47266,47251,47264
2025-11-10T08:30:00-05:00,47262,47270,47253,47256
2025-11-10T08:45:00-05:00,47258,47277,47239,47274
2025-11-10T09:00:00-05:00,47275,47275,47248,47248
2025-11-10T09:15:00-05:00,47249,47295,47242,47271
2025-11-10T09:30:00-05:00,47274,47421,47250,47344
2025-11-10T09:45:00-05:00,47346,47363,47220,47222
2025-11-10T10:00:00-05:00,47223,47289,47208,47255
2025-11-10T10:15:00-05:00,47258,47269,47192,47245
2025-11-10T10:30:00-05:00,47246,47247,47146,47156
2025-11-10T10:45:00-05:00,47155,47177,47091,47101
2025-11-10T11:00:00-05:00,47100,47141,47031,47123
2025-11-10T11:15:00-05:00,47121,47132,47048,47050
2025-11-10T11:30:00-05:00,47051,47101,47035,47098
2025-11-10T11:45:00-05:00,47098,47144,47076,47142
2025-11-10T12:00:00-05:00,47139,47221,47129,47156
2025-11-10T12:15:00-05:00,47157,47213,47138,47200
2025-11-10T12:30:00-05:00,47201,47270,47200,47260
2025-11-10T12:45:00-05:00,47261,47338,47260,47323
2025-11-10T13:00:00-05:00,47325,47338,47315,47324
2025-11-10T13:15:00-05:00,47327,47356,47321,47334
2025-11-10T13:30:00-05:00,47335,47389,47335,47372
2025-11-10T13:45:00-05:00,47375,47400,47365,47389
2025-11-10T14:00:00-05:00,47390,47436,47389,47399
2025-11-10T14:15:00-05:00,47398,47449,47391,47441
2025-11-10T14:30:00-05:00,47441,47452,47413,47447
2025-11-10T14:45:00-05:00,47446,47504,47442,47468
2025-11-10T15:00:00-05:00,47466,47510,47465,47507
2025-11-10T15:15:00-05:00,47506,47507,47432,47446
2025-11-10T15:30:00-05:00,47445,47493,47432,47460
2025-11-10T15:45:00-05:00,47458,47498,47446,47462
2025-11-10T16:00:00-05:00,47462,47508,47451,47505
2025-11-10T16:15:00-05:00,47506,47511,47495,47495
2025-11-10T16:30:00-05:00,47497,47497,47483,47493
2025-11-10T16:45:00-05:00,47492,47492,47457,47458
2025-11-10T18:00:00-05:00,47455,47471,47446,47455
2025-11-10T18:15:00-05:00,47457,47469,47447,47463
2025-11-10T18:30:00-05:00,47466,47466,47448,47465
2025-11-10T18:45:00-05:00,47460,47496,47460,47494
2025-11-10T19:00:00-05:00,47489,47519,47474,47498
2025-11-10T19:15:00-05:00,47491,47491,47474,47491
2025-11-10T19:30:00-05:00,47491,47501,47482,47487
2025-11-10T19:45:00-05:00,47488,47490,47466,47476
2025-11-10T20:00:00-05:00,47483,47485,47465,47474
2025-11-10T20:15:00-05:00,47472,47488,47469,47472
2025-11-10T20:30:00-05:00,47472,47479,47455,47471
2025-11-10T20:45:00-05:00,47473,47475,47460,47471
2025-11-10T21:00:00-05:00,47470,47497,47454,47479
2025-11-10T21:15:00-05:00,47479,47494,47469,47479
2025-11-10T21:30:00-05:00,47481,47507,47470,47490
2025-11-10T21:45:00-05:00,47487,47491,47469,47478
2025-11-10T22:00:00-05:00,47479,47497,47474,47487
2025-11-10T22:15:00-05:00,47485,47491,47478,47482
2025-11-10T22:30:00-05:00,47481,47486,47471,47482
2025-11-10T22:45:00-05:00,47487,47504,47482,47498
2025-11-10T23:00:00-05:00,47495,47495,47463,47478
2025-11-10T23:15:00-05:00,47477,47486,47470,47485
2025-11-10T23:30:00-05:00,47485,47490,47477,47480
2025-11-10T23:45:00-05:00,47479,47481,47461,47468
2025-11-11T00:00:00-05:00,47470,47480,47454,47458
2025-11-11T00:15:00-05:00,47458,47476,47456,47476
2025-11-11T00:30:00-05:00,47477,47483,47462,47470
2025-11-11T00:45:00-05:00,47470,47482,47465,47465
2025-11-11T01:00:00-05:00,47467,47490,47463,47480
2025-11-11T01:15:00-05:00,47480,47488,47478,47481
2025-11-11T01:30:00-05:00,47482,47491,47476,47477
2025-11-11T01:45:00-05:00,47476,47479,47460,47475
2025-11-11T02:00:00-05:00,47474,47484,47463,47478
2025-11-11T02:15:00-05:00,47478,47482,47467,47472
2025-11-11T02:30:00-05:00,47471,47480,47464,47464
2025-11-11T02:45:00-05:00,47468,47468,47437,47441
2025-11-11T03:00:00-05:00,47440,47455,47435,47448
2025-11-11T03:15:00-05:00,47450,47456,47422,47424
2025-11-11T03:30:00-05:00,47429,47435,47413,47427
2025-11-11T03:45:00-05:00,47422,47434,47416,47417
2025-11-11T04:00:00-05:00,47422,47432,47413,47430
2025-11-11T04:15:00-05:00,47431,47439,47423,47439
2025-11-11T04:30:00-05:00,47440,47445,47419,47425
2025-11-11T04:45:00-05:00,47425,47447,47423,47433
2025-11-11T05:00:00-05:00,47431,47445,47425,47444
2025-11-11T05:15:00-05:00,47443,47457,47440,47454
2025-11-11T05:30:00-05:00,47456,47459,47440,47454
2025-11-11T05:45:00-05:00,47454,47466,47451,47459
2025-11-11T06:00:00-05:00,47461,47475,47456,47475
2025-11-11T06:15:00-05:00,47475,47475,47459,47464
2025-11-11T06:30:00-05:00,47458,47478,47458,47470
2025-11-11T06:45:00-05:00,47471,47481,47464,47480
2025-11-11T07:00:00-05:00,47480,47495,47461,47487
2025-11-11T07:15:00-05:00,47488,47489,47469,47478
2025-11-11T07:30:00-05:00,47478,47486,47468,47485
2025-11-11T07:45:00-05:00,47483,47491,47470,47478
2025-11-11T08:00:00-05:00,47480,47504,47473,47502
2025-11-11T08:15:00-05:00,47503,47503,47457,47469
2025-11-11T08:30:00-05:00,47468,47508,47468,47481
2025-11-11T08:45:00-05:00,47479,47494,47477,47489
2025-11-11T09:00:00-05:00,47490,47497,47474,47494
2025-11-11T09:15:00-05:00,47496,47524,47481,47510
2025-11-11T09:30:00-05:00,47510,47589,47483,47534
2025-11-11T09:45:00-05:00,47536,47594,47498,47585
2025-11-11T10:00:00-05:00,47581,47593,47494,47531
2025-11-11T10:15:00-05:00,47533,47635,47504,47628
2025-11-11T10:30:00-05:00,47628,47656,47592,47627
2025-11-11T10:45:00-05:00,47630,47667,47613,47626
2025-11-11T11:00:00-05:00,47633,47674,47610,47662
2025-11-11T11:15:00-05:00,47664,47720,47645,47649
2025-11-11T11:30:00-05:00,47651,47720,47624,47720
2025-11-11T11:45:00-05:00,47719,47782,47714,47771
2025-11-11T12:00:00-05:00,47771,47806,47763,47802
2025-11-11T12:15:00-05:00,47800,47859,47800,47852
2025-11-11T12:30:00-05:00,47853,47879,47837,47865
2025-11-11T12:45:00-05:00,47866,47929,47853,47924
2025-11-11T13:00:00-05:00,47923,47984,47921,47972
2025-11-11T13:15:00-05:00,47971,48026,47968,48010
2025-11-11T13:30:00-05:00,48011,48021,47963,47985
2025-11-11T13:45:00-05:00,47985,48011,47973,47973
2025-11-11T14:00:00-05:00,47972,47978,47931,47963
2025-11-11T14:15:00-05:00,47962,48029,47960,48020
2025-11-11T14:30:00-05:00,48020,48031,48002,48016
2025-11-11T14:45:00-05:00,48015,48050,48004,48034
2025-11-11T15:00:00-05:00,48034,48074,48028,48060
2025-11-11T15:15:00-05:00,48060,48064,48009,48025
2025-11-11T15:30:00-05:00,48019,48056,47994,48055
2025-11-11T15:45:00-05:00,48054,48083,48011,48038
2025-11-11T16:00:00-05:00,48038,48073,48025,48071
2025-11-11T16:15:00-05:00,48070,48079,48056,48061
2025-11-11T16:30:00-05:00,48062,48069,48057,48069
2025-11-11T16:45:00-05:00,48066,48070,48044,48050
2025-11-11T18:00:00-05:00,48039,48053,48018,48032
2025-11-11T18:15:00-05:00,48031,48046,48022,48035
2025-11-11T18:30:00-05:00,48037,48048,48029,48046
2025-11-11T18:45:00-05:00,48045,48053,48031,48032
2025-11-11T19:00:00-05:00,48032,48054,48026,48036
2025-11-11T19:15:00-05:00,48037,48069,48034,48055
2025-11-11T19:30:00-05:00,48056,48062,48049,48055
2025-11-11T19:45:00-05:00,48058,48065,48047,48051
2025-11-11T20:00:00-05:00,48051,48064,48042,48056
2025-11-11T20:15:00-05:00,48053,48054,48033,48035
2025-11-11T20:30:00-05:00,48038,48053,48035,48049
2025-11-11T20:45:00-05:00,48052,48074,48049,48070
2025-11-11T21:00:00-05:00,48070,48094,48068,48081
2025-11-11T21:15:00-05:00,48081,48090,48077,48078
2025-11-11T21:30:00-05:00,48079,48079,48060,48069
2025-11-11T21:45:00-05:00,48066,48066,48045,48056
2025-11-11T22:00:00-05:00,48057,48059,48040,48047
2025-11-11T22:15:00-05:00,48048,48060,48041,48051
2025-11-11T22:30:00-05:00,48053,48067,48049,48061
2025-11-11T22:45:00-05:00,48059,48064,48056,48056
2025-11-11T23:00:00-05:00,48055,48061,48038,48056
2025-11-11T23:15:00-05:00,48055,48063,48049,48055
2025-11-11T23:30:00-05:00,48052,48064,48048,48057
2025-11-11T23:45:00-05:00,48056,48065,48055,48062
2025-11-12T00:00:00-05:00,48064,48075,48063,48073
2025-11-12T00:15:00-05:00,48072,48072,48060,48066
2025-11-12T00:30:00-05:00,48069,48090,48066,48087
2025-11-12T00:45:00-05:00,48086,48090,48076,48078
2025-11-12T01:00:00-05:00,48078,48085,48073,48074
2025-11-12T01:15:00-05:00,48075,48087,48075,48085
2025-11-12T01:30:00-05:00,48084,48092,48079,48088
2025-11-12T01:45:00-05:00,48089,48092,48084,48088
2025-11-12T02:00:00-05:00,48088,48100,48088,48092
2025-11-12T02:15:00-05:00,48093,48097,48083,48097
2025-11-12T02:30:00-05:00,48098,48117,48096,48109
2025-11-12T02:45:00-05:00,48110,48111,48088,48091
2025-11-12T03:00:00-05:00,48092,48094,48075,48084
2025-11-12T03:15:00-05:00,48086,48113,48084,48113
2025-11-12T03:30:00-05:00,48115,48117,48092,48107
2025-11-12T03:45:00-05:00,48102,48111,48073,48079
2025-11-12T04:00:00-05:00,48079,48089,48066,48080
2025-11-12T04:15:00-05:00,48079,48098,48077,48091
2025-11-12T04:30:00-05:00,48094,48121,48093,48120
2025-11-12T04:45:00-05:00,48118,48118,48103,48108
2025-11-12T05:00:00-05:00,48107,48117,48103,48108
2025-11-12T05:15:00-05:00,48107,48112,48091,48093
2025-11-12T05:30:00-05:00,48094,48101,48082,48083
2025-11-12T05:45:00-05:00,48082,48104,48078,48094
2025-11-12T06:00:00-05:00,48095,48133,48095,48105
2025-11-12T06:15:00-05:00,48103,48108,48081,48081
2025-11-12T06:30:00-05:00,48081,48101,48067,48098
2025-11-12T06:45:00-05:00,48102,48109,48074,48079
2025-11-12T07:00:00-05:00,48078,48136,48070,48131
2025-11-12T07:15:00-05:00,48132,48153,48131,48147
2025-11-12T07:30:00-05:00,48145,48160,48128,48129
2025-11-12T07:45:00-05:00,48127,48147,48119,48147
2025-11-12T08:00:00-05:00,48146,48155,48138,48147
2025-11-12T08:15:00-05:00,48146,48154,48137,48141
2025-11-12T08:30:00-05:00,48139,48153,48128,48137
2025-11-12T08:45:00-05:00,48138,48156,48134,48144
2025-11-12T09:00:00-05:00,48145,48151,48129,48146
2025-11-12T09:15:00-05:00,48147,48168,48133,48140
2025-11-12T09:30:00-05:00,48141,48423,48140,48377
2025-11-12T09:45:00-05:00,48378,48528,48361,48518
2025-11-12T10:00:00-05:00,48516,48520,48420,48440
2025-11-12T10:15:00-05:00,48441,48492,48421,48436
2025-11-12T10:30:00-05:00,48435,48435,48365,48407
2025-11-12T10:45:00-05:00,48407,48449,48364,48410
2025-11-12T11:00:00-05:00,48409,48437,48316,48354
2025-11-12T11:15:00-05:00,48356,48396,48342,48360
2025-11-12T11:30:00-05:00,48359,48400,48337,48367
2025-11-12T11:45:00-05:00,48366,48395,48316,48352
2025-11-12T12:00:00-05:00,48358,48420,48350,48416
2025-11-12T12:15:00-05:00,48419,48441,48382,48410
2025-11-12T12:30:00-05:00,48407,48470,48394,48453
2025-11-12T12:45:00-05:00,48452,48478,48405,48438
2025-11-12T13:00:00-05:00,48437,48451,48407,48450
2025-11-12T13:15:00-05:00,48450,48457,48392,48410
2025-11-12T13:30:00-05:00,48411,48459,48407,48422
2025-11-12T13:45:00-05:00,48424,48443,48417,48425
2025-11-12T14:00:00-05:00,48426,48429,48380,48381
2025-11-12T14:15:00-05:00,48379,48390,48349,48362
2025-11-12T14:30:00-05:00,48363,48406,48337,48390
2025-11-12T14:45:00-05:00,48391,48409,48360,48376
2025-11-12T15:00:00-05:00,48374,48395,48347,48389
2025-11-12T15:15:00-05:00,48390,48426,48381,48416
2025-11-12T15:30:00-05:00,48414,48453,48398,48451
2025-11-12T15:45:00-05:00,48450,48452,48344,48371
2025-11-12T16:00:00-05:00,48371,48438,48368,48426
2025-11-12T16:15:00-05:00,48427,48427,48404,48413
2025-11-12T16:30:00-05:00,48414,48416,48402,48413
2025-11-12T16:45:00-05:00,48413,48414,48381,48385
2025-11-12T18:00:00-05:00,48385,48402,48292,48354
2025-11-12T18:15:00-05:00,48352,48362,48337,48359
2025-11-12T18:30:00-05:00,48358,48360,48325,48336
2025-11-12T18:45:00-05:00,48338,48342,48306,48330
2025-11-12T19:00:00-05:00,48335,48378,48334,48374
2025-11-12T19:15:00-05:00,48375,48388,48355,48358
2025-11-12T19:30:00-05:00,48360,48372,48341,48363
2025-11-12T19:45:00-05:00,48360,48377,48349,48370
2025-11-12T20:00:00-05:00,48371,48466,48367,48449
2025-11-12T20:15:00-05:00,48448,48458,48420,48429
2025-11-12T20:30:00-05:00,48428,48471,48428,48448
2025-11-12T20:45:00-05:00,48451,48455,48431,48441
2025-11-12T21:00:00-05:00,48441,48448,48429,48445
2025-11-12T21:15:00-05:00,48445,48457,48435,48444
2025-11-12T21:30:00-05:00,48441,48443,48421,48427
2025-11-12T21:45:00-05:00,48425,48445,48419,48430
2025-11-12T22:00:00-05:00,48431,48436,48414,48431
2025-11-12T22:15:00-05:00,48430,48474,48424,48471
2025-11-12T22:30:00-05:00,48470,48482,48455,48456
2025-11-12T22:45:00-05:00,48455,48459,48436,48450
2025-11-12T23:00:00-05:00,48448,48458,48439,48449
2025-11-12T23:15:00-05:00,48451,48459,48441,48449
2025-11-12T23:30:00-05:00,48450,48465,48449,48462
2025-11-12T23:45:00-05:00,48463,48479,48463,48477
2025-11-13T00:00:00-05:00,48474,48487,48474,48478
2025-11-13T00:15:00-05:00,48479,48489,48476,48480
2025-11-13T00:30:00-05:00,48482,48492,48474,48486
2025-11-13T00:45:00-05:00,48488,48489,48471,48478
2025-11-13T01:00:00-05:00,48479,48499,48477,48486
2025-11-13T01:15:00-05:00,48485,48494,48477,48493
2025-11-13T01:30:00-05:00,48493,48503,48488,48493
2025-11-13T01:45:00-05:00,48493,48496,48477,48480
2025-11-13T02:00:00-05:00,48479,48490,48470,48480
2025-11-13T02:15:00-05:00,48480,48494,48475,48490
2025-11-13T02:30:00-05:00,48490,48497,48469,48479
2025-11-13T02:45:00-05:00,48479,48481,48454,48456
2025-11-13T03:00:00-05:00,48457,48470,48438,48440
2025-11-13T03:15:00-05:00,48438,48471,48436,48450
2025-11-13T03:30:00-05:00,48450,48466,48442,48459
2025-11-13T03:45:00-05:00,48459,48463,48444,48460
2025-11-13T04:00:00-05:00,48458,48462,48395,48397
2025-11-13T04:15:00-05:00,48398,48406,48367,48369
2025-11-13T04:30:00-05:00,48371,48386,48354,48380
2025-11-13T04:45:00-05:00,48382,48382,48367,48374
2025-11-13T05:00:00-05:00,48372,48402,48366,48393
2025-11-13T05:15:00-05:00,48391,48413,48386,48398
2025-11-13T05:30:00-05:00,48398,48418,48391,48396
2025-11-13T05:45:00-05:00,48396,48398,48380,48388
2025-11-13T06:00:00-05:00,48386,48401,48379,48387
2025-11-13T06:15:00-05:00,48387,48390,48331,48335
2025-11-13T06:30:00-05:00,48338,48348,48300,48316
2025-11-13T06:45:00-05:00,48317,48344,48301,48340
2025-11-13T07:00:00-05:00,48340,48342,48306,48316
2025-11-13T07:15:00-05:00,48319,48334,48315,48327
2025-11-13T07:30:00-05:00,48324,48348,48314,48348
2025-11-13T07:45:00-05:00,48348,48356,48319,48328
2025-11-13T08:00:00-05:00,48328,48330,48291,48310
2025-11-13T08:15:00-05:00,48311,48318,48260,48295
2025-11-13T08:30:00-05:00,48293,48304,48221,48242
2025-11-13T08:45:00-05:00,48243,48281,48241,48271
2025-11-13T09:00:00-05:00,48271,48273,48216,48248
2025-11-13T09:15:00-05:00,48245,48264,48211,48221
2025-11-13T09:30:00-05:00,48222,48328,48210,48252
2025-11-13T09:45:00-05:00,48251,48295,48188,48231
2025-11-13T10:00:00-05:00,48231,48324,48195,48275
2025-11-13T10:15:00-05:00,48277,48308,48220,48224
2025-11-13T10:30:00-05:00,48224,48235,48097,48115
2025-11-13T10:45:00-05:00,48114,48124,47994,48032
2025-11-13T11:00:00-05:00,48032,48046,47970,47985
2025-11-13T11:15:00-05:00,47984,47996,47926,47964
2025-11-13T11:30:00-05:00,47963,48023,47853,47871
2025-11-13T11:45:00-05:00,47871,47931,47849,47918
2025-11-13T12:00:00-05:00,47916,47955,47864,47877
2025-11-13T12:15:00-05:00,47871,47948,47871,47938
2025-11-13T12:30:00-05:00,47936,47984,47896,47897
2025-11-13T12:45:00-05:00,47898,47905,47833,47845
2025-11-13T13:00:00-05:00,47847,47884,47824,47850
2025-11-13T13:15:00-05:00,47850,47857,47770,47777
2025-11-13T13:30:00-05:00,47777,47782,47675,47720
2025-11-13T13:45:00-05:00,47721,47740,47694,47718
2025-11-13T14:00:00-05:00,47717,47726,47655,47666
2025-11-13T14:15:00-05:00,47664,47745,47658,47744
2025-11-13T14:30:00-05:00,47743,47754,47613,47637
2025-11-13T14:45:00-05:00,47637,47652,47531,47603
2025-11-13T15:00:00-05:00,47603,47609,47536,47568
2025-11-13T15:15:00-05:00,47569,47590,47500,47540
2025-11-13T15:30:00-05:00,47541,47645,47515,47594
2025-11-13T15:45:00-05:00,47594,47602,47503,47556
2025-11-13T16:00:00-05:00,47556,47654,47551,47652
2025-11-13T16:15:00-05:00,47651,47662,47619,47639
2025-11-13T16:30:00-05:00,47638,47644,47598,47612
2025-11-13T16:45:00-05:00,47611,47611,47580,47591
2025-11-13T18:00:00-05:00,47592,47629,47590,47595
2025-11-13T18:15:00-05:00,47598,47638,47591,47634
2025-11-13T18:30:00-05:00,47632,47643,47611,47628
2025-11-13T18:45:00-05:00,47622,47622,47597,47606
2025-11-13T19:00:00-05:00,47607,47631,47598,47622
2025-11-13T19:15:00-05:00,47622,47643,47616,47638
2025-11-13T19:30:00-05:00,47638,47644,47615,47629
2025-11-13T19:45:00-05:00,47631,47638,47607,47622
2025-11-13T20:00:00-05:00,47622,47640,47612,47629
2025-11-13T20:15:00-05:00,47629,47641,47604,47607
2025-11-13T20:30:00-05:00,47610,47640,47606,47622
2025-11-13T20:45:00-05:00,47623,47627,47607,47618
2025-11-13T21:00:00-05:00,47619,47629,47612,47616
2025-11-13T21:15:00-05:00,47618,47625,47600,47602
2025-11-13T21:30:00-05:00,47601,47607,47594,47594
2025-11-13T21:45:00-05:00,47596,47620,47593,47603
2025-11-13T22:00:00-05:00,47604,47606,47580,47604
2025-11-13T22:15:00-05:00,47604,47607,47587,47590
2025-11-13T22:30:00-05:00,47593,47593,47578,47581
2025-11-13T22:45:00-05:00,47581,47591,47559,47580
2025-11-13T23:00:00-05:00,47583,47591,47551,47567
2025-11-13T23:15:00-05:00,47567,47571,47541,47551
2025-11-13T23:30:00-05:00,47550,47559,47536,47549
2025-11-13T23:45:00-05:00,47552,47560,47542,47548
2025-11-14T00:00:00-05:00,47552,47559,47528,47535
2025-11-14T00:15:00-05:00,47536,47574,47518,47554
2025-11-14T00:30:00-05:00,47554,47590,47547,47581
2025-11-14T00:45:00-05:00,47586,47591,47560,47563
2025-11-14T01:00:00-05:00,47561,47565,47539,47540
2025-11-14T01:15:00-05:00,47543,47548,47519,47525
2025-11-14T01:30:00-05:00,47527,47537,47491,47531
2025-11-14T01:45:00-05:00,47532,47545,47508,47539
2025-11-14T02:00:00-05:00,47539,47539,47458,47471
2025-11-14T02:15:00-05:00,47472,47476,47440,47473
2025-11-14T02:30:00-05:00,47470,47485,47462,47473
2025-11-14T02:45:00-05:00,47475,47497,47462,47484
2025-11-14T03:00:00-05:00,47483,47496,47422,47436
2025-11-14T03:15:00-05:00,47433,47473,47417,47460
2025-11-14T03:30:00-05:00,47457,47488,47423,47469
2025-11-14T03:45:00-05:00,47469,47522,47447,47517
2025-11-14T04:00:00-05:00,47519,47547,47504,47515
2025-11-14T04:15:00-05:00,47514,47516,47483,47483
2025-11-14T04:30:00-05:00,47484,47496,47467,47486
2025-11-14T04:45:00-05:00,47485,47487,47443,47453
2025-11-14T05:00:00-05:00,47446,47492,47444,47484
2025-11-14T05:15:00-05:00,47486,47486,47456,47468
2025-11-14T05:30:00-05:00,47463,47483,47458,47475
2025-11-14T05:45:00-05:00,47475,47483,47426,47442
2025-11-14T06:00:00-05:00,47441,47441,47348,47357
2025-11-14T06:15:00-05:00,47358,47363,47309,47327
2025-11-14T06:30:00-05:00,47328,47343,47300,47306
2025-11-14T06:45:00-05:00,47306,47312,47268,47307
2025-11-14T07:00:00-05:00,47307,47310,47254,47259
2025-11-14T07:15:00-05:00,47262,47326,47248,47310
2025-11-14T07:30:00-05:00,47312,47315,47213,47239
2025-11-14T07:45:00-05:00,47239,47303,47215,47273
2025-11-14T08:00:00-05:00,47275,47288,47236,47261
2025-11-14T08:15:00-05:00,47264,47266,47186,47200
2025-11-14T08:30:00-05:00,47201,47212,47151,47164
2025-11-14T08:45:00-05:00,47164,47250,47164,47228
2025-11-14T09:00:00-05:00,47228,47279,47216,47236
2025-11-14T09:15:00-05:00,47237,47246,47184,47197
2025-11-14T09:30:00-05:00,47196,47203,46946,47019
2025-11-14T09:45:00-05:00,47017,47112,46982,47080
2025-11-14T10:00:00-05:00,47081,47081,46939,46992
2025-11-14T10:15:00-05:00,46991,47173,46981,47168
2025-11-14T10:30:00-05:00,47167,47210,47105,47174
2025-11-14T10:45:00-05:00,47170,47259,47162,47230
2025-11-14T11:00:00-05:00,47232,47275,47159,47247
2025-11-14T11:15:00-05:00,47248,47391,47229,47366
2025-11-14T11:30:00-05:00,47367,47407,47307,47340
2025-11-14T11:45:00-05:00,47338,47400,47290,47396
2025-11-14T12:00:00-05:00,47394,47451,47366,47419
2025-11-14T12:15:00-05:00,47420,47445,47362,47410
2025-11-14T12:30:00-05:00,47408,47460,47355,47416
2025-11-14T12:45:00-05:00,47413,47438,47322,47384
2025-11-14T13:00:00-05:00,47377,47392,47272,47390
2025-11-14T13:15:00-05:00,47389,47391,47263,47327
2025-11-14T13:30:00-05:00,47325,47357,47235,47241
2025-11-14T13:45:00-05:00,47241,47362,47234,47341
2025-11-14T14:00:00-05:00,47339,47364,47279,47331
2025-11-14T14:15:00-05:00,47331,47389,47316,47360
2025-11-14T14:30:00-05:00,47360,47379,47333,47361
2025-11-14T14:45:00-05:00,47361,47401,47350,47385
2025-11-14T15:00:00-05:00,47383,47411,47320,47327
2025-11-14T15:15:00-05:00,47326,47336,47224,47260
2025-11-14T15:30:00-05:00,47261,47283,47221,47238
2025-11-14T15:45:00-05:00,47237,47263,47191,47243
2025-11-14T16:00:00-05:00,47242,47264,47191,47254
2025-11-14T16:15:00-05:00,47255,47280,47247,47264
2025-11-14T16:30:00-05:00,47264,47266,47243,47253
2025-11-14T16:45:00-05:00,47254,47274,47253,47271
2025-11-16T18:00:00-05:00,47237,47268,47101,47171
2025-11-16T18:15:00-05:00,47170,47206,47164,47199
2025-11-16T18:30:00-05:00,47204,47237,47195,47221
2025-11-16T18:45:00-05:00,47224,47237,47209,47218
2025-11-16T19:00:00-05:00,47217,47227,47175,47183
2025-11-16T19:15:00-05:00,47184,47211,47156,47211
2025-11-16T19:30:00-05:00,47211,47254,47211,47245
2025-11-16T19:45:00-05:00,47253,47256,47230,47236
2025-11-16T20:00:00-05:00,47238,47238,47211,47230
2025-11-16T20:15:00-05:00,47231,47250,47231,47239
2025-11-16T20:30:00-05:00,47239,47246,47205,47216
2025-11-16T20:45:00-05:00,47214,47218,47190,47205
2025-11-16T21:00:00-05:00,47205,47228,47192,47224
2025-11-16T21:15:00-05:00,47223,47229,47208,47211
2025-11-16T21:30:00-05:00,47211,47220,47208,47219
2025-11-16T21:45:00-05:00,47221,47261,47221,47252
2025-11-16T22:00:00-05:00,47251,47273,47246,47262
2025-11-16T22:15:00-05:00,47262,47266,47249,47250
2025-11-16T22:30:00-05:00,47250,47256,47245,47249
2025-11-16T22:45:00-05:00,47248,47264,47245,47258
2025-11-16T23:00:00-05:00,47262,47275,47257,47271
2025-11-16T23:15:00-05:00,47273,47283,47266,47276
2025-11-16T23:30:00-05:00,47276,47278,47263,47276
2025-11-16T23:45:00-05:00,47277,47285,47274,47274
2025-11-17T00:00:00-05:00,47276,47291,47273,47281
2025-11-17T00:15:00-05:00,47282,47286,47264,47273
2025-11-17T00:30:00-05:00,47275,47279,47258,47265
2025-11-17T00:45:00-05:00,47265,47271,47249,47250
2025-11-17T01:00:00-05:00,47251,47262,47246,47254
2025-11-17T01:15:00-05:00,47256,47279,47255,47273
2025-11-17T01:30:00-05:00,47272,47276,47256,47262
2025-11-17T01:45:00-05:00,47260,47279,47257,47267
2025-11-17T02:00:00-05:00,47266,47312,47259,47309
2025-11-17T02:15:00-05:00,47307,47327,47305,47325
2025-11-17T02:30:00-05:00,47324,47324,47308,47316
2025-11-17T02:45:00-05:00,47318,47323,47309,47311
2025-11-17T03:00:00-05:00,47310,47354,47304,47351
2025-11-17T03:15:00-05:00,47352,47357,47320,47324
2025-11-17T03:30:00-05:00,47325,47368,47321,47343
2025-11-17T03:45:00-05:00,47339,47344,47328,47336
2025-11-17T04:00:00-05:00,47339,47343,47258,47285
2025-11-17T04:15:00-05:00,47288,47314,47288,47305
2025-11-17T04:30:00-05:00,47305,47312,47265,47299
2025-11-17T04:45:00-05:00,47299,47302,47287,47298
2025-11-17T05:00:00-05:00,47296,47296,47274,47277
2025-11-17T05:15:00-05:00,47274,47274,47221,47228
2025-11-17T05:30:00-05:00,47230,47241,47203,47212
2025-11-17T05:45:00-05:00,47212,47235,47188,47199
2025-11-17T06:00:00-05:00,47198,47220,47184,47218
2025-11-17T06:15:00-05:00,47218,47257,47211,47245
2025-11-17T06:30:00-05:00,47245,47271,47231,47240
2025-11-17T06:45:00-05:00,47242,47267,47228,47236
2025-11-17T07:00:00-05:00,47233,47239,47190,47202
2025-11-17T07:15:00-05:00,47206,47238,47202,47226
2025-11-17T07:30:00-05:00,47224,47229,47200,47226
2025-11-17T07:45:00-05:00,47227,47227,47198,47216
2025-11-17T08:00:00-05:00,47214,47232,47165,47179
2025-11-17T08:15:00-05:00,47175,47202,47173,47192
2025-11-17T08:30:00-05:00,47189,47189,47132,47133
2025-11-17T08:45:00-05:00,47135,47160,47105,47160
2025-11-17T09:00:00-05:00,47157,47159,47127,47138
2025-11-17T09:15:00-05:00,47138,47172,47109,47140
2025-11-17T09:30:00-05:00,47137,47289,47079,47199
2025-11-17T09:45:00-05:00,47198,47240,47174,47188
2025-11-17T10:00:00-05:00,47191,47224,47140,47206
2025-11-17T10:15:00-05:00,47207,47254,47169,47235
2025-11-17T10:30:00-05:00,47233,47242,47081,47176
2025-11-17T10:45:00-05:00,47174,47204,47121,47133
2025-11-17T11:00:00-05:00,47131,47146,46991,46994
2025-11-17T11:15:00-05:00,46995,47120,46933,47116
2025-11-17T11:30:00-05:00,47112,47205,47108,47170
2025-11-17T11:45:00-05:00,47171,47232,47164,47229
2025-11-17T12:00:00-05:00,47229,47236,47180,47213
2025-11-17T12:15:00-05:00,47213,47234,47187,47232
2025-11-17T12:30:00-05:00,47234,47245,47143,47156
2025-11-17T12:45:00-05:00,47157,47161,47051,47055
2025-11-17T13:00:00-05:00,47058,47062,46985,47021
2025-11-17T13:15:00-05:00,47021,47039,46977,47001
2025-11-17T13:30:00-05:00,46996,46998,46929,46974
2025-11-17T13:45:00-05:00,46972,47040,46843,46843
2025-11-17T14:00:00-05:00,46842,46856,46771,46781
2025-11-17T14:15:00-05:00,46783,46810,46734,46785
2025-11-17T14:30:00-05:00,46782,46801,46643,46684
2025-11-17T14:45:00-05:00,46683,46684,46540,46549
2025-11-17T15:00:00-05:00,46541,46595,46503,46552
2025-11-17T15:15:00-05:00,46555,46622,46537,46614
2025-11-17T15:30:00-05:00,46615,46642,46555,46619
2025-11-17T15:45:00-05:00,46618,46690,46614,46679
2025-11-17T16:00:00-05:00,46680,46726,46665,46724
2025-11-17T16:15:00-05:00,46722,46729,46698,46709
2025-11-17T16:30:00-05:00,46710,46716,46674,46688
2025-11-17T16:45:00-05:00,46687,46709,46684,46707
2025-11-17T18:00:00-05:00,46714,46739,46692,46699
2025-11-17T18:15:00-05:00,46695,46722,46677,46720
2025-11-17T18:30:00-05:00,46720,46738,46713,46720
2025-11-17T18:45:00-05:00,46718,46722,46705,46716
2025-11-17T19:00:00-05:00,46720,46736,46715,46730
2025-11-17T19:15:00-05:00,46730,46730,46665,46667
2025-11-17T19:30:00-05:00,46674,46682,46642,46647
2025-11-17T19:45:00-05:00,46648,46696,46648,46666
2025-11-17T20:00:00-05:00,46668,46719,46658,46713
2025-11-17T20:15:00-05:00,46713,46756,46713,46723
2025-11-17T20:30:00-05:00,46726,46747,46715,46747
2025-11-17T20:45:00-05:00,46746,46755,46731,46731
2025-11-17T21:00:00-05:00,46733,46755,46724,46725
2025-11-17T21:15:00-05:00,46727,46740,46710,46725
2025-11-17T21:30:00-05:00,46730,46736,46681,46689
2025-11-17T21:45:00-05:00,46688,46698,46659,46660
2025-11-17T22:00:00-05:00,46659,46663,46630,46644
2025-11-17T22:15:00-05:00,46649,46668,46637,46638
2025-11-17T22:30:00-05:00,46639,46648,46618,46630
2025-11-17T22:45:00-05:00,46626,46636,46597,46608
2025-11-17T23:00:00-05:00,46604,46604,46532,46533
2025-11-17T23:15:00-05:00,46530,46538,46397,46442
2025-11-17T23:30:00-05:00,46449,46495,46449,46488
2025-11-17T23:45:00-05:00,46487,46529,46482,46521
2025-11-18T00:00:00-05:00,46521,46545,46482,46534
2025-11-18T00:15:00-05:00,46535,46543,46496,46500
2025-11-18T00:30:00-05:00,46505,46531,46501,46523
2025-11-18T00:45:00-05:00,46530,46542,46494,46495
2025-11-18T01:00:00-05:00,46496,46525,46488,46519
2025-11-18T01:15:00-05:00,46525,46535,46499,46518
2025-11-18T01:30:00-05:00,46517,46517,46427,46447
2025-11-18T01:45:00-05:00,46448,46463,46426,46439
2025-11-18T02:00:00-05:00,46440,46440,46380,46406
2025-11-18T02:15:00-05:00,46407,46461,46386,46454
2025-11-18T02:30:00-05:00,46453,46530,46450,46518
2025-11-18T02:45:00-05:00,46515,46526,46474,46487
2025-11-18T03:00:00-05:00,46488,46561,46483,46518
2025-11-18T03:15:00-05:00,46518,46522,46477,46511
2025-11-18T03:30:00-05:00,46510,46619,46503,46583
2025-11-18T03:45:00-05:00,46582,46584,46539,46554
2025-11-18T04:00:00-05:00,46558,46571,46519,46551
2025-11-18T04:15:00-05:00,46552,46574,46527,46538
2025-11-18T04:30:00-05:00,46528,46553,46502,46541
2025-11-18T04:45:00-05:00,46542,46566,46524,46563
2025-11-18T05:00:00-05:00,46558,46564,46514,46517
2025-11-18T05:15:00-05:00,46508,46542,46508,46514
2025-11-18T05:30:00-05:00,46516,46535,46498,46506
2025-11-18T05:45:00-05:00,46502,46547,46500,46545
2025-11-18T06:00:00-05:00,46541,46542,46431,46441
2025-11-18T06:15:00-05:00,46440,46462,46430,46439
2025-11-18T06:30:00-05:00,46441,46444,46414,46417
2025-11-18T06:45:00-05:00,46418,46446,46406,46446
2025-11-18T07:00:00-05:00,46446,46457,46331,46335
2025-11-18T07:15:00-05:00,46333,46381,46328,46338
2025-11-18T07:30:00-05:00,46337,46371,46330,46338
2025-11-18T07:45:00-05:00,46334,46342,46244,46275
2025-11-18T08:00:00-05:00,46279,46338,46267,46318
2025-11-18T08:15:00-05:00,46318,46333,46292,46297
2025-11-18T08:30:00-05:00,46298,46360,46265,46291
2025-11-18T08:45:00-05:00,46289,46343,46282,46321
2025-11-18T09:00:00-05:00,46319,46344,46281,46287
2025-11-18T09:15:00-05:00,46289,46290,46225,46254
2025-11-18T09:30:00-05:00,46255,46337,46131,46299
2025-11-18T09:45:00-05:00,46295,46403,46132,46166
2025-11-18T10:00:00-05:00,46160,46217,46044,46128
2025-11-18T10:15:00-05:00,46126,46207,46028,46129
2025-11-18T10:30:00-05:00,46131,46208,46047,46111
2025-11-18T10:45:00-05:00,46111,46127,46034,46037
2025-11-18T11:00:00-05:00,46038,46165,45988,46117
2025-11-18T11:15:00-05:00,46115,46284,46085,46272
2025-11-18T11:30:00-05:00,46270,46309,46223,46277
2025-11-18T11:45:00-05:00,46276,46293,46194,46205
2025-11-18T12:00:00-05:00,46205,46232,46116,46120
2025-11-18T12:15:00-05:00,46122,46178,46033,46036
2025-11-18T12:30:00-05:00,46035,46311,45993,46293
2025-11-18T12:45:00-05:00,46295,46389,46234,46347
2025-11-18T13:00:00-05:00,46349,46410,46338,46356
2025-11-18T13:15:00-05:00,46357,46401,46327,46344
2025-11-18T13:30:00-05:00,46347,46449,46328,46382
2025-11-18T13:45:00-05:00,46383,46423,46302,46320
2025-11-18T14:00:00-05:00,46324,46391,46314,46371
2025-11-18T14:15:00-05:00,46369,46398,46306,46319
2025-11-18T14:30:00-05:00,46323,46440,46301,46337
2025-11-18T14:45:00-05:00,46340,46426,46315,46408
2025-11-18T15:00:00-05:00,46409,46443,46323,46337
2025-11-18T15:15:00-05:00,46337,46358,46227,46266
2025-11-18T15:30:00-05:00,46267,46297,46238,46242
2025-11-18T15:45:00-05:00,46241,46287,46161,46174
2025-11-18T16:00:00-05:00,46173,46180,46097,46133
2025-11-18T16:15:00-05:00,46132,46145,46108,46135
2025-11-18T16:30:00-05:00,46129,46153,46122,46122
2025-11-18T16:45:00-05:00,46122,46145,46106,46118
2025-11-18T18:00:00-05:00,46142,46205,46133,46182
2025-11-18T18:15:00-05:00,46186,46232,46185,46226
2025-11-18T18:30:00-05:00,46225,46236,46195,46235
2025-11-18T18:45:00-05:00,46236,46236,46215,46222
2025-11-18T19:00:00-05:00,46222,46235,46153,46161
2025-11-18T19:15:00-05:00,46162,46172,46117,46129
2025-11-18T19:30:00-05:00,46136,46203,46126,46195
2025-11-18T19:45:00-05:00,46196,46208,46172,46193
2025-11-18T20:00:00-05:00,46196,46201,46164,46174
2025-11-18T20:15:00-05:00,46174,46244,46174,46219
2025-11-18T20:30:00-05:00,46213,46229,46199,46200
2025-11-18T20:45:00-05:00,46204,46217,46155,46171
2025-11-18T21:00:00-05:00,46180,46235,46176,46223
2025-11-18T21:15:00-05:00,46220,46238,46202,46231
2025-11-18T21:30:00-05:00,46233,46255,46231,46237
2025-11-18T21:45:00-05:00,46238,46245,46231,46238
2025-11-18T22:00:00-05:00,46234,46248,46211,46212
2025-11-18T22:15:00-05:00,46208,46210,46173,46191
2025-11-18T22:30:00-05:00,46190,46190,46167,46171
2025-11-18T22:45:00-05:00,46172,46172,46130,46131
2025-11-18T23:00:00-05:00,46130,46140,46094,46111
2025-11-18T23:15:00-05:00,46118,46138,46115,46129
2025-11-18T23:30:00-05:00,46130,46130,46094,46124
2025-11-18T23:45:00-05:00,46120,46147,46112,46112
2025-11-19T00:00:00-05:00,46117,46143,46115,46124
2025-11-19T00:15:00-05:00,46128,46142,46114,46116
2025-11-19T00:30:00-05:00,46115,46123,46064,46068
2025-11-19T00:45:00-05:00,46069,46154,46058,46131
2025-11-19T01:00:00-05:00,46143,46148,46120,46139
2025-11-19T01:15:00-05:00,46139,46168,46138,46155
2025-11-19T01:30:00-05:00,46154,46163,46143,46153
2025-11-19T01:45:00-05:00,46156,46165,46145,46160
2025-11-19T02:00:00-05:00,46155,46219,46139,46200
2025-11-19T02:15:00-05:00,46201,46205,46186,46188
2025-11-19T02:30:00-05:00,46188,46217,46175,46200
2025-11-19T02:45:00-05:00,46196,46217,46187,46197
2025-11-19T03:00:00-05:00,46196,46204,46143,46148
2025-11-19T03:15:00-05:00,46148,46218,46141,46215
2025-11-19T03:30:00-05:00,46213,46233,46165,46190
2025-11-19T03:45:00-05:00,46189,46200,46155,46158
2025-11-19T04:00:00-05:00,46155,46188,46122,46179
2025-11-19T04:15:00-05:00,46176,46184,46161,46181
2025-11-19T04:30:00-05:00,46181,46212,46168,46209
2025-11-19T04:45:00-05:00,46205,46241,46205,46240
2025-11-19T05:00:00-05:00,46242,46249,46225,46232
2025-11-19T05:15:00-05:00,46233,46258,46233,46251
2025-11-19T05:30:00-05:00,46250,46262,46233,46250
2025-11-19T05:45:00-05:00,46251,46253,46223,46244
2025-11-19T06:00:00-05:00,46244,46281,46236,46264
2025-11-19T06:15:00-05:00,46263,46273,46257,46262
2025-11-19T06:30:00-05:00,46260,46268,46241,46259
2025-11-19T06:45:00-05:00,46258,46272,46236,46241
2025-11-19T07:00:00-05:00,46239,46243,46213,46238
2025-11-19T07:15:00-05:00,46239,46257,46229,46246
2025-11-19T07:30:00-05:00,46245,46293,46244,46281
2025-11-19T07:45:00-05:00,46277,46296,46267,46269
2025-11-19T08:00:00-05:00,46268,46282,46206,46215
2025-11-19T08:15:00-05:00,46216,46252,46209,46251
2025-11-19T08:30:00-05:00,46252,46278,46237,46250
2025-11-19T08:45:00-05:00,46249,46266,46218,46228
2025-11-19T09:00:00-05:00,46227,46232,46163,46164
2025-11-19T09:15:00-05:00,46165,46189,46149,46186
2025-11-19T09:30:00-05:00,46188,46214,46099,46159
2025-11-19T09:45:00-05:00,46158,46279,46113,46270
2025-11-19T10:00:00-05:00,46270,46331,46250,46321
2025-11-19T10:15:00-05:00,46324,46375,46220,46246
2025-11-19T10:30:00-05:00,46250,46274,46182,46208
2025-11-19T10:45:00-05:00,46209,46214,46057,46070
2025-11-19T11:00:00-05:00,46067,46117,46031,46069
2025-11-19T11:15:00-05:00,46069,46105,46005,46044
2025-11-19T11:30:00-05:00,46045,46068,45989,46054
2025-11-19T11:45:00-05:00,46051,46108,46016,46107
2025-11-19T12:00:00-05:00,46105,46157,46042,46066
2025-11-19T12:15:00-05:00,46066,46112,46043,46098
2025-11-19T12:30:00-05:00,46097,46143,45979,46115
2025-11-19T12:45:00-05:00,46114,46149,46046,46108
2025-11-19T13:00:00-05:00,46106,46185,46095,46169
2025-11-19T13:15:00-05:00,46169,46212,46118,46123
2025-11-19T13:30:00-05:00,46117,46243,46112,46141
2025-11-19T13:45:00-05:00,46141,46236,46092,46210
2025-11-19T14:00:00-05:00,46215,46224,46128,46157
2025-11-19T14:15:00-05:00,46157,46172,45998,46016
2025-11-19T14:30:00-05:00,46017,46047,45988,46001
2025-11-19T14:45:00-05:00,46002,46117,45974,46084
2025-11-19T15:00:00-05:00,46082,46163,46068,46153
2025-11-19T15:15:00-05:00,46156,46277,46156,46223
2025-11-19T15:30:00-05:00,46221,46293,46196,46231
2025-11-19T15:45:00-05:00,46232,46258,46120,46204
2025-11-19T16:00:00-05:00,46206,46209,46151,46199
2025-11-19T16:15:00-05:00,46204,46310,46176,46243
2025-11-19T16:30:00-05:00,46239,46300,46234,46290
2025-11-19T16:45:00-05:00,46291,46291,46219,46226
2025-11-19T18:00:00-05:00,46238,46337,46223,46335
2025-11-19T18:15:00-05:00,46337,46364,46311,46360
2025-11-19T18:30:00-05:00,46363,46390,46353,46371
2025-11-19T18:45:00-05:00,46373,46416,46368,46411
2025-11-19T19:00:00-05:00,46406,46412,46383,46404
2025-11-19T19:15:00-05:00,46406,46461,46399,46450
2025-11-19T19:30:00-05:00,46451,46466,46427,46465
2025-11-19T19:45:00-05:00,46466,46472,46436,46437
2025-11-19T20:00:00-05:00,46435,46436,46416,46430
2025-11-19T20:15:00-05:00,46432,46461,46429,46459
2025-11-19T20:30:00-05:00,46463,46469,46451,46461
2025-11-19T20:45:00-05:00,46460,46475,46436,46455
2025-11-19T21:00:00-05:00,46454,46468,46432,46437
2025-11-19T21:15:00-05:00,46436,46447,46425,46442
2025-11-19T21:30:00-05:00,46444,46472,46439,46470
2025-11-19T21:45:00-05:00,46468,46494,46466,46488
2025-11-19T22:00:00-05:00,46488,46514,46487,46488
2025-11-19T22:15:00-05:00,46488,46488,46476,46478
2025-11-19T22:30:00-05:00,46479,46480,46458,46463
2025-11-19T22:45:00-05:00,46462,46476,46429,46462
2025-11-19T23:00:00-05:00,46463,46497,46463,46487
2025-11-19T23:15:00-05:00,46487,46489,46471,46486
2025-11-19T23:30:00-05:00,46484,46515,46483,46509
2025-11-19T23:45:00-05:00,46509,46511,46502,46508
2025-11-20T00:00:00-05:00,46512,46533,46509,46522
2025-11-20T00:15:00-05:00,46521,46526,46504,46507
2025-11-20T00:30:00-05:00,46507,46507,46478,46496
2025-11-20T00:45:00-05:00,46493,46495,46470,46480
2025-11-20T01:00:00-05:00,46482,46494,46474,46477
2025-11-20T01:15:00-05:00,46475,46481,46455,46462
2025-11-20T01:30:00-05:00,46463,46493,46463,46489
2025-11-20T01:45:00-05:00,46489,46498,46478,46497
2025-11-20T02:00:00-05:00,46497,46517,46484,46514
2025-11-20T02:15:00-05:00,46513,46540,46504,46534
2025-11-20T02:30:00-05:00,46533,46554,46485,46490
2025-11-20T02:45:00-05:00,46490,46490,46452,46456
2025-11-20T03:00:00-05:00,46456,46504,46455,46488
2025-11-20T03:15:00-05:00,46486,46498,46463,46492
2025-11-20T03:30:00-05:00,46494,46528,46471,46528
2025-11-20T03:45:00-05:00,46525,46547,46479,46479
2025-11-20T04:00:00-05:00,46479,46490,46447,46468
2025-11-20T04:15:00-05:00,46466,46472,46398,46404
2025-11-20T04:30:00-05:00,46401,46422,46395,46408
2025-11-20T04:45:00-05:00,46408,46411,46380,46406
2025-11-20T05:00:00-05:00,46405,46435,46401,46424
2025-11-20T05:15:00-05:00,46427,46473,46425,46463
2025-11-20T05:30:00-05:00,46462,46492,46461,46492
2025-11-20T05:45:00-05:00,46490,46507,46489,46497
2025-11-20T06:00:00-05:00,46496,46496,46450,46458
2025-11-20T06:15:00-05:00,46454,46457,46420,46424
2025-11-20T06:30:00-05:00,46423,46461,46420,46453
2025-11-20T06:45:00-05:00,46450,46453,46397,46425
2025-11-20T07:00:00-05:00,46427,46433,46378,46409
2025-11-20T07:15:00-05:00,46405,46444,46399,46434
2025-11-20T07:30:00-05:00,46435,46487,46431,46475
2025-11-20T07:45:00-05:00,46476,46513,46471,46503
2025-11-20T08:00:00-05:00,46502,46528,46493,46498
2025-11-20T08:15:00-05:00,46497,46504,46442,46456
2025-11-20T08:30:00-05:00,46456,46602,46440,46588
2025-11-20T08:45:00-05:00,46589,46676,46568,46665
2025-11-20T09:00:00-05:00,46668,46701,46634,46654
2025-11-20T09:15:00-05:00,46651,46709,46635,46693
2025-11-20T09:30:00-05:00,46695,46856,46674,46796
2025-11-20T09:45:00-05:00,46796,46892,46755,46865
2025-11-20T10:00:00-05:00,46868,46901,46747,46767
2025-11-20T10:15:00-05:00,46766,46917,46745,46912
2025-11-20T10:30:00-05:00,46911,46936,46841,46920
2025-11-20T10:45:00-05:00,46921,46930,46773,46778
2025-11-20T11:00:00-05:00,46778,46780,46622,46626
2025-11-20T11:15:00-05:00,46627,46627,46462,46507
2025-11-20T11:30:00-05:00,46512,46522,46330,46348
2025-11-20T11:45:00-05:00,46348,46398,46065,46097
2025-11-20T12:00:00-05:00,46089,46213,45991,46077
2025-11-20T12:15:00-05:00,46076,46076,45901,45987
2025-11-20T12:30:00-05:00,45986,46041,45826,45839
2025-11-20T12:45:00-05:00,45838,45955,45804,45921
2025-11-20T13:00:00-05:00,45920,46211,45891,46207
2025-11-20T13:15:00-05:00,46208,46221,46041,46095
2025-11-20T13:30:00-05:00,46096,46122,45929,45934
2025-11-20T13:45:00-05:00,45934,45940,45812,45857
2025-11-20T14:00:00-05:00,45855,45950,45837,45931
2025-11-20T14:15:00-05:00,45929,46066,45901,46035
2025-11-20T14:30:00-05:00,46035,46040,45945,46027
2025-11-20T14:45:00-05:00,46029,46116,45953,46108
2025-11-20T15:00:00-05:00,46105,46106,45987,46018
2025-11-20T15:15:00-05:00,46016,46091,45972,46014
2025-11-20T15:30:00-05:00,46013,46033,45861,45867
2025-11-20T15:45:00-05:00,45870,45917,45798,45833
2025-11-20T16:00:00-05:00,45833,45852,45786,45831
2025-11-20T16:15:00-05:00,45830,45853,45815,45845
2025-11-20T16:30:00-05:00,45847,45863,45831,45855
2025-11-20T16:45:00-05:00,45854,45863,45823,45832
2025-11-20T18:00:00-05:00,45849,45922,45779,45836
2025-11-20T18:15:00-05:00,45839,45903,45835,45883
2025-11-20T18:30:00-05:00,45884,45908,45861,45908
2025-11-20T18:45:00-05:00,45910,45938,45903,45915
2025-11-20T19:00:00-05:00,45911,45957,45897,45943
2025-11-20T19:15:00-05:00,45942,45980,45927,45963
2025-11-20T19:30:00-05:00,45966,45995,45956,45973
2025-11-20T19:45:00-05:00,45969,46010,45957,45993
2025-11-20T20:00:00-05:00,45992,46021,45981,45993
2025-11-20T20:15:00-05:00,45998,46023,45995,46022
2025-11-20T20:30:00-05:00,46022,46040,45979,46030
2025-11-20T20:45:00-05:00,46027,46051,46024,46024
2025-11-20T21:00:00-05:00,46025,46035,46004,46007
2025-11-20T21:15:00-05:00,46010,46043,46006,46031
2025-11-20T21:30:00-05:00,46025,46059,46019,46049
2025-11-20T21:45:00-05:00,46049,46052,46020,46027
2025-11-20T22:00:00-05:00,46027,46055,46021,46044
2025-11-20T22:15:00-05:00,46045,46055,46013,46046
2025-11-20T22:30:00-05:00,46041,46093,46036,46067
2025-11-20T22:45:00-05:00,46067,46077,46029,46029
2025-11-20T23:00:00-05:00,46030,46035,46000,46022
2025-11-20T23:15:00-05:00,46020,46020,45970,46006
2025-11-20T23:30:00-05:00,46008,46010,45948,45968
2025-11-20T23:45:00-05:00,45970,46024,45960,46024
2025-11-21T00:00:00-05:00,46018,46048,46002,46035
2025-11-21T00:15:00-05:00,46034,46054,46025,46029
2025-11-21T00:30:00-05:00,46028,46036,45981,45993
2025-11-21T00:45:00-05:00,45993,45996,45967,45983
2025-11-21T01:00:00-05:00,45979,46011,45976,45997
2025-11-21T01:15:00-05:00,45996,46016,45973,45974
2025-11-21T01:30:00-05:00,45969,46002,45964,45999
2025-11-21T01:45:00-05:00,45996,46028,45990,46002
2025-11-21T02:00:00-05:00,46000,46007,45968,45979
2025-11-21T02:15:00-05:00,45978,46003,45971,45990
2025-11-21T02:30:00-05:00,45989,45996,45920,45926
2025-11-21T02:45:00-05:00,45925,45925,45839,45857
2025-11-21T03:00:00-05:00,45857,45989,45855,45968
2025-11-21T03:15:00-05:00,45970,45978,45910,45973
2025-11-21T03:30:00-05:00,45964,45989,45935,45988
2025-11-21T03:45:00-05:00,45987,46067,45986,46052
2025-11-21T04:00:00-05:00,46049,46056,45997,46002
2025-11-21T04:15:00-05:00,46001,46029,45974,46008
2025-11-21T04:30:00-05:00,46002,46016,45955,45955
2025-11-21T04:45:00-05:00,45956,45993,45937,45976
2025-11-21T05:00:00-05:00,45976,45979,45857,45871
2025-11-21T05:15:00-05:00,45873,45875,45824,45841
2025-11-21T05:30:00-05:00,45841,45957,45841,45944
2025-11-21T05:45:00-05:00,45949,46003,45929,45990
2025-11-21T06:00:00-05:00,45997,46047,45987,46047
2025-11-21T06:15:00-05:00,46050,46053,45984,45985
2025-11-21T06:30:00-05:00,45987,46002,45964,45993
2025-11-21T06:45:00-05:00,45990,45994,45914,45955
2025-11-21T07:00:00-05:00,45956,45966,45868,45899
2025-11-21T07:15:00-05:00,45900,45913,45846,45854
2025-11-21T07:30:00-05:00,45856,46091,45855,46080
2025-11-21T07:45:00-05:00,46078,46162,46076,46129
2025-11-21T08:00:00-05:00,46129,46156,46050,46063
2025-11-21T08:15:00-05:00,46063,46112,46036,46043
2025-11-21T08:30:00-05:00,46045,46105,46040,46100
2025-11-21T08:45:00-05:00,46101,46106,46069,46084
2025-11-21T09:00:00-05:00,46080,46088,46043,46051
2025-11-21T09:15:00-05:00,46049,46065,46003,46023
2025-11-21T09:30:00-05:00,46023,46102,45895,45904
2025-11-21T09:45:00-05:00,45903,45995,45853,45952
2025-11-21T10:00:00-05:00,45966,46056,45937,46009
2025-11-21T10:15:00-05:00,46009,46157,45928,46037
2025-11-21T10:30:00-05:00,46040,46112,45916,46050
2025-11-21T10:45:00-05:00,46050,46128,46015,46022
2025-11-21T11:00:00-05:00,46018,46048,45912,46022
2025-11-21T11:15:00-05:00,46024,46165,45939,46163
2025-11-21T11:30:00-05:00,46162,46284,46138,46266
2025-11-21T11:45:00-05:00,46266,46479,46234,46476
2025-11-21T12:00:00-05:00,46475,46553,46428,46534
2025-11-21T12:15:00-05:00,46536,46564,46482,46536
2025-11-21T12:30:00-05:00,46532,46559,46482,46527
2025-11-21T12:45:00-05:00,46525,46544,46432,46476
2025-11-21T13:00:00-05:00,46479,46500,46302,46308
2025-11-21T13:15:00-05:00,46302,46357,46267,46353
2025-11-21T13:30:00-05:00,46351,46512,46332,46496
2025-11-21T13:45:00-05:00,46500,46656,46458,46547
2025-11-21T14:00:00-05:00,46549,46622,46523,46579
2025-11-21T14:15:00-05:00,46585,46636,46561,46608
2025-11-21T14:30:00-05:00,46608,46630,46510,46527
2025-11-21T14:45:00-05:00,46529,46563,46454,46496
2025-11-21T15:00:00-05:00,46490,46523,46448,46459
2025-11-21T15:15:00-05:00,46458,46466,46322,46322
2025-11-21T15:30:00-05:00,46321,46415,46285,46359
2025-11-21T15:45:00-05:00,46357,46425,46297,46336
2025-11-21T16:00:00-05:00,46336,46391,46328,46363
2025-11-21T16:15:00-05:00,46364,46365,46333,46343
2025-11-21T16:30:00-05:00,46344,46384,46341,46381
2025-11-21T16:45:00-05:00,46380,46380,46342,46377
2025-11-23T18:00:00-05:00,46504,46553,46494,46499
2025-11-23T18:15:00-05:00,46505,46510,46478,46493
2025-11-23T18:30:00-05:00,46493,46495,46463,46482
2025-11-23T18:45:00-05:00,46482,46493,46469,46475
2025-11-23T19:00:00-05:00,46472,46472,46405,46415
2025-11-23T19:15:00-05:00,46416,46421,46380,46416
2025-11-23T19:30:00-05:00,46418,46446,46416,46438
2025-11-23T19:45:00-05:00,46437,46456,46434,46434
2025-11-23T20:00:00-05:00,46433,46439,46414,46430
2025-11-23T20:15:00-05:00,46430,46443,46406,46429
2025-11-23T20:30:00-05:00,46429,46436,46380,46386
2025-11-23T20:45:00-05:00,46384,46411,46377,46400
2025-11-23T21:00:00-05:00,46402,46412,46382,46397
2025-11-23T21:15:00-05:00,46398,46446,46398,46442
2025-11-23T21:30:00-05:00,46440,46465,46419,46465
2025-11-23T21:45:00-05:00,46464,46475,46459,46475
2025-11-23T22:00:00-05:00,46475,46483,46466,46471
2025-11-23T22:15:00-05:00,46472,46477,46458,46465
2025-11-23T22:30:00-05:00,46467,46468,46444,46456
2025-11-23T22:45:00-05:00,46458,46459,46442,46451
2025-11-23T23:00:00-05:00,46449,46453,46416,46423
2025-11-23T23:15:00-05:00,46420,46420,46401,46409
2025-11-23T23:30:00-05:00,46412,46427,46408,46420
2025-11-23T23:45:00-05:00,46420,46426,46397,46403
2025-11-24T00:00:00-05:00,46401,46443,46394,46436
2025-11-24T00:15:00-05:00,46442,46450,46435,46445
2025-11-24T00:30:00-05:00,46444,46446,46426,46428
2025-11-24T00:45:00-05:00,46428,46436,46423,46436
2025-11-24T01:00:00-05:00,46435,46439,46418,46419
2025-11-24T01:15:00-05:00,46419,46434,46418,46419
2025-11-24T01:30:00-05:00,46417,46429,46410,46413
2025-11-24T01:45:00-05:00,46413,46422,46405,46420
2025-11-24T02:00:00-05:00,46419,46429,46388,46406
2025-11-24T02:15:00-05:00,46408,46447,46401,46443
2025-11-24T02:30:00-05:00,46442,46467,46430,46466
2025-11-24T02:45:00-05:00,46461,46487,46461,46467
2025-11-24T03:00:00-05:00,46465,46466,46393,46456
2025-11-24T03:15:00-05:00,46457,46501,46456,46480
2025-11-24T03:30:00-05:00,46480,46495,46459,46484
2025-11-24T03:45:00-05:00,46484,46505,46481,46498
2025-11-24T04:00:00-05:00,46498,46505,46419,46422
2025-11-24T04:15:00-05:00,46426,46434,46225,46226
2025-11-24T04:30:00-05:00,46226,46322,46223,46292
2025-11-24T04:45:00-05:00,46296,46338,46291,46314
2025-11-24T05:00:00-05:00,46315,46338,46287,46306
2025-11-24T05:15:00-05:00,46306,46338,46275,46297
2025-11-24T05:30:00-05:00,46292,46325,46253,46310
2025-11-24T05:45:00-05:00,46305,46328,46290,46293
2025-11-24T06:00:00-05:00,46293,46302,46260,46287
2025-11-24T06:15:00-05:00,46282,46335,46276,46281
2025-11-24T06:30:00-05:00,46281,46325,46269,46320
2025-11-24T06:45:00-05:00,46316,46367,46312,46360
2025-11-24T07:00:00-05:00,46361,46370,46332,46341
2025-11-24T07:15:00-05:00,46343,46406,46328,46398
2025-11-24T07:30:00-05:00,46399,46422,46391,46409
2025-11-24T07:45:00-05:00,46409,46453,46408,46448
2025-11-24T08:00:00-05:00,46446,46498,46436,46494
2025-11-24T08:15:00-05:00,46494,46499,46462,46470
2025-11-24T08:30:00-05:00,46469,46488,46462,46466
2025-11-24T08:45:00-05:00,46466,46475,46398,46404
2025-11-24T09:00:00-05:00,46405,46490,46403,46483
2025-11-24T09:15:00-05:00,46485,46487,46397,46444
2025-11-24T09:30:00-05:00,46441,46470,46250,46258
2025-11-24T09:45:00-05:00,46256,46356,46165,46356
2025-11-24T10:00:00-05:00,46357,46463,46350,46458
2025-11-24T10:15:00-05:00,46457,46498,46415,46460
2025-11-24T10:30:00-05:00,46458,46544,46424,46539
2025-11-24T10:45:00-05:00,46539,46598,46538,46563
2025-11-24T11:00:00-05:00,46560,46655,46555,46608
2025-11-24T11:15:00-05:00,46607,46630,46575,46593
2025-11-24T11:30:00-05:00,46595,46605,46557,46593
2025-11-24T11:45:00-05:00,46596,46608,46518,46528
2025-11-24T12:00:00-05:00,46529,46557,46472,46500
2025-11-24T12:15:00-05:00,46499,46540,46489,46529
2025-11-24T12:30:00-05:00,46528,46559,46490,46558
2025-11-24T12:45:00-05:00,46558,46596,46558,46585
2025-11-24T13:00:00-05:00,46585,46641,46585,46634
2025-11-24T13:15:00-05:00,46635,46643,46611,46612
2025-11-24T13:30:00-05:00,46615,46637,46580,46635
2025-11-24T13:45:00-05:00,46632,46641,46605,46614
2025-11-24T14:00:00-05:00,46613,46637,46585,46585
2025-11-24T14:15:00-05:00,46585,46594,46549,46563
2025-11-24T14:30:00-05:00,46565,46570,46514,46533
2025-11-24T14:45:00-05:00,46533,46537,46482,46509
2025-11-24T15:00:00-05:00,46507,46569,46507,46561
2025-11-24T15:15:00-05:00,46565,46568,46500,46529
2025-11-24T15:30:00-05:00,46532,46562,46515,46542
2025-11-24T15:45:00-05:00,46541,46585,46476,46508
2025-11-24T16:00:00-05:00,46508,46539,46491,46531
2025-11-24T16:15:00-05:00,46529,46540,46522,46530
2025-11-24T16:30:00-05:00,46531,46552,46529,46540
2025-11-24T16:45:00-05:00,46539,46540,46522,46529
2025-11-24T18:00:00-05:00,46509,46535,46504,46523
2025-11-24T18:15:00-05:00,46519,46535,46506,46520
2025-11-24T18:30:00-05:00,46522,46535,46487,46510
2025-11-24T18:45:00-05:00,46509,46538,46497,46500
2025-11-24T19:00:00-05:00,46499,46499,46468,46487
2025-11-24T19:15:00-05:00,46486,46501,46471,46480
2025-11-24T19:30:00-05:00,46483,46494,46474,46486
2025-11-24T19:45:00-05:00,46486,46498,46479,46494
2025-11-24T20:00:00-05:00,46497,46505,46485,46486
2025-11-24T20:15:00-05:00,46484,46490,46468,46468
2025-11-24T20:30:00-05:00,46467,46469,46444,46446
2025-11-24T20:45:00-05:00,46446,46448,46438,46441
2025-11-24T21:00:00-05:00,46443,46463,46441,46454
2025-11-24T21:15:00-05:00,46454,46474,46450,46455
2025-11-24T21:30:00-05:00,46453,46468,46448,46464
2025-11-24T21:45:00-05:00,46465,46472,46460,46471
2025-11-24T22:00:00-05:00,46472,46474,46466,46471
2025-11-24T22:15:00-05:00,46466,46471,46460,46466
2025-11-24T22:30:00-05:00,46464,46466,46435,46448
2025-11-24T22:45:00-05:00,46449,46449,46425,46432
2025-11-24T23:00:00-05:00,46433,46463,46431,46462
2025-11-24T23:15:00-05:00,46463,46481,46463,46468
2025-11-24T23:30:00-05:00,46465,46472,46462,46466
2025-11-24T23:45:00-05:00,46463,46477,46463,46473
2025-11-25T00:00:00-05:00,46472,46494,46468,46494
2025-11-25T00:15:00-05:00,46495,46495,46448,46451
2025-11-25T00:30:00-05:00,46452,46472,46452,46470
2025-11-25T00:45:00-05:00,46465,46466,46457,46461
2025-11-25T01:00:00-05:00,46461,46478,46460,46471
2025-11-25T01:15:00-05:00,46472,46472,46449,46457
2025-11-25T01:30:00-05:00,46461,46467,46452,46456
2025-11-25T01:45:00-05:00,46453,46453,46434,46447
2025-11-25T02:00:00-05:00,46448,46452,46435,46449
2025-11-25T02:15:00-05:00,46450,46473,46448,46465
2025-11-25T02:30:00-05:00,46466,46499,46463,46499
2025-11-25T02:45:00-05:00,46501,46509,46470,46480
2025-11-25T03:00:00-05:00,46479,46498,46438,46440
2025-11-25T03:15:00-05:00,46447,46496,46443,46490
2025-11-25T03:30:00-05:00,46488,46503,46471,46472
2025-11-25T03:45:00-05:00,46474,46476,46421,46438
2025-11-25T04:00:00-05:00,46439,46494,46428,46490
2025-11-25T04:15:00-05:00,46494,46497,46452,46453
2025-11-25T04:30:00-05:00,46451,46455,46418,46451
2025-11-25T04:45:00-05:00,46454,46454,46426,46442
2025-11-25T05:00:00-05:00,46445,46464,46427,46459
2025-11-25T05:15:00-05:00,46461,46461,46432,46437
2025-11-25T05:30:00-05:00,46433,46472,46416,46461
2025-11-25T05:45:00-05:00,46460,46479,46457,46467
2025-11-25T06:00:00-05:00,46467,46468,46451,46461
2025-11-25T06:15:00-05:00,46463,46464,46439,46441
2025-11-25T06:30:00-05:00,46441,46456,46431,46453
2025-11-25T06:45:00-05:00,46452,46460,46436,46460
2025-11-25T07:00:00-05:00,46459,46499,46458,46495
2025-11-25T07:15:00-05:00,46492,46497,46470,46478
2025-11-25T07:30:00-05:00,46475,46595,46449,46552
2025-11-25T07:45:00-05:00,46549,46561,46484,46488
2025-11-25T08:00:00-05:00,46486,46543,46486,46537
2025-11-25T08:15:00-05:00,46536,46572,46535,46553
2025-11-25T08:30:00-05:00,46557,46581,46504,46506
2025-11-25T08:45:00-05:00,46506,46556,46506,46543
2025-11-25T09:00:00-05:00,46544,46551,46517,46530
2025-11-25T09:15:00-05:00,46528,46621,46517,46617
2025-11-25T09:30:00-05:00,46616,46856,46609,46657
2025-11-25T09:45:00-05:00,46653,46665,46401,46651
2025-11-25T10:00:00-05:00,46650,46755,46551,46637
2025-11-25T10:15:00-05:00,46638,46710,46564,46706
2025-11-25T10:30:00-05:00,46703,46880,46690,46869
2025-11-25T10:45:00-05:00,46868,46928,46737,46823
2025-11-25T11:00:00-05:00,46822,46879,46808,46815
2025-11-25T11:15:00-05:00,46814,46900,46794,46846
2025-11-25T11:30:00-05:00,46845,46918,46834,46896
2025-11-25T11:45:00-05:00,46889,46951,46861,46943
2025-11-25T12:00:00-05:00,46942,47008,46942,47001
2025-11-25T12:15:00-05:00,47004,47080,46990,47056
2025-11-25T12:30:00-05:00,47056,47100,47056,47069
2025-11-25T12:45:00-05:00,47069,47093,47043,47058
2025-11-25T13:00:00-05:00,47058,47089,47038,47062
2025-11-25T13:15:00-05:00,47062,47083,47045,47077
2025-11-25T13:30:00-05:00,47077,47092,47048,47064
2025-11-25T13:45:00-05:00,47067,47094,47065,47066
2025-11-25T14:00:00-05:00,47068,47090,47054,47081
2025-11-25T14:15:00-05:00,47084,47093,47046,47084
2025-11-25T14:30:00-05:00,47084,47102,47052,47086
2025-11-25T14:45:00-05:00,47084,47147,47081,47128
2025-11-25T15:00:00-05:00,47127,47186,47126,47166
2025-11-25T15:15:00-05:00,47167,47192,47149,47149
2025-11-25T15:30:00-05:00,47148,47219,47142,47195
2025-11-25T15:45:00-05:00,47194,47250,47170,47175
2025-11-25T16:00:00-05:00,47175,47218,47169,47216
2025-11-25T16:15:00-05:00,47215,47219,47191,47193
2025-11-25T16:30:00-05:00,47195,47204,47192,47198
2025-11-25T16:45:00-05:00,47196,47201,47192,47195
2025-11-25T18:00:00-05:00,47190,47216,47171,47204
2025-11-25T18:15:00-05:00,47203,47203,47192,47201
2025-11-25T18:30:00-05:00,47203,47210,47189,47198
2025-11-25T18:45:00-05:00,47198,47220,47173,47217
2025-11-25T19:00:00-05:00,47218,47225,47197,47212
2025-11-25T19:15:00-05:00,47211,47241,47210,47234
2025-11-25T19:30:00-05:00,47233,47237,47212,47218
2025-11-25T19:45:00-05:00,47217,47236,47217,47235
2025-11-25T20:00:00-05:00,47235,47248,47227,47248
2025-11-25T20:15:00-05:00,47245,47268,47241,47250
2025-11-25T20:30:00-05:00,47247,47268,47239,47268
2025-11-25T20:45:00-05:00,47268,47273,47257,47268
2025-11-25T21:00:00-05:00,47263,47276,47263,47275
2025-11-25T21:15:00-05:00,47276,47283,47262,47267
2025-11-25T21:30:00-05:00,47266,47268,47256,47261
2025-11-25T21:45:00-05:00,47260,47266,47248,47261
2025-11-25T22:00:00-05:00,47262,47273,47255,47261
2025-11-25T22:15:00-05:00,47260,47264,47253,47263
2025-11-25T22:30:00-05:00,47263,47273,47262,47265
2025-11-25T22:45:00-05:00,47269,47273,47261,47267
2025-11-25T23:00:00-05:00,47264,47271,47260,47262
2025-11-25T23:15:00-05:00,47265,47265,47247,47249
2025-11-25T23:30:00-05:00,47248,47264,47248,47261
2025-11-25T23:45:00-05:00,47262,47269,47260,47262
2025-11-26T00:00:00-05:00,47261,47285,47261,47276
2025-11-26T00:15:00-05:00,47277,47288,47275,47278
2025-11-26T00:30:00-05:00,47279,47289,47279,47281
2025-11-26T00:45:00-05:00,47279,47282,47273,47275
2025-11-26T01:00:00-05:00,47274,47278,47270,47273
2025-11-26T01:15:00-05:00,47272,47274,47263,47273
2025-11-26T01:30:00-05:00,47273,47291,47273,47278
2025-11-26T01:45:00-05:00,47281,47294,47280,47284
2025-11-26T02:00:00-05:00,47282,47297,47282,47291
2025-11-26T02:15:00-05:00,47289,47316,47282,47315
2025-11-26T02:30:00-05:00,47313,47326,47310,47315
2025-11-26T02:45:00-05:00,47313,47316,47300,47303
2025-11-26T03:00:00-05:00,47301,47307,47279,47290
2025-11-26T03:15:00-05:00,47293,47320,47289,47307
2025-11-26T03:30:00-05:00,47306,47313,47282,47287
2025-11-26T03:45:00-05:00,47290,47305,47287,47289
2025-11-26T04:00:00-05:00,47290,47291,47232,47241
2025-11-26T04:15:00-05:00,47240,47263,47234,47259
2025-11-26T04:30:00-05:00,47259,47285,47259,47282
2025-11-26T04:45:00-05:00,47282,47290,47258,47264
2025-11-26T05:00:00-05:00,47265,47287,47264,47285
2025-11-26T05:15:00-05:00,47284,47295,47268,47268
2025-11-26T05:30:00-05:00,47265,47284,47252,47270
2025-11-26T05:45:00-05:00,47271,47275,47264,47270
2025-11-26T06:00:00-05:00,47271,47271,47242,47255
2025-11-26T06:15:00-05:00,47257,47267,47233,47252
2025-11-26T06:30:00-05:00,47253,47254,47216,47241
2025-11-26T06:45:00-05:00,47245,47266,47212,47225
2025-11-26T07:00:00-05:00,47223,47233,47182,47192
2025-11-26T07:15:00-05:00,47193,47214,47183,47210
2025-11-26T07:30:00-05:00,47205,47205,47175,47193
2025-11-26T07:45:00-05:00,47193,47227,47193,47224
2025-11-26T08:00:00-05:00,47222,47227,47197,47207
2025-11-26T08:15:00-05:00,47207,47266,47207,47260
2025-11-26T08:30:00-05:00,47258,47277,47241,47262
2025-11-26T08:45:00-05:00,47263,47291,47263,47287
2025-11-26T09:00:00-05:00,47287,47289,47266,47276
2025-11-26T09:15:00-05:00,47274,47314,47246,47272
2025-11-26T09:30:00-05:00,47273,47463,47243,47441
2025-11-26T09:45:00-05:00,47438,47461,47304,47321
2025-11-26T10:00:00-05:00,47323,47394,47293,47335
2025-11-26T10:15:00-05:00,47334,47390,47299,47377
2025-11-26T10:30:00-05:00,47381,47450,47381,47407
2025-11-26T10:45:00-05:00,47408,47484,47386,47481
2025-11-26T11:00:00-05:00,47483,47521,47469,47507
2025-11-26T11:15:00-05:00,47509,47550,47500,47524
2025-11-26T11:30:00-05:00,47527,47590,47505,47581
2025-11-26T11:45:00-05:00,47582,47602,47564,47588
2025-11-26T12:00:00-05:00,47592,47621,47564,47564
2025-11-26T12:15:00-05:00,47567,47588,47541,47571
2025-11-26T12:30:00-05:00,47572,47632,47572,47609
2025-11-26T12:45:00-05:00,47611,47624,47585,47596
2025-11-26T13:00:00-05:00,47594,47620,47505,47578
2025-11-26T13:15:00-05:00,47577,47612,47522,47581
2025-11-26T13:30:00-05:00,47580,47582,47510,47514
2025-11-26T13:45:00-05:00,47512,47576,47498,47545
2025-11-26T14:00:00-05:00,47542,47588,47538,47569
2025-11-26T14:15:00-05:00,47567,47607,47567,47593
2025-11-26T14:30:00-05:00,47594,47602,47551,47559
2025-11-26T14:45:00-05:00,47561,47581,47549,47556
2025-11-26T15:00:00-05:00,47556,47581,47530,47574
2025-11-26T15:15:00-05:00,47576,47594,47559,47564
2025-11-26T15:30:00-05:00,47563,47576,47545,47557
2025-11-26T15:45:00-05:00,47557,47571,47477,47484
2025-11-26T16:00:00-05:00,47484,47515,47483,47502
2025-11-26T16:15:00-05:00,47502,47507,47490,47490
2025-11-26T16:30:00-05:00,47489,47505,47489,47497
2025-11-26T16:45:00-05:00,47497,47514,47494,47504
2025-11-26T18:00:00-05:00,47513,47517,47491,47495
2025-11-26T18:15:00-05:00,47497,47505,47483,47485
2025-11-26T18:30:00-05:00,47488,47514,47487,47487
2025-11-26T18:45:00-05:00,47486,47538,47468,47480
2025-11-26T19:00:00-05:00,47481,47537,47475,47531
2025-11-26T19:15:00-05:00,47529,47529,47515,47518
2025-11-26T19:30:00-05:00,47519,47527,47515,47518
2025-11-26T19:45:00-05:00,47517,47527,47507,47526
2025-11-26T20:00:00-05:00,47528,47530,47500,47504
2025-11-26T20:15:00-05:00,47502,47513,47495,47509
2025-11-26T20:30:00-05:00,47512,47513,47502,47510
2025-11-26T20:45:00-05:00,47511,47523,47507,47523
2025-11-26T21:00:00-05:00,47525,47528,47518,47521
2025-11-26T21:15:00-05:00,47523,47527,47515,47520
2025-11-26T21:30:00-05:00,47522,47525,47513,47517
2025-11-26T21:45:00-05:00,47519,47519,47501,47504
2025-11-26T22:00:00-05:00,47503,47507,47495,47498
2025-11-26T22:15:00-05:00,47500,47509,47498,47502
2025-11-26T22:30:00-05:00,47503,47505,47498,47503
2025-11-26T22:45:00-05:00,47504,47514,47503,47514
2025-11-26T23:00:00-05:00,47513,47517,47504,47506
2025-11-26T23:15:00-05:00,47506,47508,47501,47507
2025-11-26T23:30:00-05:00,47508,47518,47506,47511
2025-11-26T23:45:00-05:00,47511,47516,47511,47514
2025-11-27T00:00:00-05:00,47519,47530,47519,47530
2025-11-27T00:15:00-05:00,47529,47530,47523,47523
2025-11-27T00:30:00-05:00,47524,47530,47522,47525
2025-11-27T00:45:00-05:00,47526,47526,47512,47519
2025-11-27T01:00:00-05:00,47518,47518,47502,47504
2025-11-27T01:15:00-05:00,47501,47504,47489,47495
2025-11-27T01:30:00-05:00,47495,47495,47484,47489
2025-11-27T01:45:00-05:00,47491,47494,47479,47479
2025-11-27T02:00:00-05:00,47483,47492,47479,47490
2025-11-27T02:15:00-05:00,47490,47500,47485,47496
2025-11-27T02:30:00-05:00,47498,47500,47475,47494
2025-11-27T02:45:00-05:00,47491,47505,47486,47501
2025-11-27T03:00:00-05:00,47501,47501,47466,47489
2025-11-27T03:15:00-05:00,47489,47523,47489,47520
2025-11-27T03:30:00-05:00,47517,47525,47510,47512
2025-11-27T03:45:00-05:00,47513,47513,47480,47482
2025-11-27T04:00:00-05:00,47480,47492,47473,47483
2025-11-27T04:15:00-05:00,47480,47493,47471,47489
2025-11-27T04:30:00-05:00,47495,47504,47487,47489
2025-11-27T04:45:00-05:00,47490,47490,47449,47449
2025-11-27T05:00:00-05:00,47449,47479,47442,47474
2025-11-27T05:15:00-05:00,47475,47485,47472,47475
2025-11-27T05:30:00-05:00,47478,47486,47469,47486
2025-11-27T05:45:00-05:00,47486,47486,47476,47483
2025-11-27T06:00:00-05:00,47478,47489,47466,47471
2025-11-27T06:15:00-05:00,47474,47476,47453,47455
2025-11-27T06:30:00-05:00,47456,47477,47452,47476
2025-11-27T06:45:00-05:00,47478,47482,47469,47478
2025-11-27T07:00:00-05:00,47476,47499,47471,47498
2025-11-27T07:15:00-05:00,47495,47495,47475,47480
2025-11-27T07:30:00-05:00,47482,47491,47478,47480
2025-11-27T07:45:00-05:00,47481,47493,47479,47480
2025-11-27T08:00:00-05:00,47478,47482,47453,47456
2025-11-27T08:15:00-05:00,47454,47470,47453,47469
2025-11-27T08:30:00-05:00,47469,47504,47469,47494
2025-11-27T08:45:00-05:00,47493,47493,47470,47486
2025-11-27T09:00:00-05:00,47484,47503,47483,47501
2025-11-27T09:15:00-05:00,47504,47517,47500,47512
2025-11-27T09:30:00-05:00,47513,47515,47490,47505
2025-11-27T09:45:00-05:00,47504,47508,47495,47506
2025-11-27T10:00:00-05:00,47506,47509,47488,47507
2025-11-27T10:15:00-05:00,47509,47519,47503,47515
2025-11-27T10:30:00-05:00,47514,47515,47485,47487
2025-11-27T10:45:00-05:00,47485,47486,47475,47483
2025-11-27T11:00:00-05:00,47482,47483,47459,47470
2025-11-27T11:15:00-05:00,47471,47490,47468,47488
2025-11-27T11:30:00-05:00,47489,47495,47481,47495
2025-11-27T11:45:00-05:00,47493,47495,47462,47481
2025-11-27T12:00:00-05:00,47480,47488,47455,47458
2025-11-27T12:15:00-05:00,47459,47470,47459,47466
2025-11-27T12:30:00-05:00,47469,47491,47469,47488
2025-11-27T12:45:00-05:00,47488,47491,47475,47476
2025-11-27T18:00:00-05:00,47493,47519,47485,47513
2025-11-27T18:15:00-05:00,47508,47531,47505,47530
2025-11-27T18:30:00-05:00,47529,47532,47516,47532
2025-11-27T18:45:00-05:00,47529,47560,47529,47558
2025-11-27T19:00:00-05:00,47558,47572,47550,47567
2025-11-27T19:15:00-05:00,47566,47573,47557,47557
2025-11-27T19:30:00-05:00,47558,47558,47545,47550
2025-11-27T19:45:00-05:00,47550,47558,47545,47556
2025-11-27T20:00:00-05:00,47554,47577,47554,47571
2025-11-27T20:15:00-05:00,47575,47580,47569,47571
2025-11-27T20:30:00-05:00,47570,47571,47535,47539
2025-11-27T20:45:00-05:00,47539,47548,47538,47543
2025-11-27T21:00:00-05:00,47538,47548,47531,47531
2025-11-27T21:15:00-05:00,47531,47556,47531,47556
2025-11-27T21:30:00-05:00,47547,47547,47538,47542
2025-11-28T08:30:00-05:00,47536,47593,47460,47548
2025-11-28T08:45:00-05:00,47546,47552,47522,47543
2025-11-28T09:00:00-05:00,47535,47651,47505,47539
2025-11-28T09:15:00-05:00,47540,47568,47517,47552
2025-11-28T09:30:00-05:00,47551,47610,47521,47610
2025-11-28T09:45:00-05:00,47612,47617,47566,47607
2025-11-28T10:00:00-05:00,47608,47660,47600,47652
2025-11-28T10:15:00-05:00,47652,47746,47651,47716
2025-11-28T10:30:00-05:00,47716,47764,47716,47734
2025-11-28T10:45:00-05:00,47739,47768,47729,47751
2025-11-28T11:00:00-05:00,47748,47773,47740,47770
2025-11-28T11:15:00-05:00,47771,47780,47709,47738
2025-11-28T11:30:00-05:00,47742,47796,47717,47781
2025-11-28T11:45:00-05:00,47778,47791,47765,47775
2025-11-28T12:00:00-05:00,47780,47792,47750,47751
2025-11-28T12:15:00-05:00,47754,47763,47689,47701
2025-11-28T12:30:00-05:00,47701,47732,47691,47712
2025-11-28T12:45:00-05:00,47710,47779,47695,47751
2025-11-28T13:00:00-05:00,47751,47778,47728,47739
2025-11-30T18:00:00-05:00,47741,47783,47721,47731
2025-11-30T18:15:00-05:00,47734,47764,47734,47749
2025-11-30T18:30:00-05:00,47751,47751,47683,47683
2025-11-30T18:45:00-05:00,47682,47714,47682,47711
2025-11-30T19:00:00-05:00,47712,47721,47664,47669
2025-11-30T19:15:00-05:00,47672,47684,47622,47643
2025-11-30T19:30:00-05:00,47645,47650,47625,47631
2025-11-30T19:45:00-05:00,47631,47631,47595,47609
2025-11-30T20:00:00-05:00,47605,47624,47542,47547
2025-11-30T20:15:00-05:00,47546,47611,47545,47604
2025-11-30T20:30:00-05:00,47605,47613,47578,47606
2025-11-30T20:45:00-05:00,47608,47615,47586,47589
2025-11-30T21:00:00-05:00,47590,47595,47568,47568
2025-11-30T21:15:00-05:00,47572,47579,47561,47568
2025-11-30T21:30:00-05:00,47574,47579,47557,47557
2025-11-30T21:45:00-05:00,47556,47562,47540,47549
2025-11-30T22:00:00-05:00,47549,47551,47523,47528
2025-11-30T22:15:00-05:00,47528,47549,47522,47545
2025-11-30T22:30:00-05:00,47543,47553,47524,47542
2025-11-30T22:45:00-05:00,47543,47555,47539,47543
2025-11-30T23:00:00-05:00,47542,47542,47524,47524
2025-11-30T23:15:00-05:00,47522,47534,47516,47517
2025-11-30T23:30:00-05:00,47520,47523,47512,47517
2025-11-30T23:45:00-05:00,47515,47519,47490,47490
2025-12-01T00:00:00-05:00,47489,47491,47467,47477
2025-12-01T00:15:00-05:00,47478,47481,47467,47480
2025-12-01T00:30:00-05:00,47479,47490,47466,47477
2025-12-01T00:45:00-05:00,47480,47514,47480,47508
2025-12-01T01:00:00-05:00,47509,47511,47492,47498
2025-12-01T01:15:00-05:00,47500,47518,47488,47511
2025-12-01T01:30:00-05:00,47513,47513,47496,47508
2025-12-01T01:45:00-05:00,47508,47509,47496,47503
2025-12-01T02:00:00-05:00,47505,47512,47462,47467
2025-12-01T02:15:00-05:00,47467,47510,47465,47509
2025-12-01T02:30:00-05:00,47508,47513,47479,47496
2025-12-01T02:45:00-05:00,47496,47515,47495,47505
2025-12-01T03:00:00-05:00,47506,47535,47477,47528
2025-12-01T03:15:00-05:00,47530,47570,47530,47548
2025-12-01T03:30:00-05:00,47547,47572,47535,47566
2025-12-01T03:45:00-05:00,47573,47573,47550,47552
2025-12-01T04:00:00-05:00,47550,47585,47542,47572
2025-12-01T04:15:00-05:00,47572,47578,47557,47570
2025-12-01T04:30:00-05:00,47573,47579,47540,47547
2025-12-01T04:45:00-05:00,47549,47553,47505,47510
2025-12-01T05:00:00-05:00,47512,47558,47507,47556
2025-12-01T05:15:00-05:00,47557,47565,47544,47553
2025-12-01T05:30:00-05:00,47550,47555,47530,47548
2025-12-01T05:45:00-05:00,47548,47555,47521,47523
2025-12-01T06:00:00-05:00,47522,47531,47508,47525
2025-12-01T06:15:00-05:00,47524,47537,47512,47529
2025-12-01T06:30:00-05:00,47530,47554,47528,47541
2025-12-01T06:45:00-05:00,47541,47566,47541,47559
2025-12-01T07:00:00-05:00,47560,47571,47523,47539
2025-12-01T07:15:00-05:00,47536,47551,47522,47525
2025-12-01T07:30:00-05:00,47524,47528,47504,47517
2025-12-01T07:45:00-05:00,47517,47534,47498,47528
2025-12-01T08:00:00-05:00,47528,47543,47501,47529
2025-12-01T08:15:00-05:00,47528,47550,47523,47538
2025-12-01T08:30:00-05:00,47539,47555,47516,47546
2025-12-01T08:45:00-05:00,47546,47546,47520,47541
2025-12-01T09:00:00-05:00,47541,47544,47516,47544
2025-12-01T09:15:00-05:00,47545,47546,47433,47457
2025-12-01T09:30:00-05:00,47458,47582,47445,47559
2025-12-01T09:45:00-05:00,47562,47722,47534,47686
2025-12-01T10:00:00-05:00,47698,47713,47544,47565
2025-12-01T10:15:00-05:00,47567,47571,47426,47434
2025-12-01T10:30:00-05:00,47433,47463,47377,47431
2025-12-01T10:45:00-05:00,47438,47557,47425,47539
2025-12-01T11:00:00-05:00,47539,47571,47465,47504
2025-12-01T11:15:00-05:00,47499,47548,47482,47528
2025-12-01T11:30:00-05:00,47529,47591,47515,47576
2025-12-01T11:45:00-05:00,47574,47583,47539,47552
2025-12-01T12:00:00-05:00,47548,47573,47528,47528
2025-12-01T12:15:00-05:00,47528,47548,47490,47534
2025-12-01T12:30:00-05:00,47532,47553,47502,47552
2025-12-01T12:45:00-05:00,47554,47565,47522,47544
2025-12-01T13:00:00-05:00,47545,47589,47542,47588
2025-12-01T13:15:00-05:00,47587,47603,47570,47584
2025-12-01T13:30:00-05:00,47584,47613,47584,47608
2025-12-01T13:45:00-05:00,47609,47619,47579,47583
2025-12-01T14:00:00-05:00,47582,47583,47495,47518
2025-12-01T14:15:00-05:00,47516,47517,47416,47425
2025-12-01T14:30:00-05:00,47425,47457,47388,47403
2025-12-01T14:45:00-05:00,47402,47423,47380,47403
2025-12-01T15:00:00-05:00,47402,47448,47392,47442
2025-12-01T15:15:00-05:00,47442,47460,47405,47430
2025-12-01T15:30:00-05:00,47431,47448,47401,47442
2025-12-01T15:45:00-05:00,47441,47449,47319,47361
2025-12-01T16:00:00-05:00,47361,47367,47338,47338
2025-12-01T16:15:00-05:00,47338,47362,47335,47356
2025-12-01T16:30:00-05:00,47357,47358,47348,47355
2025-12-01T16:45:00-05:00,47354,47357,47342,47345
2025-12-01T18:00:00-05:00,47358,47366,47320,47324
2025-12-01T18:15:00-05:00,47327,47364,47325,47355
2025-12-01T18:30:00-05:00,47357,47367,47348,47359
2025-12-01T18:45:00-05:00,47356,47358,47329,47330
2025-12-01T19:00:00-05:00,47330,47338,47314,47330
2025-12-01T19:15:00-05:00,47330,47337,47321,47335
2025-12-01T19:30:00-05:00,47334,47356,47334,47342
2025-12-01T19:45:00-05:00,47342,47342,47331,47333
2025-12-01T20:00:00-05:00,47330,47369,47326,47358
2025-12-01T20:15:00-05:00,47356,47364,47348,47355
2025-12-01T20:30:00-05:00,47354,47354,47337,47338
2025-12-01T20:45:00-05:00,47337,47346,47335,47335
2025-12-01T21:00:00-05:00,47335,47337,47317,47328
2025-12-01T21:15:00-05:00,47328,47334,47323,47324
2025-12-01T21:30:00-05:00,47322,47341,47312,47341
2025-12-01T21:45:00-05:00,47342,47354,47341,47345
2025-12-01T22:00:00-05:00,47343,47346,47330,47332
2025-12-01T22:15:00-05:00,47332,47332,47288,47295
2025-12-01T22:30:00-05:00,47289,47308,47280,47306
2025-12-01T22:45:00-05:00,47304,47334,47298,47321
2025-12-01T23:00:00-05:00,47322,47332,47319,47329
2025-12-01T23:15:00-05:00,47324,47329,47320,47323
2025-12-01T23:30:00-05:00,47323,47330,47317,47320
2025-12-01T23:45:00-05:00,47319,47320,47299,47305
2025-12-02T00:00:00-05:00,47305,47314,47300,47303
2025-12-02T00:15:00-05:00,47305,47309,47299,47306
2025-12-02T00:30:00-05:00,47307,47312,47304,47304
2025-12-02T00:45:00-05:00,47304,47311,47302,47310
2025-12-02T01:00:00-05:00,47309,47309,47283,47291
2025-12-02T01:15:00-05:00,47291,47291,47270,47278
2025-12-02T01:30:00-05:00,47279,47298,47279,47296
2025-12-02T01:45:00-05:00,47300,47323,47298,47309
2025-12-02T02:00:00-05:00,47311,47326,47309,47321
2025-12-02T02:15:00-05:00,47324,47339,47320,47335
2025-12-02T02:30:00-05:00,47339,47340,47301,47311
2025-12-02T02:45:00-05:00,47313,47320,47308,47315
2025-12-02T03:00:00-05:00,47314,47314,47269,47299
2025-12-02T03:15:00-05:00,47301,47312,47296,47310
2025-12-02T03:30:00-05:00,47308,47340,47306,47333
2025-12-02T03:45:00-05:00,47336,47363,47335,47361
2025-12-02T04:00:00-05:00,47359,47380,47357,47368
2025-12-02T04:15:00-05:00,47369,47398,47368,47389
2025-12-02T04:30:00-05:00,47389,47389,47358,47367
2025-12-02T04:45:00-05:00,47365,47395,47359,47387
2025-12-02T05:00:00-05:00,47387,47399,47381,47394
2025-12-02T05:15:00-05:00,47392,47398,47372,47396
2025-12-02T05:30:00-05:00,47394,47419,47394,47419
2025-12-02T05:45:00-05:00,47420,47441,47414,47429
2025-12-02T06:00:00-05:00,47431,47436,47421,47428
2025-12-02T06:15:00-05:00,47428,47433,47411,47422
2025-12-02T06:30:00-05:00,47423,47431,47399,47407
2025-12-02T06:45:00-05:00,47405,47410,47399,47402
2025-12-02T07:00:00-05:00,47401,47404,47377,47389
2025-12-02T07:15:00-05:00,47390,47403,47383,47398
2025-12-02T07:30:00-05:00,47394,47394,47359,47374
2025-12-02T07:45:00-05:00,47376,47407,47364,47403
2025-12-02T08:00:00-05:00,47402,47407,47392,47401
2025-12-02T08:15:00-05:00,47402,47432,47388,47431
2025-12-02T08:30:00-05:00,47432,47454,47421,47453
2025-12-02T08:45:00-05:00,47454,47492,47443,47488
2025-12-02T09:00:00-05:00,47488,47507,47479,47506
2025-12-02T09:15:00-05:00,47504,47507,47418,47440
2025-12-02T09:30:00-05:00,47441,47522,47327,47371
2025-12-02T09:45:00-05:00,47372,47491,47357,47479
2025-12-02T10:00:00-05:00,47476,47539,47445,47530
2025-12-02T10:15:00-05:00,47530,47575,47408,47416
2025-12-02T10:30:00-05:00,47415,47548,47385,47527
2025-12-02T10:45:00-05:00,47528,47625,47517,47617
2025-12-02T11:00:00-05:00,47620,47668,47540,47560
2025-12-02T11:15:00-05:00,47560,47576,47399,47414
2025-12-02T11:30:00-05:00,47414,47516,47405,47470
2025-12-02T11:45:00-05:00,47463,47521,47448,47475
2025-12-02T12:00:00-05:00,47475,47541,47471,47532
2025-12-02T12:15:00-05:00,47532,47618,47532,47608
2025-12-02T12:30:00-05:00,47607,47634,47585,47603
2025-12-02T12:45:00-05:00,47605,47615,47429,47431
2025-12-02T13:00:00-05:00,47430,47492,47420,47430
2025-12-02T13:15:00-05:00,47430,47467,47396,47422
2025-12-02T13:30:00-05:00,47421,47449,47374,47406
2025-12-02T13:45:00-05:00,47405,47478,47395,47464
2025-12-02T14:00:00-05:00,47464,47542,47463,47521
2025-12-02T14:15:00-05:00,47521,47539,47467,47536
2025-12-02T14:30:00-05:00,47534,47559,47525,47538
2025-12-02T14:45:00-05:00,47542,47601,47535,47571
2025-12-02T15:00:00-05:00,47572,47622,47559,47606
2025-12-02T15:15:00-05:00,47610,47627,47602,47616
2025-12-02T15:30:00-05:00,47615,47658,47610,47631
2025-12-02T15:45:00-05:00,47632,47652,47533,47541
2025-12-02T16:00:00-05:00,47541,47560,47526,47549
2025-12-02T16:15:00-05:00,47549,47569,47546,47565
2025-12-02T16:30:00-05:00,47565,47565,47549,47551
2025-12-02T16:45:00-05:00,47549,47558,47546,47555
2025-12-02T18:00:00-05:00,47543,47574,47531,47557
2025-12-02T18:15:00-05:00,47558,47583,47558,47578
2025-12-02T18:30:00-05:00,47581,47586,47575,47585
2025-12-02T18:45:00-05:00,47585,47617,47562,47595
2025-12-02T19:00:00-05:00,47598,47609,47565,47583
2025-12-02T19:15:00-05:00,47584,47589,47541,47545
2025-12-02T19:30:00-05:00,47546,47589,47546,47586
2025-12-02T19:45:00-05:00,47585,47621,47585,47614
2025-12-02T20:00:00-05:00,47612,47619,47602,47608
2025-12-02T20:15:00-05:00,47610,47617,47602,47611
2025-12-02T20:30:00-05:00,47610,47623,47610,47619
2025-12-02T20:45:00-05:00,47616,47622,47607,47613
2025-12-02T21:00:00-05:00,47613,47628,47609,47625
2025-12-02T21:15:00-05:00,47626,47646,47623,47636
2025-12-02T21:30:00-05:00,47634,47634,47617,47619
2025-12-02T21:45:00-05:00,47622,47631,47619,47626
2025-12-02T22:00:00-05:00,47627,47635,47620,47631
2025-12-02T22:15:00-05:00,47631,47655,47631,47655
2025-12-02T22:30:00-05:00,47657,47667,47656,47662
2025-12-02T22:45:00-05:00,47665,47665,47658,47662
2025-12-02T23:00:00-05:00,47662,47670,47661,47665
2025-12-02T23:15:00-05:00,47665,47670,47662,47666
2025-12-02T23:30:00-05:00,47662,47665,47659,47664
2025-12-02T23:45:00-05:00,47663,47664,47653,47657
2025-12-03T00:00:00-05:00,47655,47666,47655,47662
2025-12-03T00:15:00-05:00,47664,47672,47660,47665
2025-12-03T00:30:00-05:00,47665,47666,47646,47647
2025-12-03T00:45:00-05:00,47647,47650,47637,47642
2025-12-03T01:00:00-05:00,47641,47644,47629,47629
2025-12-03T01:15:00-05:00,47630,47633,47618,47621
2025-12-03T01:30:00-05:00,47620,47639,47608,47636
2025-12-03T01:45:00-05:00,47636,47665,47616,47627
2025-12-03T02:00:00-05:00,47628,47650,47628,47644
2025-12-03T02:15:00-05:00,47646,47659,47641,47652
2025-12-03T02:30:00-05:00,47651,47651,47624,47625
2025-12-03T02:45:00-05:00,47623,47641,47618,47632
2025-12-03T03:00:00-05:00,47631,47651,47625,47638
2025-12-03T03:15:00-05:00,47636,47643,47614,47623
2025-12-03T03:30:00-05:00,47623,47636,47601,47634
2025-12-03T03:45:00-05:00,47634,47657,47627,47656
2025-12-03T04:00:00-05:00,47656,47657,47614,47636
2025-12-03T04:15:00-05:00,47636,47639,47623,47625
2025-12-03T04:30:00-05:00,47627,47656,47619,47637
2025-12-03T04:45:00-05:00,47632,47648,47632,47638
2025-12-03T05:00:00-05:00,47638,47656,47637,47642
2025-12-03T05:15:00-05:00,47643,47649,47640,47643
2025-12-03T05:30:00-05:00,47645,47645,47624,47631
2025-12-03T05:45:00-05:00,47629,47630,47596,47611
2025-12-03T06:00:00-05:00,47608,47616,47596,47606
2025-12-03T06:15:00-05:00,47607,47623,47601,47620
2025-12-03T06:30:00-05:00,47619,47630,47615,47627
2025-12-03T06:45:00-05:00,47626,47630,47610,47611
2025-12-03T07:00:00-05:00,47609,47634,47587,47627
2025-12-03T07:15:00-05:00,47627,47650,47622,47649
2025-12-03T07:30:00-05:00,47650,47672,47649,47665
2025-12-03T07:45:00-05:00,47664,47674,47656,47657
2025-12-03T08:00:00-05:00,47656,47671,47654,47671
2025-12-03T08:15:00-05:00,47671,47696,47619,47636
2025-12-03T08:30:00-05:00,47635,47651,47624,47644
2025-12-03T08:45:00-05:00,47642,47650,47617,47617
2025-12-03T09:00:00-05:00,47617,47623,47428,47451
2025-12-03T09:15:00-05:00,47454,47502,47435,47498
2025-12-03T09:30:00-05:00,47497,47650,47481,47628
2025-12-03T09:45:00-05:00,47629,47645,47510,47589
2025-12-03T10:00:00-05:00,47587,47678,47584,47627
2025-12-03T10:15:00-05:00,47628,47717,47605,47701
2025-12-03T10:30:00-05:00,47700,47774,47677,47685
2025-12-03T10:45:00-05:00,47689,47740,47683,47724
2025-12-03T11:00:00-05:00,47722,47788,47709,47754
2025-12-03T11:15:00-05:00,47750,47808,47736,47748
2025-12-03T11:30:00-05:00,47750,47845,47735,47793
2025-12-03T11:45:00-05:00,47794,47830,47710,47737
2025-12-03T12:00:00-05:00,47737,47815,47735,47809
2025-12-03T12:15:00-05:00,47811,47873,47810,47854
2025-12-03T12:30:00-05:00,47856,47906,47855,47905
2025-12-03T12:45:00-05:00,47905,47916,47876,47889
2025-12-03T13:00:00-05:00,47893,47929,47891,47918
2025-12-03T13:15:00-05:00,47919,47925,47871,47916
2025-12-03T13:30:00-05:00,47913,47967,47908,47964
2025-12-03T13:45:00-05:00,47967,47977,47933,47940
2025-12-03T14:00:00-05:00,47937,47997,47934,47982
2025-12-03T14:15:00-05:00,47984,47999,47964,47998
2025-12-03T14:30:00-05:00,48000,48002,47978,47994
2025-12-03T14:45:00-05:00,47994,48013,47983,47986
2025-12-03T15:00:00-05:00,47985,48032,47983,48003
2025-12-03T15:15:00-05:00,48002,48014,47968,47991
2025-12-03T15:30:00-05:00,47990,48010,47985,48004
2025-12-03T15:45:00-05:00,48005,48013,47944,47957
2025-12-03T16:00:00-05:00,47958,48081,47930,48037
2025-12-03T16:15:00-05:00,48039,48054,48029,48036
2025-12-03T16:30:00-05:00,48034,48051,48031,48042
2025-12-03T16:45:00-05:00,48042,48048,48032,48041
2025-12-03T18:00:00-05:00,47994,48011,47980,48000
2025-12-03T18:15:00-05:00,48001,48011,47995,48001
2025-12-03T18:30:00-05:00,48004,48015,47996,48012
2025-12-03T18:45:00-05:00,48012,48014,47998,48007
2025-12-03T19:00:00-05:00,48007,48030,47998,48021
2025-12-03T19:15:00-05:00,48021,48027,48012,48016
2025-12-03T19:30:00-05:00,48016,48021,48013,48014
2025-12-03T19:45:00-05:00,48014,48015,47976,47983
2025-12-03T20:00:00-05:00,47984,48013,47982,48008
2025-12-03T20:15:00-05:00,48005,48017,48002,48016
2025-12-03T20:30:00-05:00,48016,48016,48000,48009
2025-12-03T20:45:00-05:00,48008,48009,47995,48003
2025-12-03T21:00:00-05:00,48002,48004,47989,47993
2025-12-03T21:15:00-05:00,47992,48005,47985,48003
2025-12-03T21:30:00-05:00,48001,48008,48001,48002
2025-12-03T21:45:00-05:00,48003,48022,48001,48014
2025-12-03T22:00:00-05:00,48017,48017,47998,48005
2025-12-03T22:15:00-05:00,48000,48001,47990,47996
2025-12-03T22:30:00-05:00,47993,47994,47980,47991
2025-12-03T22:45:00-05:00,47990,48001,47989,48000
2025-12-03T23:00:00-05:00,48002,48005,47995,48004
2025-12-03T23:15:00-05:00,48006,48010,47997,48005
2025-12-03T23:30:00-05:00,48005,48014,48003,48014
2025-12-03T23:45:00-05:00,48014,48019,48009,48014
2025-12-04T00:00:00-05:00,48016,48017,48009,48017
2025-12-04T00:15:00-05:00,48018,48018,48002,48002
2025-12-04T00:30:00-05:00,48001,48011,48001,48009
2025-12-04T00:45:00-05:00,48010,48014,48007,48009
2025-12-04T01:00:00-05:00,48009,48017,48004,48004
2025-12-04T01:15:00-05:00,48004,48008,47994,48008
2025-12-04T01:30:00-05:00,48007,48010,48001,48005
2025-12-04T01:45:00-05:00,48006,48019,48006,48015
2025-12-04T02:00:00-05:00,48015,48034,48011,48016
2025-12-04T02:15:00-05:00,48018,48029,48016,48022
2025-12-04T02:30:00-05:00,48022,48023,48008,48012
2025-12-04T02:45:00-05:00,48013,48026,48011,48021
2025-12-04T03:00:00-05:00,48021,48023,47981,47989
2025-12-04T03:15:00-05:00,47990,48001,47958,47971
2025-12-04T03:30:00-05:00,47968,48001,47962,47984
2025-12-04T03:45:00-05:00,47986,47991,47972,47976
2025-12-04T04:00:00-05:00,47975,47990,47968,47975
2025-12-04T04:15:00-05:00,47972,47991,47955,47989
2025-12-04T04:30:00-05:00,47989,48018,47989,48013
2025-12-04T04:45:00-05:00,48016,48024,48006,48021
2025-12-04T05:00:00-05:00,48019,48025,48013,48018
2025-12-04T05:15:00-05:00,48016,48022,48013,48014
2025-12-04T05:30:00-05:00,48014,48014,47979,47982
2025-12-04T05:45:00-05:00,47984,47995,47976,47990
2025-12-04T06:00:00-05:00,47991,48008,47980,47998
2025-12-04T06:15:00-05:00,47996,47999,47992,47992
2025-12-04T06:30:00-05:00,47994,48001,47988,47993
2025-12-04T06:45:00-05:00,47991,48017,47989,48015
2025-12-04T07:00:00-05:00,48015,48026,48010,48022
2025-12-04T07:15:00-05:00,48024,48025,48005,48009
2025-12-04T07:30:00-05:00,48009,48012,47998,48003
2025-12-04T07:45:00-05:00,48002,48011,47989,47993
2025-12-04T08:00:00-05:00,47992,47996,47979,47979
2025-12-04T08:15:00-05:00,47979,48007,47975,48005
2025-12-04T08:30:00-05:00,48007,48021,47956,47961
2025-12-04T08:45:00-05:00,47963,47985,47961,47980
2025-12-04T09:00:00-05:00,47980,48017,47968,48013
2025-12-04T09:15:00-05:00,48014,48018,47964,47981
2025-12-04T09:30:00-05:00,47980,48132,47928,47956
2025-12-04T09:45:00-05:00,47957,47966,47855,47901
2025-12-04T10:00:00-05:00,47899,47926,47860,47907
2025-12-04T10:15:00-05:00,47906,47992,47884,47977
2025-12-04T10:30:00-05:00,47977,48017,47958,47966
2025-12-04T10:45:00-05:00,47970,47972,47906,47944
2025-12-04T11:00:00-05:00,47943,47972,47897,47944
2025-12-04T11:15:00-05:00,47940,47978,47899,47926
2025-12-04T11:30:00-05:00,47923,47926,47866,47879
2025-12-04T11:45:00-05:00,47883,47947,47883,47936
2025-12-04T12:00:00-05:00,47934,47944,47840,47884
2025-12-04T12:15:00-05:00,47889,47925,47862,47915
2025-12-04T12:30:00-05:00,47916,47942,47895,47922
2025-12-04T12:45:00-05:00,47922,47960,47919,47947
2025-12-04T13:00:00-05:00,47944,47961,47912,47943
2025-12-04T13:15:00-05:00,47944,48007,47944,48002
2025-12-04T13:30:00-05:00,48000,48006,47927,47944
2025-12-04T13:45:00-05:00,47945,47960,47940,47947
2025-12-04T14:00:00-05:00,47947,47959,47890,47898
2025-12-04T14:15:00-05:00,47895,47897,47756,47818
2025-12-04T14:30:00-05:00,47817,47926,47805,47886
2025-12-04T14:45:00-05:00,47884,47911,47858,47870
2025-12-04T15:00:00-05:00,47866,47881,47807,47868
2025-12-04T15:15:00-05:00,47868,47872,47825,47830
2025-12-04T15:30:00-05:00,47828,47870,47821,47856
2025-12-04T15:45:00-05:00,47856,47929,47834,47917
2025-12-04T16:00:00-05:00,47918,47924,47899,47900
2025-12-04T16:15:00-05:00,47902,47916,47900,47911
2025-12-04T16:30:00-05:00,47911,47916,47908,47911
2025-12-04T16:45:00-05:00,47913,47919,47906,47907
2025-12-04T18:00:00-05:00,47913,47925,47883,47898
2025-12-04T18:15:00-05:00,47901,47905,47890,47903
2025-12-04T18:30:00-05:00,47905,47912,47887,47889
2025-12-04T18:45:00-05:00,47888,47901,47880,47893
2025-12-04T19:00:00-05:00,47891,47903,47882,47889
2025-12-04T19:15:00-05:00,47888,47924,47888,47915
2025-12-04T19:30:00-05:00,47912,47941,47909,47926
2025-12-04T19:45:00-05:00,47920,47929,47917,47924
2025-12-04T20:00:00-05:00,47923,47938,47919,47927
2025-12-04T20:15:00-05:00,47930,47932,47920,47927
2025-12-04T20:30:00-05:00,47923,47941,47923,47938
2025-12-04T20:45:00-05:00,47934,47944,47932,47940
2025-12-04T21:00:00-05:00,47941,47941,47929,47941
2025-12-04T21:15:00-05:00,47944,47975,47928,47974
2025-12-04T21:30:00-05:00,47972,47973,47935,47936
2025-12-04T21:45:00-05:00,47937,47955,47937,47946
2025-12-04T22:00:00-05:00,47946,47950,47940,47940
2025-12-04T22:15:00-05:00,47942,47953,47939,47939
2025-12-04T22:30:00-05:00,47940,47941,47924,47936
2025-12-04T22:45:00-05:00,47934,47948,47934,47944
2025-12-04T23:00:00-05:00,47940,47953,47938,47942
2025-12-04T23:15:00-05:00,47942,47945,47916,47932
2025-12-04T23:30:00-05:00,47933,47936,47925,47927
2025-12-04T23:45:00-05:00,47925,47939,47923,47936
2025-12-05T00:00:00-05:00,47938,47948,47938,47947
2025-12-05T00:15:00-05:00,47940,47947,47938,47942
2025-12-05T00:30:00-05:00,47943,47946,47937,47942
2025-12-05T00:45:00-05:00,47941,47960,47940,47950
2025-12-05T01:00:00-05:00,47948,47956,47946,47951
2025-12-05T01:15:00-05:00,47951,47958,47940,47944
2025-12-05T01:30:00-05:00,47942,47966,47923,47942
2025-12-05T01:45:00-05:00,47942,47945,47918,47937
2025-12-05T02:00:00-05:00,47939,47957,47936,47944
2025-12-05T02:15:00-05:00,47938,47945,47930,47944
2025-12-05T02:30:00-05:00,47945,47950,47935,47940
2025-12-05T02:45:00-05:00,47941,47943,47933,47940
2025-12-05T03:00:00-05:00,47939,47954,47930,47952
2025-12-05T03:15:00-05:00,47952,47974,47919,47938
2025-12-05T03:30:00-05:00,47938,47940,47920,47931
2025-12-05T03:45:00-05:00,47929,47933,47906,47909
2025-12-05T04:00:00-05:00,47909,47925,47906,47917
2025-12-05T04:15:00-05:00,47917,47935,47913,47932
2025-12-05T04:30:00-05:00,47933,47933,47895,47902
2025-12-05T04:45:00-05:00,47902,47905,47898,47899
2025-12-05T05:00:00-05:00,47900,47914,47895,47905
2025-12-05T05:15:00-05:00,47907,47913,47906,47913
2025-12-05T05:30:00-05:00,47910,47914,47904,47910
2025-12-05T05:45:00-05:00,47908,47916,47905,47909
2025-12-05T06:00:00-05:00,47910,47927,47902,47920
2025-12-05T06:15:00-05:00,47919,47951,47905,47941
2025-12-05T06:30:00-05:00,47942,47998,47939,47953
2025-12-05T06:45:00-05:00,47954,47960,47947,47957
2025-12-05T07:00:00-05:00,47958,47982,47945,47981
2025-12-05T07:15:00-05:00,47981,47984,47937,47961
2025-12-05T07:30:00-05:00,47960,47969,47955,47961
2025-12-05T07:45:00-05:00,47960,47970,47950,47963
2025-12-05T08:00:00-05:00,47964,47968,47956,47958
2025-12-05T08:15:00-05:00,47958,47965,47933,47941
2025-12-05T08:30:00-05:00,47937,47943,47851,47862
2025-12-05T08:45:00-05:00,47860,47862,47818,47860
2025-12-05T09:00:00-05:00,47857,47915,47856,47915
2025-12-05T09:15:00-05:00,47916,47949,47914,47936
2025-12-05T09:30:00-05:00,47936,48081,47934,48041
2025-12-05T09:45:00-05:00,48043,48097,48009,48079
2025-12-05T10:00:00-05:00,48084,48184,48074,48141
2025-12-05T10:15:00-05:00,48144,48161,48083,48116
2025-12-05T10:30:00-05:00,48115,48132,48064,48086
2025-12-05T10:45:00-05:00,48085,48121,48040,48056
2025-12-05T11:00:00-05:00,48054,48082,48019,48026
2025-12-05T11:15:00-05:00,48024,48064,47998,48003
2025-12-05T11:30:00-05:00,48002,48002,47920,47931
2025-12-05T11:45:00-05:00,47931,48021,47931,47998
2025-12-05T12:00:00-05:00,47996,48010,47938,47963
2025-12-05T12:15:00-05:00,47964,47990,47953,47964
2025-12-05T12:30:00-05:00,47964,47976,47914,47964
2025-12-05T12:45:00-05:00,47961,48054,47949,48047
2025-12-05T13:00:00-05:00,48046,48094,48046,48074
2025-12-05T13:15:00-05:00,48076,48085,48005,48078
2025-12-05T13:30:00-05:00,48079,48108,48040,48064
2025-12-05T13:45:00-05:00,48067,48091,48059,48071
2025-12-05T14:00:00-05:00,48073,48075,48041,48068
2025-12-05T14:15:00-05:00,48067,48069,48019,48036
2025-12-05T14:30:00-05:00,48041,48067,48032,48051
2025-12-05T14:45:00-05:00,48051,48075,48040,48070
2025-12-05T15:00:00-05:00,48067,48069,48005,48042
2025-12-05T15:15:00-05:00,48043,48057,48012,48025
2025-12-05T15:30:00-05:00,48024,48026,47977,48006
2025-12-05T15:45:00-05:00,48004,48016,47928,47989
2025-12-05T16:00:00-05:00,47988,48015,47980,48010
2025-12-05T16:15:00-05:00,48010,48021,48007,48011
2025-12-05T16:30:00-05:00,48011,48019,48004,48009
2025-12-05T16:45:00-05:00,48005,48013,48002,48005
2025-12-07T18:00:00-05:00,48015,48040,47986,47996
2025-12-07T18:15:00-05:00,47994,48011,47990,48005
2025-12-07T18:30:00-05:00,48002,48016,48000,48008
2025-12-07T18:45:00-05:00,48005,48008,47995,48000
2025-12-07T19:00:00-05:00,47999,47999,47954,47961
2025-12-07T19:15:00-05:00,47962,47983,47960,47979
2025-12-07T19:30:00-05:00,47979,47993,47976,47992
2025-12-07T19:45:00-05:00,47991,48001,47987,47997
2025-12-07T20:00:00-05:00,47996,48003,47977,47979
2025-12-07T20:15:00-05:00,47980,47984,47973,47979
2025-12-07T20:30:00-05:00,47980,47997,47980,47994
2025-12-07T20:45:00-05:00,47993,47998,47980,47986
2025-12-07T21:00:00-05:00,47987,47995,47983,47994
2025-12-07T21:15:00-05:00,47993,47998,47986,47994
2025-12-07T21:30:00-05:00,47997,48000,47988,47995
2025-12-07T21:45:00-05:00,47992,48003,47985,48002
2025-12-07T22:00:00-05:00,48002,48004,47995,47997
2025-12-07T22:15:00-05:00,47998,48013,47998,48012
2025-12-07T22:30:00-05:00,48009,48018,48004,48007
2025-12-07T22:45:00-05:00,48005,48010,47999,48000
2025-12-07T23:00:00-05:00,48003,48008,48002,48007
2025-12-07T23:15:00-05:00,48007,48014,48005,48010
2025-12-07T23:30:00-05:00,48012,48015,48005,48011
2025-12-07T23:45:00-05:00,48009,48015,48006,48011
2025-12-08T00:00:00-05:00,48011,48024,48007,48021
2025-12-08T00:15:00-05:00,48021,48030,48019,48023
2025-12-08T00:30:00-05:00,48025,48028,48020,48026
2025-12-08T00:45:00-05:00,48026,48029,48014,48020
2025-12-08T01:00:00-05:00,48021,48028,48010,48028
2025-12-08T01:15:00-05:00,48029,48030,48019,48019
2025-12-08T01:30:00-05:00,48016,48027,48010,48011
2025-12-08T01:45:00-05:00,48012,48016,48006,48006
2025-12-08T02:00:00-05:00,48005,48020,48001,48018
2025-12-08T02:15:00-05:00,48017,48042,48017,48032
2025-12-08T02:30:00-05:00,48032,48039,48025,48033
2025-12-08T02:45:00-05:00,48032,48032,48014,48018
2025-12-08T03:00:00-05:00,48018,48026,47997,48001
2025-12-08T03:15:00-05:00,48001,48021,47994,48010
2025-12-08T03:30:00-05:00,48008,48012,47991,47996
2025-12-08T03:45:00-05:00,47991,47996,47975,47982
2025-12-08T04:00:00-05:00,47982,48001,47980,47996
2025-12-08T04:15:00-05:00,47995,48015,47992,48014
2025-12-08T04:30:00-05:00,48012,48023,48004,48008
2025-12-08T04:45:00-05:00,48007,48011,47990,47991
2025-12-08T05:00:00-05:00,47993,47995,47983,47989
2025-12-08T05:15:00-05:00,47990,47999,47977,47998
2025-12-08T05:30:00-05:00,47998,48013,47990,48005
2025-12-08T05:45:00-05:00,48006,48022,48005,48020
2025-12-08T06:00:00-05:00,48019,48020,47989,48002
2025-12-08T06:15:00-05:00,48000,48004,47995,48002
2025-12-08T06:30:00-05:00,48003,48011,47996,48007
2025-12-08T06:45:00-05:00,48007,48009,47997,48006
2025-12-08T07:00:00-05:00,48005,48028,47991,48012
2025-12-08T07:15:00-05:00,48012,48023,48009,48017
2025-12-08T07:30:00-05:00,48015,48027,48009,48018
2025-12-08T07:45:00-05:00,48020,48029,48012,48012
2025-12-08T08:00:00-05:00,48012,48023,47998,48020
2025-12-08T08:15:00-05:00,48023,48038,48010,48016
2025-12-08T08:30:00-05:00,48014,48021,47989,48002
2025-12-08T08:45:00-05:00,48001,48032,48001,48022
2025-12-08T09:00:00-05:00,48024,48061,48023,48058
2025-12-08T09:15:00-05:00,48058,48059,48023,48031
2025-12-08T09:30:00-05:00,48032,48035,47825,47889
2025-12-08T09:45:00-05:00,47889,47986,47873,47964
2025-12-08T10:00:00-05:00,47960,47962,47856,47857
2025-12-08T10:15:00-05:00,47858,47933,47846,47894
2025-12-08T10:30:00-05:00,47893,47934,47849,47853
2025-12-08T10:45:00-05:00,47855,47890,47820,47826
2025-12-08T11:00:00-05:00,47825,47864,47754,47825
2025-12-08T11:15:00-05:00,47826,47891,47811,47887
2025-12-08T11:30:00-05:00,47881,47885,47818,47863
2025-12-08T11:45:00-05:00,47863,47865,47783,47827
2025-12-08T12:00:00-05:00,47830,47830,47759,47770
2025-12-08T12:15:00-05:00,47769,47793,47745,47780
2025-12-08T12:30:00-05:00,47779,47814,47767,47799
2025-12-08T12:45:00-05:00,47798,47843,47787,47838
2025-12-08T13:00:00-05:00,47836,47846,47752,47757
2025-12-08T13:15:00-05:00,47759,47774,47706,47710
2025-12-08T13:30:00-05:00,47707,47745,47677,47742
2025-12-08T13:45:00-05:00,47740,47747,47663,47695
2025-12-08T14:00:00-05:00,47696,47721,47678,47690
2025-12-08T14:15:00-05:00,47691,47749,47690,47711
2025-12-08T14:30:00-05:00,47710,47758,47705,47750
2025-12-08T14:45:00-05:00,47749,47750,47708,47725
2025-12-08T15:00:00-05:00,47727,47753,47720,47751
2025-12-08T15:15:00-05:00,47752,47773,47746,47756
2025-12-08T15:30:00-05:00,47755,47761,47724,47760
2025-12-08T15:45:00-05:00,47760,47804,47730,47795
2025-12-08T16:00:00-05:00,47795,47807,47775,47787
2025-12-08T16:15:00-05:00,47785,47816,47781,47803
2025-12-08T16:30:00-05:00,47802,47819,47789,47798
2025-12-08T16:45:00-05:00,47797,47809,47777,47805
2025-12-08T18:00:00-05:00,47798,47806,47780,47785
2025-12-08T18:15:00-05:00,47790,47809,47784,47798
2025-12-08T18:30:00-05:00,47800,47800,47760,47791
2025-12-08T18:45:00-05:00,47791,47824,47788,47823
2025-12-08T19:00:00-05:00,47822,47822,47805,47808
2025-12-08T19:15:00-05:00,47804,47810,47798,47804
2025-12-08T19:30:00-05:00,47803,47810,47793,47801
2025-12-08T19:45:00-05:00,47802,47815,47798,47809
2025-12-08T20:00:00-05:00,47806,47808,47784,47803
2025-12-08T20:15:00-05:00,47803,47809,47794,47796
2025-12-08T20:30:00-05:00,47794,47797,47772,47775
2025-12-08T20:45:00-05:00,47782,47790,47781,47784
2025-12-08T21:00:00-05:00,47788,47793,47778,47793
2025-12-08T21:15:00-05:00,47794,47808,47794,47799
2025-12-08T21:30:00-05:00,47796,47820,47786,47817
2025-12-08T21:45:00-05:00,47818,47819,47798,47803
2025-12-08T22:00:00-05:00,47802,47812,47796,47804
2025-12-08T22:15:00-05:00,47802,47806,47798,47802
2025-12-08T22:30:00-05:00,47805,47813,47802,47805
2025-12-08T22:45:00-05:00,47803,47811,47796,47804
2025-12-08T23:00:00-05:00,47803,47805,47797,47798
2025-12-08T23:15:00-05:00,47796,47802,47794,47799
2025-12-08T23:30:00-05:00,47799,47799,47790,47796
2025-12-08T23:45:00-05:00,47798,47798,47792,47796
2025-12-09T00:00:00-05:00,47795,47797,47788,47792
2025-12-09T00:15:00-05:00,47793,47796,47789,47793
2025-12-09T00:30:00-05:00,47792,47798,47790,47794
2025-12-09T00:45:00-05:00,47795,47800,47788,47790
2025-12-09T01:00:00-05:00,47791,47791,47774,47781
2025-12-09T01:15:00-05:00,47783,47800,47782,47797
2025-12-09T01:30:00-05:00,47799,47817,47792,47817
2025-12-09T01:45:00-05:00,47820,47824,47810,47819
2025-12-09T02:00:00-05:00,47820,47822,47809,47815
2025-12-09T02:15:00-05:00,47813,47818,47808,47812
2025-12-09T02:30:00-05:00,47813,47824,47805,47820
2025-12-09T02:45:00-05:00,47819,47825,47805,47816
2025-12-09T03:00:00-05:00,47816,47834,47809,47822
2025-12-09T03:15:00-05:00,47822,47850,47819,47822
2025-12-09T03:30:00-05:00,47818,47827,47800,47811
2025-12-09T03:45:00-05:00,47808,47827,47808,47820
2025-12-09T04:00:00-05:00,47820,47827,47802,47825
2025-12-09T04:15:00-05:00,47824,47828,47813,47826
2025-12-09T04:30:00-05:00,47827,47832,47802,47805
2025-12-09T04:45:00-05:00,47805,47822,47805,47810
2025-12-09T05:00:00-05:00,47811,47819,47801,47812
2025-12-09T05:15:00-05:00,47814,47823,47801,47823
2025-12-09T05:30:00-05:00,47822,47826,47719,47822
2025-12-09T05:45:00-05:00,47825,47861,47807,47858
2025-12-09T06:00:00-05:00,47859,47863,47830,47839
2025-12-09T06:15:00-05:00,47841,47863,47823,47862
2025-12-09T06:30:00-05:00,47861,47861,47838,47838
2025-12-09T06:45:00-05:00,47841,47856,47834,47836
2025-12-09T07:00:00-05:00,47838,47840,47817,47821
2025-12-09T07:15:00-05:00,47824,47826,47816,47820
2025-12-09T07:30:00-05:00,47820,47820,47786,47792
2025-12-09T07:45:00-05:00,47789,47820,47777,47799
2025-12-09T08:00:00-05:00,47796,47818,47794,47810
2025-12-09T08:15:00-05:00,47809,47816,47781,47794
2025-12-09T08:30:00-05:00,47793,47799,47756,47771
2025-12-09T08:45:00-05:00,47775,47792,47743,47751
2025-12-09T09:00:00-05:00,47749,47759,47735,47741
2025-12-09T09:15:00-05:00,47743,47789,47740,47782
2025-12-09T09:30:00-05:00,47783,47950,47765,47873
2025-12-09T09:45:00-05:00,47870,48004,47829,47953
2025-12-09T10:00:00-05:00,47937,47972,47860,47905
2025-12-09T10:15:00-05:00,47904,47935,47845,47874
2025-12-09T10:30:00-05:00,47875,47916,47857,47912
2025-12-09T10:45:00-05:00,47912,47927,47858,47917
2025-12-09T11:00:00-05:00,47914,47952,47895,47942
2025-12-09T11:15:00-05:00,47942,47981,47918,47923
2025-12-09T11:30:00-05:00,47925,47962,47909,47917
2025-12-09T11:45:00-05:00,47916,47949,47887,47890
2025-12-09T12:00:00-05:00,47890,47917,47860,47860
2025-12-09T12:15:00-05:00,47863,47863,47790,47817
2025-12-09T12:30:00-05:00,47818,47847,47699,47720
2025-12-09T12:45:00-05:00,47721,47728,47654,47713
2025-12-09T13:00:00-05:00,47712,47730,47674,47715
2025-12-09T13:15:00-05:00,47714,47721,47672,47679
2025-12-09T13:30:00-05:00,47680,47694,47616,47624
2025-12-09T13:45:00-05:00,47622,47687,47598,47672
2025-12-09T14:00:00-05:00,47670,47709,47652,47662
2025-12-09T14:15:00-05:00,47660,47673,47644,47651
2025-12-09T14:30:00-05:00,47651,47669,47628,47661
2025-12-09T14:45:00-05:00,47661,47687,47653,47663
2025-12-09T15:00:00-05:00,47663,47681,47654,47658
2025-12-09T15:15:00-05:00,47658,47672,47641,47643
2025-12-09T15:30:00-05:00,47644,47653,47621,47639
2025-12-09T15:45:00-05:00,47640,47658,47584,47619
2025-12-09T16:00:00-05:00,47619,47624,47586,47598
2025-12-09T16:15:00-05:00,47595,47595,47576,47584
2025-12-09T16:30:00-05:00,47582,47588,47577,47583
2025-12-09T16:45:00-05:00,47581,47593,47576,47582
2025-12-09T18:00:00-05:00,47608,47608,47592,47599
2025-12-09T18:15:00-05:00,47601,47608,47572,47600
2025-12-09T18:30:00-05:00,47599,47606,47594,47602
2025-12-09T18:45:00-05:00,47599,47602,47590,47594
2025-12-09T19:00:00-05:00,47591,47629,47591,47618
2025-12-09T19:15:00-05:00,47615,47615,47594,47603
2025-12-09T19:30:00-05:00,47607,47611,47604,47606
2025-12-09T19:45:00-05:00,47606,47606,47588,47589
2025-12-09T20:00:00-05:00,47587,47600,47583,47595
2025-12-09T20:15:00-05:00,47595,47632,47586,47614
2025-12-09T20:30:00-05:00,47616,47620,47602,47612
2025-12-09T20:45:00-05:00,47612,47618,47585,47597
2025-12-09T21:00:00-05:00,47596,47613,47595,47612
2025-12-09T21:15:00-05:00,47611,47622,47609,47614
2025-12-09T21:30:00-05:00,47610,47616,47600,47600
2025-12-09T21:45:00-05:00,47600,47609,47596,47602
2025-12-09T22:00:00-05:00,47601,47613,47601,47608
2025-12-09T22:15:00-05:00,47607,47610,47603,47604
2025-12-09T22:30:00-05:00,47602,47607,47596,47603
2025-12-09T22:45:00-05:00,47602,47614,47598,47612
2025-12-09T23:00:00-05:00,47614,47635,47614,47635
2025-12-09T23:15:00-05:00,47633,47633,47622,47631
2025-12-09T23:30:00-05:00,47629,47653,47629,47630
2025-12-09T23:45:00-05:00,47631,47639,47629,47638
2025-12-10T00:00:00-05:00,47638,47638,47608,47608
2025-12-10T00:15:00-05:00,47610,47621,47610,47615
2025-12-10T00:30:00-05:00,47614,47624,47611,47615
2025-12-10T00:45:00-05:00,47619,47623,47618,47621
2025-12-10T01:00:00-05:00,47622,47642,47622,47639
2025-12-10T01:15:00-05:00,47635,47640,47628,47632
2025-12-10T01:30:00-05:00,47633,47638,47623,47625
2025-12-10T01:45:00-05:00,47625,47631,47618,47628
2025-12-10T02:00:00-05:00,47627,47631,47617,47629
2025-12-10T02:15:00-05:00,47627,47631,47624,47628
2025-12-10T02:30:00-05:00,47626,47639,47626,47637
2025-12-10T02:45:00-05:00,47640,47641,47611,47622
2025-12-10T03:00:00-05:00,47622,47651,47617,47637
2025-12-10T03:15:00-05:00,47635,47655,47630,47634
2025-12-10T03:30:00-05:00,47633,47643,47615,47619
2025-12-10T03:45:00-05:00,47621,47630,47606,47626
2025-12-10T04:00:00-05:00,47627,47646,47619,47622
2025-12-10T04:15:00-05:00,47621,47622,47597,47610
2025-12-10T04:30:00-05:00,47611,47623,47605,47618
2025-12-10T04:45:00-05:00,47620,47633,47618,47618
2025-12-10T05:00:00-05:00,47616,47640,47602,47617
2025-12-10T05:15:00-05:00,47616,47625,47538,47540
2025-12-10T05:30:00-05:00,47541,47567,47523,47561
2025-12-10T05:45:00-05:00,47557,47578,47549,47556
2025-12-10T06:00:00-05:00,47552,47604,47552,47584
2025-12-10T06:15:00-05:00,47583,47594,47577,47590
2025-12-10T06:30:00-05:00,47585,47592,47575,47575
2025-12-10T06:45:00-05:00,47576,47590,47572,47578
2025-12-10T07:00:00-05:00,47580,47591,47565,47578
2025-12-10T07:15:00-05:00,47581,47583,47564,47581
2025-12-10T07:30:00-05:00,47578,47583,47565,47572
2025-12-10T07:45:00-05:00,47576,47587,47568,47584
2025-12-10T08:00:00-05:00,47584,47602,47568,47598
2025-12-10T08:15:00-05:00,47599,47662,47596,47655
2025-12-10T08:30:00-05:00,47655,47664,47617,47629
2025-12-10T08:45:00-05:00,47627,47629,47605,47605
2025-12-10T09:00:00-05:00,47605,47611,47577,47581
2025-12-10T09:15:00-05:00,47581,47595,47553,47581
2025-12-10T09:30:00-05:00,47581,47654,47504,47600
2025-12-10T09:45:00-05:00,47599,47727,47593,47705
2025-12-10T10:00:00-05:00,47703,47760,47681,47738
2025-12-10T10:15:00-05:00,47737,47769,47711,47727
2025-12-10T10:30:00-05:00,47729,47738,47649,47725
2025-12-10T10:45:00-05:00,47726,47796,47713,47734
2025-12-10T11:00:00-05:00,47736,47825,47680,47821
2025-12-10T11:15:00-05:00,47822,47869,47808,47849
2025-12-10T11:30:00-05:00,47848,47865,47821,47832
2025-12-10T11:45:00-05:00,47832,47861,47815,47845
2025-12-10T12:00:00-05:00,47842,47845,47791,47815
2025-12-10T12:15:00-05:00,47814,47836,47800,47806
2025-12-10T12:30:00-05:00,47803,47811,47757,47766
2025-12-10T12:45:00-05:00,47769,47845,47764,47822
2025-12-10T13:00:00-05:00,47822,47859,47817,47842
2025-12-10T13:15:00-05:00,47838,47848,47782,47796
2025-12-10T13:30:00-05:00,47795,47816,47743,47743
2025-12-10T13:45:00-05:00,47742,47786,47736,47786
2025-12-10T14:00:00-05:00,47782,47966,47771,47890
2025-12-10T14:15:00-05:00,47892,47949,47797,47867
2025-12-10T14:30:00-05:00,47868,48084,47837,47920
2025-12-10T14:45:00-05:00,47914,48160,47913,48149
2025-12-10T15:00:00-05:00,48148,48219,48087,48195
2025-12-10T15:15:00-05:00,48201,48242,48144,48178
2025-12-10T15:30:00-05:00,48178,48245,48170,48197
2025-12-10T15:45:00-05:00,48194,48221,48094,48106
2025-12-10T16:00:00-05:00,48106,48152,48105,48148
2025-12-10T16:15:00-05:00,48149,48157,48130,48152
2025-12-10T16:30:00-05:00,48151,48156,48134,48155
2025-12-10T16:45:00-05:00,48155,48164,48140,48157
2025-12-10T18:00:00-05:00,48149,48176,48145,48163
2025-12-10T18:15:00-05:00,48163,48163,48144,48154
2025-12-10T18:30:00-05:00,48149,48156,48144,48147
2025-12-10T18:45:00-05:00,48145,48157,48141,48151
2025-12-10T19:00:00-05:00,48149,48155,48129,48144
2025-12-10T19:15:00-05:00,48143,48149,48129,48141
2025-12-10T19:30:00-05:00,48141,48141,48120,48127
2025-12-10T19:45:00-05:00,48125,48126,48103,48106
2025-12-10T20:00:00-05:00,48105,48119,48100,48107
2025-12-10T20:15:00-05:00,48105,48116,48101,48109
2025-12-10T20:30:00-05:00,48109,48117,48103,48103
2025-12-10T20:45:00-05:00,48104,48105,48087,48090
2025-12-10T21:00:00-05:00,48090,48090,48060,48067
2025-12-10T21:15:00-05:00,48068,48074,48042,48048
2025-12-10T21:30:00-05:00,48047,48051,48026,48045
2025-12-10T21:45:00-05:00,48042,48046,48008,48020
2025-12-10T22:00:00-05:00,48023,48024,47859,47913
2025-12-10T22:15:00-05:00,47916,47928,47898,47918
2025-12-10T22:30:00-05:00,47914,47918,47879,47916
2025-12-10T22:45:00-05:00,47911,47932,47904,47917
2025-12-10T23:00:00-05:00,47916,47936,47904,47921
2025-12-10T23:15:00-05:00,47921,47929,47905,47909
2025-12-10T23:30:00-05:00,47914,47923,47896,47915
2025-12-10T23:45:00-05:00,47915,47925,47905,47913
2025-12-11T00:00:00-05:00,47913,47924,47887,47887
2025-12-11T00:15:00-05:00,47888,47895,47873,47876
2025-12-11T00:30:00-05:00,47874,47889,47868,47870
2025-12-11T00:45:00-05:00,47871,47904,47868,47897
2025-12-11T01:00:00-05:00,47900,47907,47885,47895
2025-12-11T01:15:00-05:00,47895,47895,47865,47875
2025-12-11T01:30:00-05:00,47876,47913,47876,47913
2025-12-11T01:45:00-05:00,47913,47925,47900,47917
2025-12-11T02:00:00-05:00,47918,47921,47874,47913
2025-12-11T02:15:00-05:00,47912,47930,47902,47925
2025-12-11T02:30:00-05:00,47933,47949,47925,47927
2025-12-11T02:45:00-05:00,47929,47944,47922,47932
2025-12-11T03:00:00-05:00,47931,47937,47877,47889
2025-12-11T03:15:00-05:00,47891,47919,47879,47889
2025-12-11T03:30:00-05:00,47885,47916,47875,47900
2025-12-11T03:45:00-05:00,47894,47965,47893,47961
2025-12-11T04:00:00-05:00,47960,47973,47943,47951
2025-12-11T04:15:00-05:00,47953,47988,47948,47956
2025-12-11T04:30:00-05:00,47957,48000,47955,47970
2025-12-11T04:45:00-05:00,47970,48022,47970,48020
2025-12-11T05:00:00-05:00,48022,48030,47999,48014