time,open,high,low,close
2025-10-14T08:15:00-04:00,6638.5,6639.25,6632.25,6637
2025-10-14T08:30:00-04:00,6636.75,6637.5,6616,6619.5
2025-10-14T08:45:00-04:00,6619.75,6632.25,6619.5,6631
2025-10-14T09:00:00-04:00,6631,6638.75,6630.25,6637.5
2025-10-14T09:15:00-04:00,6637.5,6638,6628,6633.75
2025-10-14T09:30:00-04:00,6634,6636.5,6594.75,6599.75
2025-10-14T09:45:00-04:00,6599.5,6632,6593.25,6630.5
2025-10-14T10:00:00-04:00,6630.25,6646.5,6627,6645
2025-10-14T10:15:00-04:00,6644.75,6661.75,6640.25,6660.5
2025-10-14T10:30:00-04:00,6660.5,6665.75,6653,6660.75
2025-10-14T10:45:00-04:00,6660.75,6666.25,6654.25,6660.25
2025-10-14T11:00:00-04:00,6660.25,6674.25,6660.25,6664
2025-10-14T11:15:00-04:00,6664.25,6667.75,6657.75,6659.5
2025-10-14T11:30:00-04:00,6659.75,6678.5,6659.25,6676
2025-10-14T11:45:00-04:00,6676,6694.25,6676,6687.5
2025-10-14T12:00:00-04:00,6687.5,6689.75,6677.75,6684
2025-10-14T12:15:00-04:00,6684.25,6703.25,6683.25,6700
2025-10-14T12:30:00-04:00,6700,6711,6699.25,6709.75
2025-10-14T12:45:00-04:00,6709.75,6720.25,6707.25,6707.5
2025-10-14T13:00:00-04:00,6707.5,6716.75,6700,6713
2025-10-14T13:15:00-04:00,6713,6720,6709.5,6717.5
2025-10-14T13:30:00-04:00,6717.5,6719.25,6708,6717.5
2025-10-14T13:45:00-04:00,6717.25,6722.5,6714,6715.25
2025-10-14T14:00:00-04:00,6715.5,6717.75,6710.25,6714.5
2025-10-14T14:15:00-04:00,6714.5,6717.25,6709.75,6715
2025-10-14T14:30:00-04:00,6715,6717.5,6708.25,6711.25
2025-10-14T14:45:00-04:00,6711,6716,6710,6713
2025-10-14T15:00:00-04:00,6713,6717.5,6710.25,6711.75
2025-10-14T15:15:00-04:00,6711.75,6717,6711.25,6711.5
2025-10-14T15:30:00-04:00,6711.5,6711.75,6667.75,6672.5
2025-10-14T15:45:00-04:00,6672.25,6690,6666,6686
2025-10-14T16:00:00-04:00,6685.75,6693.75,6674.75,6680.25
2025-10-14T16:15:00-04:00,6680,6680,6672.25,6676.75
2025-10-14T16:30:00-04:00,6676.75,6682,6676.25,6680.75
2025-10-14T16:45:00-04:00,6681,6686.5,6679.75,6685
2025-10-14T18:00:00-04:00,6684.25,6698.25,6684.25,6688
2025-10-14T18:15:00-04:00,6688.25,6691.25,6685,6689.5
2025-10-14T18:30:00-04:00,6689.75,6691,6686.25,6689.5
2025-10-14T18:45:00-04:00,6689.75,6691,6688.5,6690.75
2025-10-14T19:00:00-04:00,6690.5,6695.75,6688.75,6695.25
2025-10-14T19:15:00-04:00,6695.25,6699,6692.25,6693.25
2025-10-14T19:30:00-04:00,6693.25,6695.25,6691.75,6693
2025-10-14T19:45:00-04:00,6693,6694.75,6689,6689
2025-10-14T20:00:00-04:00,6689,6691.75,6683.5,6685.25
2025-10-14T20:15:00-04:00,6685,6689.5,6683.75,6689.25
2025-10-14T20:30:00-04:00,6689.25,6692.5,6686,6692.25
2025-10-14T20:45:00-04:00,6692.25,6695.75,6691.5,6695.25
2025-10-14T21:00:00-04:00,6695.25,6695.25,6687.25,6691.75
2025-10-14T21:15:00-04:00,6692,6698.25,6691.5,6696.75
2025-10-14T21:30:00-04:00,6696.5,6697.5,6693.25,6695.25
2025-10-14T21:45:00-04:00,6695.25,6695.5,6693,6694.25
2025-10-14T22:00:00-04:00,6694.5,6700.75,6694.25,6699.75
2025-10-14T22:15:00-04:00,6699.5,6705.5,6699.25,6703.5
2025-10-14T22:30:00-04:00,6703.25,6704.25,6697.75,6699.5
2025-10-14T22:45:00-04:00,6699.25,6699.5,6695.5,6697
2025-10-14T23:00:00-04:00,6696.75,6698.25,6695.5,6696.5
2025-10-14T23:15:00-04:00,6696.75,6700.75,6691.75,6700.5
2025-10-14T23:30:00-04:00,6700.75,6701,6696.75,6697
2025-10-14T23:45:00-04:00,6696.75,6698.5,6694.25,6697
2025-10-15T00:00:00-04:00,6697.25,6699.5,6696,6699.25
2025-10-15T00:15:00-04:00,6699.25,6704,6698.5,6702.5
2025-10-15T00:30:00-04:00,6702.75,6704.75,6702.25,6704.25
2025-10-15T00:45:00-04:00,6704.5,6706,6704,6705
2025-10-15T01:00:00-04:00,6705.25,6712.5,6705.25,6711.25
2025-10-15T01:15:00-04:00,6711.25,6715.75,6710.5,6712.25
2025-10-15T01:30:00-04:00,6712,6712.75,6709,6711.75
2025-10-15T01:45:00-04:00,6711.75,6712.25,6707.75,6710.25
2025-10-15T02:00:00-04:00,6710.25,6711,6707.5,6710.75
2025-10-15T02:15:00-04:00,6710.75,6712.25,6706.5,6711.5
2025-10-15T02:30:00-04:00,6711.5,6715.5,6709.75,6713.5
2025-10-15T02:45:00-04:00,6713.5,6715.25,6710.75,6715.25
2025-10-15T03:00:00-04:00,6714.75,6718.75,6712,6715.75
2025-10-15T03:15:00-04:00,6715.75,6720,6712,6712.25
2025-10-15T03:30:00-04:00,6712.25,6714.5,6710.5,6711.25
2025-10-15T03:45:00-04:00,6711.25,6716.25,6709,6715
2025-10-15T04:00:00-04:00,6714.75,6719.5,6714.25,6718.5
2025-10-15T04:15:00-04:00,6718.25,6721.25,6715.25,6718.5
2025-10-15T04:30:00-04:00,6718.5,6719.5,6714,6717.5
2025-10-15T04:45:00-04:00,6717.5,6718.25,6715.25,6717.25
2025-10-15T05:00:00-04:00,6717.5,6731,6716.75,6730.25
2025-10-15T05:15:00-04:00,6730.25,6731.25,6721.75,6722.25
2025-10-15T05:30:00-04:00,6722.25,6728.25,6721,6724.75
2025-10-15T05:45:00-04:00,6724.5,6729.25,6723.25,6728.5
2025-10-15T06:00:00-04:00,6728.5,6728.75,6725,6726
2025-10-15T06:15:00-04:00,6726,6727,6723.75,6726.5
2025-10-15T06:30:00-04:00,6726.75,6727.25,6723.5,6726.25
2025-10-15T06:45:00-04:00,6726.25,6731.25,6726.25,6728.75
2025-10-15T07:00:00-04:00,6728.5,6730.5,6727,6728.5
2025-10-15T07:15:00-04:00,6728.25,6729.75,6725,6727
2025-10-15T07:30:00-04:00,6726.75,6730.5,6724.25,6729.75
2025-10-15T07:45:00-04:00,6730,6730.75,6728,6729
2025-10-15T08:00:00-04:00,6729.25,6739.25,6728,6738.25
2025-10-15T08:15:00-04:00,6738.5,6741,6733,6735.75
2025-10-15T08:30:00-04:00,6734.75,6737.75,6731.5,6735.75
2025-10-15T08:45:00-04:00,6735.75,6739.5,6731.75,6738.5
2025-10-15T09:00:00-04:00,6738.75,6738.75,6733,6733.5
2025-10-15T09:15:00-04:00,6733.25,6736,6730.75,6732
2025-10-15T09:30:00-04:00,6732,6740.25,6726,6735.5
2025-10-15T09:45:00-04:00,6735.75,6750,6724.25,6747
2025-10-15T10:00:00-04:00,6747,6766.75,6746.75,6758.75
2025-10-15T10:15:00-04:00,6759,6764.25,6756,6760.25
2025-10-15T10:30:00-04:00,6760.25,6763.25,6752.25,6755.75
2025-10-15T10:45:00-04:00,6755.75,6757,6750.25,6754.25
2025-10-15T11:00:00-04:00,6754.25,6755.75,6742.75,6747
2025-10-15T11:15:00-04:00,6747,6748.75,6740,6740.75
2025-10-15T11:30:00-04:00,6741,6742.25,6713.5,6719.25
2025-10-15T11:45:00-04:00,6719.25,6719.75,6702,6715.5
2025-10-15T12:00:00-04:00,6715.25,6723.75,6712,6719
2025-10-15T12:15:00-04:00,6719,6727.5,6713,6719
2025-10-15T12:30:00-04:00,6718.75,6720.75,6710.5,6713.75
2025-10-15T12:45:00-04:00,6713.75,6714,6702,6703.75
2025-10-15T13:00:00-04:00,6703.75,6704.25,6661,6661.5
2025-10-15T13:15:00-04:00,6661.25,6682,6651.5,6671.25
2025-10-15T13:30:00-04:00,6671.25,6692.75,6669.25,6692
2025-10-15T13:45:00-04:00,6692,6708,6691.75,6706
2025-10-15T14:00:00-04:00,6706,6708.75,6697.25,6706.25
2025-10-15T14:15:00-04:00,6706,6711.75,6705,6706.25
2025-10-15T14:30:00-04:00,6706.25,6717.75,6704.75,6713.5
2025-10-15T14:45:00-04:00,6713.5,6721.5,6709.75,6720.5
2025-10-15T15:00:00-04:00,6720.5,6721.5,6709,6714.5
2025-10-15T15:15:00-04:00,6714.5,6721,6714.25,6717
2025-10-15T15:30:00-04:00,6716.75,6718,6701.5,6711
2025-10-15T15:45:00-04:00,6711,6716.75,6695.75,6715
2025-10-15T16:00:00-04:00,6715.25,6724.5,6713.5,6715
2025-10-15T16:15:00-04:00,6715,6720.25,6711.75,6713.25
2025-10-15T16:30:00-04:00,6713.25,6714.5,6709.25,6710.25
2025-10-15T16:45:00-04:00,6710.25,6716.5,6709.5,6713.5
2025-10-15T18:00:00-04:00,6715.25,6724,6714,6723.25
2025-10-15T18:15:00-04:00,6723.25,6726.5,6719.75,6722
2025-10-15T18:30:00-04:00,6721.75,6723.5,6717.25,6717.75
2025-10-15T18:45:00-04:00,6718,6723,6715.5,6722.5
2025-10-15T19:00:00-04:00,6722.5,6722.5,6717.75,6719.25
2025-10-15T19:15:00-04:00,6719.25,6719.25,6712.25,6713.75
2025-10-15T19:30:00-04:00,6713.75,6716.5,6710.25,6714
2025-10-15T19:45:00-04:00,6714,6715.5,6710.75,6715
2025-10-15T20:00:00-04:00,6714.75,6716.75,6710.75,6711.25
2025-10-15T20:15:00-04:00,6711.25,6713.25,6708.5,6710.5
2025-10-15T20:30:00-04:00,6710.25,6710.75,6702.5,6705.5
2025-10-15T20:45:00-04:00,6705.25,6712,6705,6710
2025-10-15T21:00:00-04:00,6710,6715.5,6708.5,6711.75
2025-10-15T21:15:00-04:00,6711.75,6716,6711.25,6713.5
2025-10-15T21:30:00-04:00,6713.25,6715.75,6712.25,6714
2025-10-15T21:45:00-04:00,6714,6714.75,6710.25,6713.25
2025-10-15T22:00:00-04:00,6713.25,6716,6712.25,6713.25
2025-10-15T22:15:00-04:00,6713,6713.25,6708.5,6709
2025-10-15T22:30:00-04:00,6709,6710,6705.75,6707.75
2025-10-15T22:45:00-04:00,6707.75,6715,6707.5,6713.5
2025-10-15T23:00:00-04:00,6713.5,6716,6711.25,6711.5
2025-10-15T23:15:00-04:00,6711.25,6712.5,6708.25,6711
2025-10-15T23:30:00-04:00,6711.25,6711.75,6708.25,6710
2025-10-15T23:45:00-04:00,6710,6710.75,6709.25,6709.75
2025-10-16T00:00:00-04:00,6709.75,6713.5,6708.75,6713.5
2025-10-16T00:15:00-04:00,6713.5,6714,6711.5,6712.25
2025-10-16T00:30:00-04:00,6712,6714.75,6709.25,6712.5
2025-10-16T00:45:00-04:00,6712.5,6714.5,6710.25,6712.5
2025-10-16T01:00:00-04:00,6712.75,6713.5,6710.75,6713.25
2025-10-16T01:15:00-04:00,6713.5,6714.75,6712.75,6713.75
2025-10-16T01:30:00-04:00,6713.75,6720,6712.5,6717.75
2025-10-16T01:45:00-04:00,6717.75,6717.75,6711.75,6716
2025-10-16T02:00:00-04:00,6716,6723,6716,6721.5
2025-10-16T02:15:00-04:00,6721.5,6724.75,6719,6724.25
2025-10-16T02:30:00-04:00,6724.25,6728.25,6723.75,6726.25
2025-10-16T02:45:00-04:00,6726.5,6730.25,6726.25,6729.5
2025-10-16T03:00:00-04:00,6729.5,6733.5,6722.75,6727.5
2025-10-16T03:15:00-04:00,6727.5,6728.75,6723.25,6723.5
2025-10-16T03:30:00-04:00,6723.75,6724.5,6718.25,6723.5
2025-10-16T03:45:00-04:00,6723.5,6736,6722.5,6732.25
2025-10-16T04:00:00-04:00,6732,6737.5,6730.25,6734.75
2025-10-16T04:15:00-04:00,6734.75,6736.75,6726.75,6727.5
2025-10-16T04:30:00-04:00,6727.5,6731.5,6726.25,6729.25
2025-10-16T04:45:00-04:00,6729.5,6730.75,6728.25,6729.25
2025-10-16T05:00:00-04:00,6729.25,6733,6729,6730
2025-10-16T05:15:00-04:00,6729.75,6734,6728.5,6733.5
2025-10-16T05:30:00-04:00,6733.5,6733.5,6728,6731.75
2025-10-16T05:45:00-04:00,6731.75,6737,6731.75,6736.25
2025-10-16T06:00:00-04:00,6736.5,6740.75,6735.75,6739.5
2025-10-16T06:15:00-04:00,6739.25,6742.25,6737.75,6741.75
2025-10-16T06:30:00-04:00,6741.75,6743.5,6739.5,6741
2025-10-16T06:45:00-04:00,6740.75,6741,6737.5,6739
2025-10-16T07:00:00-04:00,6739,6742.25,6738,6740.5
2025-10-16T07:15:00-04:00,6740.5,6745.25,6740.25,6744.5
2025-10-16T07:30:00-04:00,6744.5,6744.75,6740.5,6741
2025-10-16T07:45:00-04:00,6741,6741.75,6738.5,6739.75
2025-10-16T08:00:00-04:00,6739.75,6742,6732.5,6732.5
2025-10-16T08:15:00-04:00,6732.75,6737,6732.5,6736
2025-10-16T08:30:00-04:00,6735.75,6745.5,6733.25,6745
2025-10-16T08:45:00-04:00,6745,6746.5,6741.25,6741.75
2025-10-16T09:00:00-04:00,6742,6743.5,6737.5,6741.75
2025-10-16T09:15:00-04:00,6741.75,6742.75,6731,6731.5
2025-10-16T09:30:00-04:00,6731.5,6738.5,6725,6736
2025-10-16T09:45:00-04:00,6736.25,6744.25,6724.25,6729.5
2025-10-16T10:00:00-04:00,6729.75,6734,6717.25,6721
2025-10-16T10:15:00-04:00,6721.25,6739,6718,6732.25
2025-10-16T10:30:00-04:00,6732.5,6750.5,6730.75,6747.75
2025-10-16T10:45:00-04:00,6747.75,6749.75,6732.25,6733.75
2025-10-16T11:00:00-04:00,6734,6743.25,6728.25,6742
2025-10-16T11:15:00-04:00,6742,6743.75,6717.25,6721
2025-10-16T11:30:00-04:00,6721,6730.5,6710,6713.75
2025-10-16T11:45:00-04:00,6713.75,6717.75,6701.75,6707.5
2025-10-16T12:00:00-04:00,6707.75,6714,6699.5,6709.25
2025-10-16T12:15:00-04:00,6709.25,6713.5,6685,6686.75
2025-10-16T12:30:00-04:00,6687,6687,6658.5,6669.75
2025-10-16T12:45:00-04:00,6669.75,6697,6654.75,6695.75
2025-10-16T13:00:00-04:00,6695.5,6698.75,6675,6688.25
2025-10-16T13:15:00-04:00,6688.5,6704.75,6684.25,6697.25
2025-10-16T13:30:00-04:00,6697,6702,6677.25,6681.5
2025-10-16T13:45:00-04:00,6681.75,6685.25,6673,6680
2025-10-16T14:00:00-04:00,6680,6681.5,6641.5,6645.5
2025-10-16T14:15:00-04:00,6645.5,6655.25,6635.5,6645
2025-10-16T14:30:00-04:00,6645.25,6665,6632,6661
2025-10-16T14:45:00-04:00,6660.75,6668.75,6656.25,6667
2025-10-16T15:00:00-04:00,6666.75,6671.25,6655.75,6656.25
2025-10-16T15:15:00-04:00,6656.25,6659,6641.5,6651
2025-10-16T15:30:00-04:00,6650.75,6658.25,6643,6656.25
2025-10-16T15:45:00-04:00,6656.5,6674.25,6653.75,6668.5
2025-10-16T16:00:00-04:00,6668.75,6673.75,6651,6652.5
2025-10-16T16:15:00-04:00,6652.5,6659.5,6651,6656.25
2025-10-16T16:30:00-04:00,6656,6659,6652.75,6658.25
2025-10-16T16:45:00-04:00,6658.5,6663,6658,6659.25
2025-10-16T18:00:00-04:00,6659.25,6669.25,6655,6662.5
2025-10-16T18:15:00-04:00,6662.5,6663,6655.5,6660.5
2025-10-16T18:30:00-04:00,6660.5,6662.75,6651.75,6654.25
2025-10-16T18:45:00-04:00,6654.25,6657.25,6644.25,6644.5
2025-10-16T19:00:00-04:00,6644.75,6649,6641.75,6644.5
2025-10-16T19:15:00-04:00,6644.5,6652,6642.25,6642.75
2025-10-16T19:30:00-04:00,6642.75,6647,6641.75,6644.5
2025-10-16T19:45:00-04:00,6644.25,6651.5,6644,6651.25
2025-10-16T20:00:00-04:00,6651.25,6658,6648.25,6651
2025-10-16T20:15:00-04:00,6651,6654.25,6648.75,6650.75
2025-10-16T20:30:00-04:00,6650.75,6654.5,6649.75,6653.25
2025-10-16T20:45:00-04:00,6653.25,6653.5,6649,6651.5
2025-10-16T21:00:00-04:00,6651.5,6663,6651.5,6657.75
2025-10-16T21:15:00-04:00,6657.75,6660.25,6656.5,6659
2025-10-16T21:30:00-04:00,6658.75,6659.75,6655.5,6657
2025-10-16T21:45:00-04:00,6657,6657.5,6642.5,6648.25
2025-10-16T22:00:00-04:00,6648.5,6650.5,6642.75,6649
2025-10-16T22:15:00-04:00,6649.25,6649.25,6643.5,6645.5
2025-10-16T22:30:00-04:00,6645.5,6649.5,6645.25,6648.25
2025-10-16T22:45:00-04:00,6648,6650.25,6646.75,6648
2025-10-16T23:00:00-04:00,6648,6648.75,6645,6645.5
2025-10-16T23:15:00-04:00,6645.5,6649.5,6644.5,6648.25
2025-10-16T23:30:00-04:00,6648.5,6650.25,6640.25,6641
2025-10-16T23:45:00-04:00,6641,6643.75,6636.25,6642
2025-10-17T00:00:00-04:00,6642,6644,6640.5,6641.5
2025-10-17T00:15:00-04:00,6641.5,6642,6637.5,6639
2025-10-17T00:30:00-04:00,6639,6641.25,6637.75,6638
2025-10-17T00:45:00-04:00,6638,6638.75,6635.5,6636.75
2025-10-17T01:00:00-04:00,6637,6637.5,6628.25,6628.75
2025-10-17T01:15:00-04:00,6628.75,6631.75,6625,6630.5
2025-10-17T01:30:00-04:00,6630.75,6631.5,6618.5,6620.5
2025-10-17T01:45:00-04:00,6620.5,6631,6620.25,6628.25
2025-10-17T02:00:00-04:00,6628.5,6634.5,6626.75,6629.25
2025-10-17T02:15:00-04:00,6629.25,6630,6621,6623.25
2025-10-17T02:30:00-04:00,6623,6625.5,6612.5,6616.75
2025-10-17T02:45:00-04:00,6617,6619.25,6608.75,6611.25
2025-10-17T03:00:00-04:00,6611.5,6613.25,6588.5,6590.25
2025-10-17T03:15:00-04:00,6590,6595.25,6577.25,6586
2025-10-17T03:30:00-04:00,6586,6589.25,6571.5,6585.25
2025-10-17T03:45:00-04:00,6585.25,6593.25,6583.5,6584.75
2025-10-17T04:00:00-04:00,6584.75,6588.25,6572.5,6575.25
2025-10-17T04:15:00-04:00,6575.5,6587,6571.25,6586.25
2025-10-17T04:30:00-04:00,6586.25,6597.75,6583,6588.75
2025-10-17T04:45:00-04:00,6589,6594.75,6586.75,6591
2025-10-17T05:00:00-04:00,6590.75,6599.75,6589.5,6599
2025-10-17T05:15:00-04:00,6598.75,6608.25,6598.25,6602.75
2025-10-17T05:30:00-04:00,6602.75,6608.5,6591.5,6596.75
2025-10-17T05:45:00-04:00,6596.75,6599.75,6591.25,6592
2025-10-17T06:00:00-04:00,6592.25,6604.5,6592.25,6596.75
2025-10-17T06:15:00-04:00,6597,6599.75,6590.75,6592.75
2025-10-17T06:30:00-04:00,6592.5,6608.25,6592.5,6606.5
2025-10-17T06:45:00-04:00,6606.75,6616,6599.75,6615.5
2025-10-17T07:00:00-04:00,6615.75,6654.75,6612.75,6652.5
2025-10-17T07:15:00-04:00,6652.75,6655.75,6638.25,6646.5
2025-10-17T07:30:00-04:00,6646.5,6653,6639.75,6647.75
2025-10-17T07:45:00-04:00,6647.75,6653,6638,6652.75
2025-10-17T08:00:00-04:00,6652.75,6667,6646.75,6660.25
2025-10-17T08:15:00-04:00,6660.5,6671.75,6658.25,6665.5
2025-10-17T08:30:00-04:00,6665.75,6672,6658,6663
2025-10-17T08:45:00-04:00,6663,6667,6657.25,6658.5
2025-10-17T09:00:00-04:00,6658.25,6667.25,6656,6659.25
2025-10-17T09:15:00-04:00,6658.75,6665.25,6653,6654.5
2025-10-17T09:30:00-04:00,6654.5,6673.25,6641.5,6645.75
2025-10-17T09:45:00-04:00,6645.5,6684.5,6642.5,6666.25
2025-10-17T10:00:00-04:00,6666.25,6693,6656,6691
2025-10-17T10:15:00-04:00,6691.25,6697.5,6675,6683
2025-10-17T10:30:00-04:00,6683,6684,6660.5,6663.25
2025-10-17T10:45:00-04:00,6663,6677.5,6653,6655.5
2025-10-17T11:00:00-04:00,6655.5,6676.75,6651,6651
2025-10-17T11:15:00-04:00,6650.75,6661.25,6644.75,6653.75
2025-10-17T11:30:00-04:00,6653.75,6666.75,6640.5,6664.75
2025-10-17T11:45:00-04:00,6664.5,6682.25,6661.75,6677
2025-10-17T12:00:00-04:00,6677,6692.25,6676.25,6687.25
2025-10-17T12:15:00-04:00,6687.25,6694,6682.5,6691.5
2025-10-17T12:30:00-04:00,6691.5,6696.75,6680,6683.5
2025-10-17T12:45:00-04:00,6683.25,6695.75,6672.25,6680
2025-10-17T13:00:00-04:00,6680,6681.5,6669.5,6676.25
2025-10-17T13:15:00-04:00,6676,6677.75,6665,6671.25
2025-10-17T13:30:00-04:00,6671.25,6685,6669.5,6670.75
2025-10-17T13:45:00-04:00,6671,6690.75,6666.75,6688.75
2025-10-17T14:00:00-04:00,6688.75,6700.25,6688.5,6696.75
2025-10-17T14:15:00-04:00,6696.5,6710.75,6696.5,6706.5
2025-10-17T14:30:00-04:00,6706.75,6711.5,6701,6702.5
2025-10-17T14:45:00-04:00,6702.5,6707.25,6700.25,6704
2025-10-17T15:00:00-04:00,6704.25,6715.75,6703.75,6714.5
2025-10-17T15:15:00-04:00,6714.5,6718,6710.5,6711.5
2025-10-17T15:30:00-04:00,6711.5,6711.75,6702.75,6707.25
2025-10-17T15:45:00-04:00,6707.25,6709.25,6700.5,6703.75
2025-10-17T16:00:00-04:00,6703.75,6711.75,6701.5,6710.5
2025-10-17T16:15:00-04:00,6710.25,6713,6708.25,6711
2025-10-17T16:30:00-04:00,6710.75,6712.5,6709.25,6710
2025-10-17T16:45:00-04:00,6710.25,6711.5,6709.25,6711
2025-10-19T18:00:00-04:00,6721,6726,6714.75,6719.5
2025-10-19T18:15:00-04:00,6719.25,6719.25,6713.25,6715.25
2025-10-19T18:30:00-04:00,6715.25,6717,6712.75,6715.75
2025-10-19T18:45:00-04:00,6715.75,6717.25,6715.25,6715.75
2025-10-19T19:00:00-04:00,6716.25,6716.5,6711.75,6712.5
2025-10-19T19:15:00-04:00,6712.5,6713.5,6702,6702.75
2025-10-19T19:30:00-04:00,6703,6706.5,6702.5,6702.75
2025-10-19T19:45:00-04:00,6702.75,6706.75,6701.5,6705.75
2025-10-19T20:00:00-04:00,6705.5,6705.75,6698.75,6700
2025-10-19T20:15:00-04:00,6700,6703,6694,6698.5
2025-10-19T20:30:00-04:00,6698.75,6708.75,6696.75,6708
2025-10-19T20:45:00-04:00,6708,6716.5,6707.25,6714.5
2025-10-19T21:00:00-04:00,6714.5,6718,6713.75,6714.75
2025-10-19T21:15:00-04:00,6714.5,6720.75,6714.25,6718.25
2025-10-19T21:30:00-04:00,6718,6718.25,6713.5,6717.75
2025-10-19T21:45:00-04:00,6717.75,6717.75,6710,6713.25
2025-10-19T22:00:00-04:00,6713,6714.25,6709.75,6710.5
2025-10-19T22:15:00-04:00,6710.75,6713.25,6709.25,6711.75
2025-10-19T22:30:00-04:00,6712,6715.25,6710.75,6713.75
2025-10-19T22:45:00-04:00,6713.75,6717,6713.5,6715
2025-10-19T23:00:00-04:00,6715,6717.25,6715,6716.75
2025-10-19T23:15:00-04:00,6716.5,6717.75,6716,6717.25
2025-10-19T23:30:00-04:00,6717.25,6719.75,6716.25,6719
2025-10-19T23:45:00-04:00,6719.25,6724.75,6719.25,6723.25
2025-10-20T00:00:00-04:00,6723.25,6727.25,6722.5,6724.75
2025-10-20T00:15:00-04:00,6725,6728.5,6723.5,6727.25
2025-10-20T00:30:00-04:00,6727.25,6727.75,6722,6725.25
2025-10-20T00:45:00-04:00,6725.25,6727.5,6724,6727.25
2025-10-20T01:00:00-04:00,6727,6728.25,6726.25,6727.25
2025-10-20T01:15:00-04:00,6727.25,6729,6724,6727.75
2025-10-20T01:30:00-04:00,6728,6730,6725.75,6730
2025-10-20T01:45:00-04:00,6729.75,6732,6726.5,6728.75
2025-10-20T02:00:00-04:00,6728.75,6728.75,6723.25,6724.75
2025-10-20T02:15:00-04:00,6724.75,6729,6723.5,6727.25
2025-10-20T02:30:00-04:00,6727.25,6731.25,6727.25,6729.5
2025-10-20T02:45:00-04:00,6729.25,6731,6724.5,6727.75
2025-10-20T03:00:00-04:00,6728,6733.25,6725,6729.75
2025-10-20T03:15:00-04:00,6729.75,6734,6729.75,6733.75
2025-10-20T03:30:00-04:00,6733.75,6737.5,6732.25,6734.25
2025-10-20T03:45:00-04:00,6734.25,6734.75,6729.25,6731.25
2025-10-20T04:00:00-04:00,6731.25,6732.5,6726.5,6729.25
2025-10-20T04:15:00-04:00,6729.25,6729.75,6723.5,6726
2025-10-20T04:30:00-04:00,6725.75,6727.75,6722,6723
2025-10-20T04:45:00-04:00,6723.25,6724.75,6718.5,6720.25
2025-10-20T05:00:00-04:00,6720,6723,6717.25,6722.25
2025-10-20T05:15:00-04:00,6722.25,6725.75,6721.75,6724.25
2025-10-20T05:30:00-04:00,6724.5,6725,6719.5,6720.5
2025-10-20T05:45:00-04:00,6720.5,6723,6718.25,6722.5
2025-10-20T06:00:00-04:00,6722.75,6724.75,6718.5,6720.25
2025-10-20T06:15:00-04:00,6720,6722.25,6718.75,6720.5
2025-10-20T06:30:00-04:00,6720.25,6727,6719.5,6719.5
2025-10-20T06:45:00-04:00,6719.25,6720.25,6712,6712.75
2025-10-20T07:00:00-04:00,6712.5,6719.5,6711.5,6718.75
2025-10-20T07:15:00-04:00,6718.75,6722.25,6718.25,6721
2025-10-20T07:30:00-04:00,6720.75,6721,6718,6719
2025-10-20T07:45:00-04:00,6718.75,6724.75,6718.5,6724
2025-10-20T08:00:00-04:00,6723.75,6724.5,6720.75,6723.5
2025-10-20T08:15:00-04:00,6723.5,6725.5,6721.25,6723.5
2025-10-20T08:30:00-04:00,6723.5,6728.5,6723.5,6727.5
2025-10-20T08:45:00-04:00,6727.75,6734.5,6727.75,6734
2025-10-20T09:00:00-04:00,6733.75,6737.25,6733.25,6733.75
2025-10-20T09:15:00-04:00,6733.5,6738.25,6732,6733.25
2025-10-20T09:30:00-04:00,6733.5,6751.75,6733,6746.75
2025-10-20T09:45:00-04:00,6747,6754.75,6744.75,6747.5
2025-10-20T10:00:00-04:00,6747.5,6758.25,6747.5,6756.25
2025-10-20T10:15:00-04:00,6756.25,6764.5,6750.25,6763.25
2025-10-20T10:30:00-04:00,6763.25,6769.25,6758.5,6769.25
2025-10-20T10:45:00-04:00,6769.25,6775.5,6768.75,6773
2025-10-20T11:00:00-04:00,6772.75,6773.25,6763.75,6763.75
2025-10-20T11:15:00-04:00,6764,6771.75,6763.25,6770
2025-10-20T11:30:00-04:00,6770,6771.25,6767,6768.75
2025-10-20T11:45:00-04:00,6769,6774,6762.25,6766.25
2025-10-20T12:00:00-04:00,6766.5,6769.75,6763,6764.25
2025-10-20T12:15:00-04:00,6764.25,6770.25,6763,6769
2025-10-20T12:30:00-04:00,6769,6770.5,6763.5,6768
2025-10-20T12:45:00-04:00,6768.25,6771.75,6766.5,6771.25
2025-10-20T13:00:00-04:00,6771.25,6777.75,6771,6776.5
2025-10-20T13:15:00-04:00,6776.5,6781.25,6776,6777
2025-10-20T13:30:00-04:00,6777,6782,6776,6780.75
2025-10-20T13:45:00-04:00,6780.75,6781.25,6777,6778.75
2025-10-20T14:00:00-04:00,6778.75,6783,6778.25,6782.25
2025-10-20T14:15:00-04:00,6782.25,6783,6778.25,6779.25
2025-10-20T14:30:00-04:00,6779.5,6780,6776.25,6776.75
2025-10-20T14:45:00-04:00,6777,6778.5,6772.5,6777.25
2025-10-20T15:00:00-04:00,6777.5,6781,6776.75,6777.75
2025-10-20T15:15:00-04:00,6778,6778.75,6772.75,6777.75
2025-10-20T15:30:00-04:00,6778,6779.25,6775.25,6775.75
2025-10-20T15:45:00-04:00,6775.75,6782.5,6772.5,6773.25
2025-10-20T16:00:00-04:00,6773.5,6778,6770,6777.25
2025-10-20T16:15:00-04:00,6777,6778.25,6776.25,6778
2025-10-20T16:30:00-04:00,6778,6778.75,6777.75,6778.25
2025-10-20T16:45:00-04:00,6778.25,6780.5,6778,6780.25
2025-10-20T18:00:00-04:00,6779.5,6781,6776.25,6777
2025-10-20T18:15:00-04:00,6776.75,6780.75,6776.75,6779
2025-10-20T18:30:00-04:00,6779,6779.75,6776.5,6778.5
2025-10-20T18:45:00-04:00,6778.5,6779,6777.25,6777.5
2025-10-20T19:00:00-04:00,6777.75,6782.75,6777.5,6780.25
2025-10-20T19:15:00-04:00,6780.5,6781.25,6777.75,6781
2025-10-20T19:30:00-04:00,6781.25,6781.75,6778,6778.75
2025-10-20T19:45:00-04:00,6778.75,6778.75,6776.5,6778
2025-10-20T20:00:00-04:00,6778,6780.5,6776,6778.5
2025-10-20T20:15:00-04:00,6778.5,6782,6778,6780.5
2025-10-20T20:30:00-04:00,6780.5,6781.75,6779.5,6781.25
2025-10-20T20:45:00-04:00,6781.25,6782,6780.75,6782
2025-10-20T21:00:00-04:00,6781.75,6783,6781.5,6782.25
2025-10-20T21:15:00-04:00,6782.25,6784.75,6780,6780.5
2025-10-20T21:30:00-04:00,6780.75,6781.25,6778.25,6779.5
2025-10-20T21:45:00-04:00,6779.5,6782.5,6779.5,6780.5
2025-10-20T22:00:00-04:00,6780.5,6782.75,6780.25,6782.5
2025-10-20T22:15:00-04:00,6782.5,6784.5,6782.5,6784.5
2025-10-20T22:30:00-04:00,6784.25,6785,6780.75,6780.75
2025-10-20T22:45:00-04:00,6780.75,6781.75,6779.5,6780.25
2025-10-20T23:00:00-04:00,6780.5,6782,6780.5,6781.75
2025-10-20T23:15:00-04:00,6782,6782,6780,6780
2025-10-20T23:30:00-04:00,6780,6781.5,6778.25,6779.25
2025-10-20T23:45:00-04:00,6779.25,6779.25,6775.75,6777.75
2025-10-21T00:00:00-04:00,6777.75,6777.75,6775.5,6776.5
2025-10-21T00:15:00-04:00,6776.25,6777.75,6775.5,6776.75
2025-10-21T00:30:00-04:00,6776.75,6777,6775,6776.25
2025-10-21T00:45:00-04:00,6776,6776.75,6771.5,6773.75
2025-10-21T01:00:00-04:00,6774,6775.5,6770.75,6773.5
2025-10-21T01:15:00-04:00,6773.75,6776,6771,6771.75
2025-10-21T01:30:00-04:00,6771.5,6773.5,6770.5,6770.5
2025-10-21T01:45:00-04:00,6770.5,6772.25,6767.5,6771.5
2025-10-21T02:00:00-04:00,6771.75,6771.75,6765.25,6765.5
2025-10-21T02:15:00-04:00,6765.5,6769.5,6764.5,6767.75
2025-10-21T02:30:00-04:00,6767.75,6769.5,6766.25,6767.5
2025-10-21T02:45:00-04:00,6767.5,6770.5,6766.75,6767.5
2025-10-21T03:00:00-04:00,6767.75,6768.25,6764,6764.5
2025-10-21T03:15:00-04:00,6764.25,6769.25,6764.25,6768.75
2025-10-21T03:30:00-04:00,6769,6769.25,6765,6765.25
2025-10-21T03:45:00-04:00,6765.25,6768.25,6764,6767
2025-10-21T04:00:00-04:00,6767.25,6768.5,6765.5,6766.75
2025-10-21T04:15:00-04:00,6766.75,6766.75,6763.25,6765.75
2025-10-21T04:30:00-04:00,6765.5,6766.75,6764,6765.75
2025-10-21T04:45:00-04:00,6765.75,6766.5,6764,6764.75
2025-10-21T05:00:00-04:00,6764.75,6768,6764.25,6767.25
2025-10-21T05:15:00-04:00,6767.5,6768.75,6765,6768.5
2025-10-21T05:30:00-04:00,6768.25,6770.5,6767.25,6768.75
2025-10-21T05:45:00-04:00,6768.75,6771,6768.25,6768.5
2025-10-21T06:00:00-04:00,6768.75,6769.75,6767.5,6767.75
2025-10-21T06:15:00-04:00,6767.5,6768.5,6765.25,6768.5
2025-10-21T06:30:00-04:00,6768.75,6770.75,6767.75,6769.5
2025-10-21T06:45:00-04:00,6769.5,6772,6768.5,6771.25
2025-10-21T07:00:00-04:00,6771,6774.25,6769.5,6774.25
2025-10-21T07:15:00-04:00,6774.25,6776.5,6774,6776.25
2025-10-21T07:30:00-04:00,6776.25,6776.5,6772,6774.25
2025-10-21T07:45:00-04:00,6774.25,6776.5,6773.5,6776
2025-10-21T08:00:00-04:00,6776,6777.75,6774.25,6775.75
2025-10-21T08:15:00-04:00,6775.75,6777.75,6775,6776.75
2025-10-21T08:30:00-04:00,6776.5,6777,6773,6776.25
2025-10-21T08:45:00-04:00,6776.25,6777,6772.75,6774
2025-10-21T09:00:00-04:00,6774,6775.5,6768,6771
2025-10-21T09:15:00-04:00,6771.25,6775,6770,6774.25
2025-10-21T09:30:00-04:00,6774.25,6777.5,6766.5,6771.25
2025-10-21T09:45:00-04:00,6771,6771.75,6761.5,6765.25
2025-10-21T10:00:00-04:00,6765.25,6770,6759.25,6769
2025-10-21T10:15:00-04:00,6768.75,6778.5,6763.75,6765.25
2025-10-21T10:30:00-04:00,6765.25,6777,6762,6772.5
2025-10-21T10:45:00-04:00,6772.5,6786.25,6769.5,6785.75
2025-10-21T11:00:00-04:00,6785.5,6787.25,6782,6784.25
2025-10-21T11:15:00-04:00,6784.5,6784.5,6775.25,6779
2025-10-21T11:30:00-04:00,6779,6782,6773.75,6779
2025-10-21T11:45:00-04:00,6778.75,6785,6778.5,6782.75
2025-10-21T12:00:00-04:00,6782.5,6786.25,6781,6784.25
2025-10-21T12:15:00-04:00,6784.5,6786.75,6781.25,6786.25
2025-10-21T12:30:00-04:00,6786.25,6787.75,6783.5,6786.25
2025-10-21T12:45:00-04:00,6786.25,6789.75,6773.25,6774.75
2025-10-21T13:00:00-04:00,6774.75,6781.5,6767.25,6780.75
2025-10-21T13:15:00-04:00,6780.5,6781.25,6770,6775.75
2025-10-21T13:30:00-04:00,6776,6780,6772.25,6776.5
2025-10-21T13:45:00-04:00,6776.75,6783,6776.25,6781.75
2025-10-21T14:00:00-04:00,6782,6784.5,6781.25,6783
2025-10-21T14:15:00-04:00,6782.75,6785,6777.5,6782.75
2025-10-21T14:30:00-04:00,6782.75,6784.25,6777.75,6778
2025-10-21T14:45:00-04:00,6778,6781.75,6777.75,6779.5
2025-10-21T15:00:00-04:00,6779.25,6780.5,6776.5,6779.75
2025-10-21T15:15:00-04:00,6779.75,6782.5,6777.75,6778.75
2025-10-21T15:30:00-04:00,6778.5,6779.5,6776.25,6779.5
2025-10-21T15:45:00-04:00,6779.25,6784,6771.5,6772
2025-10-21T16:00:00-04:00,6772.25,6776,6764.75,6767.75
2025-10-21T16:15:00-04:00,6768,6770.75,6768,6770.75
2025-10-21T16:30:00-04:00,6770.5,6773.25,6769.5,6772.5
2025-10-21T16:45:00-04:00,6772.75,6773.25,6770,6772.5
2025-10-21T18:00:00-04:00,6776,6778,6771.75,6773
2025-10-21T18:15:00-04:00,6773,6776.75,6773,6776.25
2025-10-21T18:30:00-04:00,6776.25,6777.25,6773,6774.25
2025-10-21T18:45:00-04:00,6774.5,6776,6773.5,6775.5
2025-10-21T19:00:00-04:00,6775.5,6775.75,6770.5,6771.5
2025-10-21T19:15:00-04:00,6771.75,6775.25,6770.5,6772.5
2025-10-21T19:30:00-04:00,6772.25,6772.75,6770.5,6771
2025-10-21T19:45:00-04:00,6771.25,6771.75,6769.25,6769.75
2025-10-21T20:00:00-04:00,6769.75,6772.5,6766.25,6770.25
2025-10-21T20:15:00-04:00,6770.25,6770.25,6766.25,6769
2025-10-21T20:30:00-04:00,6769,6770.5,6766,6766
2025-10-21T20:45:00-04:00,6766,6767.75,6765.25,6766.5
2025-10-21T21:00:00-04:00,6766.25,6770.25,6764,6769.5
2025-10-21T21:15:00-04:00,6769.5,6770.5,6768,6769.5
2025-10-21T21:30:00-04:00,6769.5,6770.5,6768.5,6769.75
2025-10-21T21:45:00-04:00,6769.75,6774.75,6769,6774
2025-10-21T22:00:00-04:00,6774.25,6775.75,6771.25,6775.75
2025-10-21T22:15:00-04:00,6775.5,6777.25,6775,6777
2025-10-21T22:30:00-04:00,6777.25,6777.25,6774.75,6775.75
2025-10-21T22:45:00-04:00,6775.5,6775.75,6774.75,6775.25
2025-10-21T23:00:00-04:00,6775.5,6775.75,6772,6772.75
2025-10-21T23:15:00-04:00,6773,6773.25,6770,6771
2025-10-21T23:30:00-04:00,6771,6772,6769.25,6771
2025-10-21T23:45:00-04:00,6771.25,6780,6771,6779.5
2025-10-22T00:00:00-04:00,6779.5,6787.75,6779,6785
2025-10-22T00:15:00-04:00,6785,6788,6784.5,6785.5
2025-10-22T00:30:00-04:00,6785.25,6786.75,6784.75,6786.25
2025-10-22T00:45:00-04:00,6786.25,6786.5,6783.25,6784.75
2025-10-22T01:00:00-04:00,6784.75,6786.25,6784,6786
2025-10-22T01:15:00-04:00,6786.25,6786.5,6782,6783.75
2025-10-22T01:30:00-04:00,6783.75,6785,6780.75,6781
2025-10-22T01:45:00-04:00,6781,6783.75,6781,6782.25
2025-10-22T02:00:00-04:00,6782.25,6785.75,6779.25,6785.25
2025-10-22T02:15:00-04:00,6785.5,6787.5,6784.5,6784.75
2025-10-22T02:30:00-04:00,6784.75,6788.75,6782.75,6787.75
2025-10-22T02:45:00-04:00,6787.75,6788.75,6785.25,6785.5
2025-10-22T03:00:00-04:00,6785.5,6786,6776.5,6777.25
2025-10-22T03:15:00-04:00,6777,6782.75,6775.25,6782.75
2025-10-22T03:30:00-04:00,6782.75,6783.75,6780.75,6781.5
2025-10-22T03:45:00-04:00,6781.5,6783.5,6781,6781.75
2025-10-22T04:00:00-04:00,6782,6782,6774.25,6775.25
2025-10-22T04:15:00-04:00,6775,6775.25,6772,6774.75
2025-10-22T04:30:00-04:00,6775,6777,6772.75,6774.25
2025-10-22T04:45:00-04:00,6774,6777,6772,6775.75
2025-10-22T05:00:00-04:00,6775.5,6775.75,6770,6772
2025-10-22T05:15:00-04:00,6772,6776,6768.5,6775
2025-10-22T05:30:00-04:00,6775,6777.25,6773,6774.25
2025-10-22T05:45:00-04:00,6774.25,6778.75,6773,6778.5
2025-10-22T06:00:00-04:00,6778.5,6779.25,6776.75,6778.25
2025-10-22T06:15:00-04:00,6778.25,6781.25,6778.25,6781.25
2025-10-22T06:30:00-04:00,6781,6782.75,6780,6782.5
2025-10-22T06:45:00-04:00,6782.5,6782.75,6777.75,6778.5
2025-10-22T07:00:00-04:00,6778.25,6779.25,6767,6771.5
2025-10-22T07:15:00-04:00,6771.25,6774.25,6767.5,6770
2025-10-22T07:30:00-04:00,6770.25,6772,6765.5,6767.5
2025-10-22T07:45:00-04:00,6767.25,6773.25,6765.75,6769.25
2025-10-22T08:00:00-04:00,6769.25,6778.25,6768.5,6777
2025-10-22T08:15:00-04:00,6777.25,6779,6774.75,6776.5
2025-10-22T08:30:00-04:00,6776.75,6779.5,6774.25,6778.5
2025-10-22T08:45:00-04:00,6778.5,6780.75,6777.25,6779.25
2025-10-22T09:00:00-04:00,6779.25,6781.5,6776.5,6780.75
2025-10-22T09:15:00-04:00,6780.75,6781.75,6777.75,6778.75
2025-10-22T09:30:00-04:00,6779,6779.25,6763.5,6777
2025-10-22T09:45:00-04:00,6777,6777.5,6768.75,6771.5
2025-10-22T10:00:00-04:00,6771.5,6775.25,6765.75,6766.25
2025-10-22T10:15:00-04:00,6766.25,6772.25,6752,6753.25
2025-10-22T10:30:00-04:00,6753.25,6756.75,6743.5,6744.25
2025-10-22T10:45:00-04:00,6744.25,6760.5,6739.5,6759.75
2025-10-22T11:00:00-04:00,6759.5,6763.25,6751,6754.5
2025-10-22T11:15:00-04:00,6754.5,6757,6734.75,6737.25
2025-10-22T11:30:00-04:00,6737.25,6747,6732.25,6744.5
2025-10-22T11:45:00-04:00,6744.5,6756.75,6744,6748.75
2025-10-22T12:00:00-04:00,6749,6750.75,6736.75,6741
2025-10-22T12:15:00-04:00,6741,6746.25,6730,6734.5
2025-10-22T12:30:00-04:00,6734.25,6739.5,6698,6730
2025-10-22T12:45:00-04:00,6730.25,6740.5,6723,6732
2025-10-22T13:00:00-04:00,6731.75,6735.25,6719.25,6719.5
2025-10-22T13:15:00-04:00,6719.75,6722.5,6705.25,6712.25
2025-10-22T13:30:00-04:00,6712.25,6717.25,6692.5,6694.25
2025-10-22T13:45:00-04:00,6694.25,6706,6690.75,6705.25
2025-10-22T14:00:00-04:00,6705.5,6712.5,6702.25,6702.5
2025-10-22T14:15:00-04:00,6702.75,6720.25,6695.25,6715
2025-10-22T14:30:00-04:00,6714.75,6722.5,6708.75,6717.5
2025-10-22T14:45:00-04:00,6717.5,6724,6712.25,6723.25
2025-10-22T15:00:00-04:00,6723.25,6734.25,6713.5,6727.25
2025-10-22T15:15:00-04:00,6727.25,6735,6726.25,6733
2025-10-22T15:30:00-04:00,6732.75,6742.25,6732.25,6735.5
2025-10-22T15:45:00-04:00,6735.5,6741,6731.75,6737
2025-10-22T16:00:00-04:00,6737,6744.75,6736.75,6738.75
2025-10-22T16:15:00-04:00,6738.75,6739.25,6731.75,6733
2025-10-22T16:30:00-04:00,6733,6737,6731.75,6736.75
2025-10-22T16:45:00-04:00,6737,6737.75,6735,6737.5
2025-10-22T18:00:00-04:00,6733.5,6736.25,6729.5,6736
2025-10-22T18:15:00-04:00,6736.25,6739.5,6734.5,6735.75
2025-10-22T18:30:00-04:00,6735.75,6737.25,6734.5,6735.75
2025-10-22T18:45:00-04:00,6736,6738.25,6735.5,6736.75
2025-10-22T19:00:00-04:00,6736.75,6740.5,6735.5,6739.25
2025-10-22T19:15:00-04:00,6739,6739.75,6736.5,6736.75
2025-10-22T19:30:00-04:00,6736.75,6738.25,6733.5,6733.75
2025-10-22T19:45:00-04:00,6734,6734.5,6726.5,6727
2025-10-22T20:00:00-04:00,6727,6729.25,6717.5,6728.5
2025-10-22T20:15:00-04:00,6728.25,6733.25,6728.25,6732.5
2025-10-22T20:30:00-04:00,6732.25,6736.25,6729.5,6731.75
2025-10-22T20:45:00-04:00,6732,6737.75,6730.25,6737
2025-10-22T21:00:00-04:00,6736.75,6741.25,6736.25,6740
2025-10-22T21:15:00-04:00,6740,6743,6739.75,6741.25
2025-10-22T21:30:00-04:00,6741.25,6748.25,6741,6746.25
2025-10-22T21:45:00-04:00,6746.25,6747,6744.5,6747
2025-10-22T22:00:00-04:00,6747.25,6748.5,6745.75,6746
2025-10-22T22:15:00-04:00,6746,6749,6745.75,6747.75
2025-10-22T22:30:00-04:00,6747.75,6748.5,6745.75,6747.25
2025-10-22T22:45:00-04:00,6747.5,6749.75,6746.75,6747
2025-10-22T23:00:00-04:00,6747.25,6750,6747,6749.5
2025-10-22T23:15:00-04:00,6749.75,6750.25,6745.75,6746
2025-10-22T23:30:00-04:00,6745.75,6747.5,6742.75,6745.25
2025-10-22T23:45:00-04:00,6745.25,6746.75,6743.5,6745
2025-10-23T00:00:00-04:00,6745,6746.75,6741.75,6742
2025-10-23T00:15:00-04:00,6742,6745.5,6740.25,6743.75
2025-10-23T00:30:00-04:00,6744,6744,6739.75,6741.25
2025-10-23T00:45:00-04:00,6741.25,6742.75,6740.5,6741.5
2025-10-23T01:00:00-04:00,6741.75,6743,6740.25,6742
2025-10-23T01:15:00-04:00,6741.75,6741.75,6738.25,6740.25
2025-10-23T01:30:00-04:00,6740.25,6742.75,6739.75,6741
2025-10-23T01:45:00-04:00,6741,6747.25,6741,6746.25
2025-10-23T02:00:00-04:00,6746.25,6747,6742.75,6743.75
2025-10-23T02:15:00-04:00,6743.75,6747.25,6743.5,6745
2025-10-23T02:30:00-04:00,6745.25,6747.5,6742.75,6746.25
2025-10-23T02:45:00-04:00,6746.25,6749.75,6745.75,6748.25
2025-10-23T03:00:00-04:00,6748.25,6751.75,6747.75,6750
2025-10-23T03:15:00-04:00,6750,6751,6739.5,6743
2025-10-23T03:30:00-04:00,6743.25,6748.25,6742.75,6746.5
2025-10-23T03:45:00-04:00,6746.5,6749,6744.75,6746.5
2025-10-23T04:00:00-04:00,6746.5,6749.75,6744.5,6746.25
2025-10-23T04:15:00-04:00,6746.25,6747.75,6745.75,6746
2025-10-23T04:30:00-04:00,6746,6748.5,6745.75,6746.25
2025-10-23T04:45:00-04:00,6746.25,6746.5,6742.25,6744.75
2025-10-23T05:00:00-04:00,6744.75,6746.75,6737.25,6741.25
2025-10-23T05:15:00-04:00,6741,6741.25,6733.5,6737.25
2025-10-23T05:30:00-04:00,6737.25,6738.75,6735.75,6736.25
2025-10-23T05:45:00-04:00,6736.5,6740.75,6732.5,6739.25
2025-10-23T06:00:00-04:00,6739.5,6741.5,6737.75,6740
2025-10-23T06:15:00-04:00,6740.25,6742.25,6738.75,6740
2025-10-23T06:30:00-04:00,6740.25,6742,6739.25,6739.25
2025-10-23T06:45:00-04:00,6739.25,6741,6737.25,6740
2025-10-23T07:00:00-04:00,6739.75,6740.25,6728.25,6732
2025-10-23T07:15:00-04:00,6732,6735.75,6731,6735.5
2025-10-23T07:30:00-04:00,6735.5,6735.75,6728.75,6729
2025-10-23T07:45:00-04:00,6729,6729.75,6723.5,6725.75
2025-10-23T08:00:00-04:00,6725.75,6726.75,6723,6724.25
2025-10-23T08:15:00-04:00,6724.25,6728.25,6720.5,6727.5
2025-10-23T08:30:00-04:00,6727.75,6728.25,6719.5,6724.75
2025-10-23T08:45:00-04:00,6724.5,6737.25,6724.25,6736
2025-10-23T09:00:00-04:00,6736,6736.25,6724,6731.25
2025-10-23T09:15:00-04:00,6731,6739.25,6730,6739.25
2025-10-23T09:30:00-04:00,6739.25,6753.75,6736,6753.5
2025-10-23T09:45:00-04:00,6753.5,6766,6752.25,6758
2025-10-23T10:00:00-04:00,6758.25,6762,6746.75,6749.25
2025-10-23T10:15:00-04:00,6749.25,6756.5,6739,6752
2025-10-23T10:30:00-04:00,6752,6760,6747.5,6756.25
2025-10-23T10:45:00-04:00,6756.5,6762.25,6751.25,6760.5
2025-10-23T11:00:00-04:00,6760.5,6761.5,6752.5,6755
2025-10-23T11:15:00-04:00,6755.25,6760.75,6749,6758.75
2025-10-23T11:30:00-04:00,6758.5,6763.75,6745.25,6747.25
2025-10-23T11:45:00-04:00,6747.25,6765.5,6746,6761
2025-10-23T12:00:00-04:00,6760.75,6769,6759.75,6768.75
2025-10-23T12:15:00-04:00,6768.75,6769.5,6760,6763.75
2025-10-23T12:30:00-04:00,6763.75,6771.75,6763.25,6770.75
2025-10-23T12:45:00-04:00,6771,6774,6768.25,6772.75
2025-10-23T13:00:00-04:00,6773,6775,6762.5,6773
2025-10-23T13:15:00-04:00,6773.25,6774.5,6765.75,6768.5
2025-10-23T13:30:00-04:00,6768.5,6782,6768.25,6780.5
2025-10-23T13:45:00-04:00,6780.75,6783.5,6779.25,6782.25
2025-10-23T14:00:00-04:00,6782.5,6783.5,6779,6780.75
2025-10-23T14:15:00-04:00,6780.5,6784,6776.75,6783.5
2025-10-23T14:30:00-04:00,6783.5,6785,6781.5,6783.5
2025-10-23T14:45:00-04:00,6783.5,6785.75,6781.75,6784
2025-10-23T15:00:00-04:00,6784,6785.75,6782,6785
2025-10-23T15:15:00-04:00,6785,6785.5,6781,6783.25
2025-10-23T15:30:00-04:00,6783,6783,6778,6778.25
2025-10-23T15:45:00-04:00,6778.25,6781.25,6771.5,6774.75
2025-10-23T16:00:00-04:00,6774.5,6778.25,6773.5,6775
2025-10-23T16:15:00-04:00,6774.75,6775.75,6773.5,6774.5
2025-10-23T16:30:00-04:00,6774.25,6777.75,6773.75,6776.75
2025-10-23T16:45:00-04:00,6776.75,6777.75,6775.5,6777.75
2025-10-23T18:00:00-04:00,6778.25,6781.75,6776.5,6779.75
2025-10-23T18:15:00-04:00,6780,6781.5,6779.25,6780.25
2025-10-23T18:30:00-04:00,6780.25,6781.75,6779.5,6779.75
2025-10-23T18:45:00-04:00,6780.25,6780.5,6778.5,6779.75
2025-10-23T19:00:00-04:00,6779.75,6781.75,6779.5,6780.75
2025-10-23T19:15:00-04:00,6780.75,6781.25,6780,6780.5
2025-10-23T19:30:00-04:00,6780.5,6781.5,6780.25,6780.5
2025-10-23T19:45:00-04:00,6780.5,6782,6779.75,6780.75
2025-10-23T20:00:00-04:00,6781,6781.75,6776.75,6778.75
2025-10-23T20:15:00-04:00,6778.75,6780,6778.75,6779.5
2025-10-23T20:30:00-04:00,6779.5,6781.75,6779.5,6780.5
2025-10-23T20:45:00-04:00,6780.75,6781.25,6779,6781
2025-10-23T21:00:00-04:00,6781,6784.5,6780.75,6784.5
2025-10-23T21:15:00-04:00,6784.5,6785.5,6782,6782.25
2025-10-23T21:30:00-04:00,6782,6782.75,6781,6782.5
2025-10-23T21:45:00-04:00,6782.75,6785.25,6782.25,6784.75
2025-10-23T22:00:00-04:00,6784.75,6785.25,6783.5,6785
2025-10-23T22:15:00-04:00,6784.75,6787,6784.25,6786.5
2025-10-23T22:30:00-04:00,6786.5,6786.75,6781.75,6782.25
2025-10-23T22:45:00-04:00,6782,6785,6782,6783.25
2025-10-23T23:00:00-04:00,6783.25,6784.5,6782.75,6784
2025-10-23T23:15:00-04:00,6784,6787.5,6784,6787.5
2025-10-23T23:30:00-04:00,6787.5,6788.25,6787,6787.25
2025-10-23T23:45:00-04:00,6787,6788,6786.5,6787.75
2025-10-24T00:00:00-04:00,6787.75,6788.25,6785.25,6787.75
2025-10-24T00:15:00-04:00,6788,6788.25,6786.5,6787
2025-10-24T00:30:00-04:00,6786.75,6787,6785.75,6786.75
2025-10-24T00:45:00-04:00,6786.75,6788.5,6786.25,6787.75
2025-10-24T01:00:00-04:00,6787.75,6788.25,6786.75,6787.25
2025-10-24T01:15:00-04:00,6787.25,6790.75,6786.75,6789.75
2025-10-24T01:30:00-04:00,6789.75,6790.25,6788.5,6790
2025-10-24T01:45:00-04:00,6790,6791.75,6789.75,6791.5
2025-10-24T02:00:00-04:00,6791.5,6796.25,6791,6795.5
2025-10-24T02:15:00-04:00,6795.75,6798.25,6795.5,6797.5
2025-10-24T02:30:00-04:00,6797.25,6797.25,6793.75,6794.5
2025-10-24T02:45:00-04:00,6794.5,6796,6793.75,6795
2025-10-24T03:00:00-04:00,6795.25,6795.5,6792,6793.25
2025-10-24T03:15:00-04:00,6793.25,6793.5,6789.5,6791
2025-10-24T03:30:00-04:00,6791,6795.25,6790.5,6792.5
2025-10-24T03:45:00-04:00,6792.25,6792.5,6787.5,6788.25
2025-10-24T04:00:00-04:00,6788.25,6789.25,6784,6784.5
2025-10-24T04:15:00-04:00,6784.5,6787.75,6784,6787.25
2025-10-24T04:30:00-04:00,6787.5,6789.5,6786.25,6789
2025-10-24T04:45:00-04:00,6789.25,6793.5,6789,6789.75
2025-10-24T05:00:00-04:00,6789.5,6790.75,6789.25,6790.25
2025-10-24T05:15:00-04:00,6790.5,6795.75,6789.25,6795.25
2025-10-24T05:30:00-04:00,6795,6798.75,6795,6797.25
2025-10-24T05:45:00-04:00,6797.5,6797.5,6794,6794.5
2025-10-24T06:00:00-04:00,6794.5,6797.5,6792.5,6797
2025-10-24T06:15:00-04:00,6797.25,6797.75,6794.25,6794.75
2025-10-24T06:30:00-04:00,6794.75,6797,6793.75,6794.25
2025-10-24T06:45:00-04:00,6794.25,6795.5,6792.5,6793
2025-10-24T07:00:00-04:00,6793,6797,6792.5,6797
2025-10-24T07:15:00-04:00,6796.75,6797,6793,6794.75
2025-10-24T07:30:00-04:00,6794.5,6796.75,6793.5,6795.25
2025-10-24T07:45:00-04:00,6795.5,6799.75,6795.25,6797.5
2025-10-24T08:00:00-04:00,6797.75,6800,6796.5,6796.75
2025-10-24T08:15:00-04:00,6796.75,6797.75,6793.75,6795.5
2025-10-24T08:30:00-04:00,6795,6837.25,6792.5,6814.25
2025-10-24T08:45:00-04:00,6814.5,6818.5,6811.25,6812.75
2025-10-24T09:00:00-04:00,6813,6818.25,6812.5,6817
2025-10-24T09:15:00-04:00,6816.75,6822.5,6816,6820.75
2025-10-24T09:30:00-04:00,6820.75,6833.75,6812.5,6829.75
2025-10-24T09:45:00-04:00,6829.25,6835,6821.25,6829.5
2025-10-24T10:00:00-04:00,6830,6835.5,6826.75,6834.25
2025-10-24T10:15:00-04:00,6834.5,6834.5,6823.75,6824.25
2025-10-24T10:30:00-04:00,6824,6833,6817.25,6831.75
2025-10-24T10:45:00-04:00,6832,6832.75,6815.25,6823
2025-10-24T11:00:00-04:00,6823,6831,6821,6830.75
2025-10-24T11:15:00-04:00,6831,6841.25,6830.75,6838
2025-10-24T11:30:00-04:00,6838.25,6841,6833.75,6834.5
2025-10-24T11:45:00-04:00,6834.5,6838.75,6831.5,6835.75
2025-10-24T12:00:00-04:00,6835.75,6839.5,6835,6839
2025-10-24T12:15:00-04:00,6839.25,6841.25,6834.75,6835.5
2025-10-24T12:30:00-04:00,6835.25,6836.5,6828.25,6829.5
2025-10-24T12:45:00-04:00,6829.5,6839,6828.25,6836
2025-10-24T13:00:00-04:00,6835.75,6838,6833.25,6833.75
2025-10-24T13:15:00-04:00,6834,6838.75,6832.75,6837
2025-10-24T13:30:00-04:00,6837,6839.5,6835.75,6838
2025-10-24T13:45:00-04:00,6837.75,6840.75,6836.75,6836.75
2025-10-24T14:00:00-04:00,6836.75,6839.75,6834.75,6838.25
2025-10-24T14:15:00-04:00,6838,6839.5,6836.75,6837.75
2025-10-24T14:30:00-04:00,6837.75,6839.5,6836,6836.75
2025-10-24T14:45:00-04:00,6836.75,6838.5,6833.25,6838
2025-10-24T15:00:00-04:00,6837.75,6841,6837.75,6839
2025-10-24T15:15:00-04:00,6839.25,6840.75,6836.5,6838.25
2025-10-24T15:30:00-04:00,6838.5,6838.75,6833,6833
2025-10-24T15:45:00-04:00,6833,6836,6823.75,6827.25
2025-10-24T16:00:00-04:00,6827.25,6829.25,6824.25,6825.5
2025-10-24T16:15:00-04:00,6825.5,6827.75,6824.75,6827.25
2025-10-24T16:30:00-04:00,6827,6829.5,6826.25,6826.25
2025-10-24T16:45:00-04:00,6826.25,6826.75,6824.75,6825.25
2025-10-26T18:00:00-04:00,6881,6890,6865.75,6870
2025-10-26T18:15:00-04:00,6870,6877.75,6868.5,6877.25
2025-10-26T18:30:00-04:00,6877.5,6879.25,6872.25,6872.5
2025-10-26T18:45:00-04:00,6872.75,6874.75,6870.5,6872
2025-10-26T19:00:00-04:00,6872.25,6876.75,6871.5,6872
2025-10-26T19:15:00-04:00,6872,6873.5,6871,6871.75
2025-10-26T19:30:00-04:00,6872,6875.25,6871.75,6873.5
2025-10-26T19:45:00-04:00,6873.5,6873.5,6868.75,6870.75
2025-10-26T20:00:00-04:00,6870.75,6876,6869.25,6876
2025-10-26T20:15:00-04:00,6875.75,6876.25,6872,6874.25
2025-10-26T20:30:00-04:00,6874,6876.75,6874,6875.25
2025-10-26T20:45:00-04:00,6875.25,6875.25,6872.25,6872.25
2025-10-26T21:00:00-04:00,6872.5,6872.75,6869.75,6869.75
2025-10-26T21:15:00-04:00,6869.75,6872.5,6869.5,6872
2025-10-26T21:30:00-04:00,6871.75,6873.25,6871,6871.75
2025-10-26T21:45:00-04:00,6871.75,6872,6869.25,6869.5
2025-10-26T22:00:00-04:00,6869.5,6871.25,6867.5,6868.75
2025-10-26T22:15:00-04:00,6868.75,6871,6868.75,6869.75
2025-10-26T22:30:00-04:00,6869.75,6873.75,6869.75,6873.5
2025-10-26T22:45:00-04:00,6873.75,6875.25,6873.75,6875
2025-10-26T23:00:00-04:00,6875,6877.5,6874.25,6877
2025-10-26T23:15:00-04:00,6877.25,6880.75,6877.25,6880.5
2025-10-26T23:30:00-04:00,6880.5,6881.25,6877.5,6878.25
2025-10-26T23:45:00-04:00,6878.25,6878.5,6877,6878.5
2025-10-27T00:00:00-04:00,6878.25,6879.25,6877,6878
2025-10-27T00:15:00-04:00,6878,6880,6877.5,6879.75
2025-10-27T00:30:00-04:00,6879.75,6880.5,6878,6879.5
2025-10-27T00:45:00-04:00,6879.5,6879.75,6878,6879.25
2025-10-27T01:00:00-04:00,6879,6881.75,6879,6880.5
2025-10-27T01:15:00-04:00,6880.5,6883.5,6880.25,6883
2025-10-27T01:30:00-04:00,6883.25,6883.75,6881.25,6881.75
2025-10-27T01:45:00-04:00,6881.5,6883.75,6881.5,6882.75
2025-10-27T02:00:00-04:00,6883,6886,6882.25,6884.75
2025-10-27T02:15:00-04:00,6884.75,6888.25,6884.5,6887.75
2025-10-27T02:30:00-04:00,6887.5,6888,6884.75,6886.25
2025-10-27T02:45:00-04:00,6886.25,6887.5,6883.75,6884.5
2025-10-27T03:00:00-04:00,6884.5,6886.25,6882.75,6885.75
2025-10-27T03:15:00-04:00,6885.75,6888.75,6885.5,6887
2025-10-27T03:30:00-04:00,6887.25,6889,6885.5,6885.5
2025-10-27T03:45:00-04:00,6885.5,6886.25,6882.75,6882.75
2025-10-27T04:00:00-04:00,6883,6884.25,6880.5,6881.75
2025-10-27T04:15:00-04:00,6881.75,6882.75,6877.25,6878
2025-10-27T04:30:00-04:00,6878.25,6881,6876.5,6880
2025-10-27T04:45:00-04:00,6880,6882.25,6880,6881
2025-10-27T05:00:00-04:00,6881.25,6881.75,6879.75,6881
2025-10-27T05:15:00-04:00,6881.25,6882.25,6878.75,6879
2025-10-27T05:30:00-04:00,6879,6884.75,6879,6884.75
2025-10-27T05:45:00-04:00,6884.5,6887,6884.25,6887
2025-10-27T06:00:00-04:00,6887,6887,6884,6885.75
2025-10-27T06:15:00-04:00,6886,6887.5,6885.25,6886.75
2025-10-27T06:30:00-04:00,6886.75,6887.75,6885.75,6887
2025-10-27T06:45:00-04:00,6887,6888.5,6886.5,6886.5
2025-10-27T07:00:00-04:00,6886.5,6889,6883.75,6885
2025-10-27T07:15:00-04:00,6884.75,6885.75,6883.5,6884.25
2025-10-27T07:30:00-04:00,6884.25,6884.5,6880.75,6881
2025-10-27T07:45:00-04:00,6881,6881.75,6878.75,6880.25
2025-10-27T08:00:00-04:00,6880,6885.25,6879.25,6884.5
2025-10-27T08:15:00-04:00,6884.5,6884.5,6881.75,6882
2025-10-27T08:30:00-04:00,6882.5,6883.25,6880,6882.5
2025-10-27T08:45:00-04:00,6882.5,6884.25,6882.25,6883
2025-10-27T09:00:00-04:00,6882.75,6885.5,6882.25,6883.25
2025-10-27T09:15:00-04:00,6883.25,6886.5,6880.5,6882.75
2025-10-27T09:30:00-04:00,6883,6887.75,6877,6883.5
2025-10-27T09:45:00-04:00,6883.5,6889,6879,6886.75
2025-10-27T10:00:00-04:00,6886.75,6892.5,6885,6888.25
2025-10-27T10:15:00-04:00,6888.5,6889,6879.75,6886.5
2025-10-27T10:30:00-04:00,6886.5,6889.5,6883.5,6889.5
2025-10-27T10:45:00-04:00,6889.5,6889.75,6881.5,6883
2025-10-27T11:00:00-04:00,6883,6886.5,6881.25,6886.5
2025-10-27T11:15:00-04:00,6886.5,6889.75,6884.5,6889.75
2025-10-27T11:30:00-04:00,6889.5,6892.25,6888.5,6891.5
2025-10-27T11:45:00-04:00,6891.75,6891.75,6888,6890.25
2025-10-27T12:00:00-04:00,6890.25,6893.75,6889.75,6892.25
2025-10-27T12:15:00-04:00,6892.25,6892.5,6889.75,6891.25
2025-10-27T12:30:00-04:00,6891.25,6893.75,6891,6892.75
2025-10-27T12:45:00-04:00,6892.75,6895,6891.5,6893.75
2025-10-27T13:00:00-04:00,6893.75,6894.25,6890.75,6892.5
2025-10-27T13:15:00-04:00,6892.25,6892.75,6887.75,6890.5
2025-10-27T13:30:00-04:00,6890.5,6895.75,6889.25,6895.5
2025-10-27T13:45:00-04:00,6895.5,6896,6893.75,6895.5
2025-10-27T14:00:00-04:00,6895.75,6895.75,6893.75,6895
2025-10-27T14:15:00-04:00,6894.75,6895.75,6894,6894.5
2025-10-27T14:30:00-04:00,6894.75,6897.5,6894.75,6897
2025-10-27T14:45:00-04:00,6897,6898.75,6895.75,6897.5
2025-10-27T15:00:00-04:00,6897.5,6899.25,6896.5,6898
2025-10-27T15:15:00-04:00,6898,6898.75,6896.25,6898.75
2025-10-27T15:30:00-04:00,6898.75,6904,6898,6902.75
2025-10-27T15:45:00-04:00,6902.75,6911.75,6902.25,6907.5
2025-10-27T16:00:00-04:00,6907.5,6912,6907,6910
2025-10-27T16:15:00-04:00,6909.75,6913.75,6909.75,6913.75
2025-10-27T16:30:00-04:00,6913.75,6915.5,6913.5,6915.25
2025-10-27T16:45:00-04:00,6915.25,6916.25,6913.5,6914
2025-10-27T18:00:00-04:00,6914,6914,6910.25,6911.5
2025-10-27T18:15:00-04:00,6911.75,6913.75,6911.25,6912.25
2025-10-27T18:30:00-04:00,6912.25,6913.25,6911,6911.25
2025-10-27T18:45:00-04:00,6911.5,6912.25,6911.25,6911.75
2025-10-27T19:00:00-04:00,6911.5,6913.25,6910.75,6912.75
2025-10-27T19:15:00-04:00,6912.5,6917.25,6912.5,6916.75
2025-10-27T19:30:00-04:00,6916.5,6917.75,6914,6914.25
2025-10-27T19:45:00-04:00,6914,6915.5,6910.75,6911
2025-10-27T20:00:00-04:00,6910.75,6912,6908.5,6911
2025-10-27T20:15:00-04:00,6910.75,6911.25,6909.25,6910
2025-10-27T20:30:00-04:00,6909.75,6911.25,6908.5,6910
2025-10-27T20:45:00-04:00,6909.75,6910.5,6908.75,6909
2025-10-27T21:00:00-04:00,6909,6909.75,6906.5,6907.5
2025-10-27T21:15:00-04:00,6907.5,6909.25,6906,6907.5
2025-10-27T21:30:00-04:00,6907.75,6910.25,6906.5,6907.5
2025-10-27T21:45:00-04:00,6907.75,6908.5,6906.5,6907.25
2025-10-27T22:00:00-04:00,6907.25,6909.25,6907,6908
2025-10-27T22:15:00-04:00,6907.75,6909,6907,6908
2025-10-27T22:30:00-04:00,6908,6908.25,6906,6906.5
2025-10-27T22:45:00-04:00,6906.5,6908.5,6905.25,6907.75
2025-10-27T23:00:00-04:00,6907.75,6909.25,6906,6906.75
2025-10-27T23:15:00-04:00,6906.75,6908,6906.25,6907.25
2025-10-27T23:30:00-04:00,6907.25,6907.75,6906.5,6907.25
2025-10-27T23:45:00-04:00,6907.25,6910,6907,6908.25
2025-10-28T00:00:00-04:00,6908,6909,6907.25,6908.25
2025-10-28T00:15:00-04:00,6908.25,6908.25,6905.5,6906
2025-10-28T00:30:00-04:00,6906.25,6906.75,6905,6905
2025-10-28T00:45:00-04:00,6905.25,6906.25,6904.75,6905
2025-10-28T01:00:00-04:00,6905.25,6906.5,6903.25,6903.75
2025-10-28T01:15:00-04:00,6903.75,6904.5,6902.75,6904
2025-10-28T01:30:00-04:00,6904,6904.25,6902.25,6903.25
2025-10-28T01:45:00-04:00,6903,6906.5,6903,6904.75
2025-10-28T02:00:00-04:00,6905,6906.75,6904.25,6904.75
2025-10-28T02:15:00-04:00,6904.75,6907.25,6903.5,6906.5
2025-10-28T02:30:00-04:00,6906.5,6909.75,6905.75,6905.75
2025-10-28T02:45:00-04:00,6905.75,6906.5,6903.75,6903.75
2025-10-28T03:00:00-04:00,6904,6908.25,6903.5,6904.5
2025-10-28T03:15:00-04:00,6904.5,6908.75,6904,6907.75
2025-10-28T03:30:00-04:00,6907.75,6908.25,6906,6906.25
2025-10-28T03:45:00-04:00,6906,6906,6902.25,6903.5
2025-10-28T04:00:00-04:00,6903.75,6905.25,6902,6902.25
2025-10-28T04:15:00-04:00,6902.5,6904.5,6901.75,6903.25
2025-10-28T04:30:00-04:00,6903.5,6904.5,6901.5,6903
2025-10-28T04:45:00-04:00,6903,6908,6903,6906.75
2025-10-28T05:00:00-04:00,6906.75,6908.25,6905.75,6906
2025-10-28T05:15:00-04:00,6906.25,6907.5,6904,6904.75
2025-10-28T05:30:00-04:00,6905,6905.5,6904,6905
2025-10-28T05:45:00-04:00,6905.25,6908.25,6905,6907.25
2025-10-28T06:00:00-04:00,6907.25,6908.75,6906.75,6908
2025-10-28T06:15:00-04:00,6908,6910.5,6907.75,6909.25
2025-10-28T06:30:00-04:00,6909.25,6909.5,6907.25,6907.5
2025-10-28T06:45:00-04:00,6907.75,6908,6906,6907.5
2025-10-28T07:00:00-04:00,6907.5,6909.5,6907.5,6908.75
2025-10-28T07:15:00-04:00,6908.75,6912.5,6907,6911.25
2025-10-28T07:30:00-04:00,6911.25,6913.25,6910.5,6913
2025-10-28T07:45:00-04:00,6913,6914,6911.75,6912.5
2025-10-28T08:00:00-04:00,6912.75,6915.5,6912.25,6915
2025-10-28T08:15:00-04:00,6915.25,6918.25,6914.25,6917.75
2025-10-28T08:30:00-04:00,6917.75,6918,6915,6915.75
2025-10-28T08:45:00-04:00,6915.5,6916.5,6914.5,6916
2025-10-28T09:00:00-04:00,6916.25,6927.25,6915.75,6926.25
2025-10-28T09:15:00-04:00,6926.5,6927.5,6923.25,6925.75
2025-10-28T09:30:00-04:00,6925.75,6927.25,6913.5,6914.75
2025-10-28T09:45:00-04:00,6914.5,6919.25,6906.75,6911.5
2025-10-28T10:00:00-04:00,6911.5,6914.5,6910,6913
2025-10-28T10:15:00-04:00,6913.25,6916.75,6911.75,6916.5
2025-10-28T10:30:00-04:00,6916.25,6919,6912.25,6914.25
2025-10-28T10:45:00-04:00,6914.25,6917.5,6911,6913.75
2025-10-28T11:00:00-04:00,6914,6917.5,6911.75,6913.25
2025-10-28T11:15:00-04:00,6913.5,6915.25,6908.5,6910.25
2025-10-28T11:30:00-04:00,6910.25,6910.5,6903,6906.25
2025-10-28T11:45:00-04:00,6906.25,6911.25,6905.25,6911
2025-10-28T12:00:00-04:00,6910.75,6915.5,6910.75,6913.25
2025-10-28T12:15:00-04:00,6913,6917.5,6911.25,6917.25
2025-10-28T12:30:00-04:00,6917.25,6930,6916,6922.75
2025-10-28T12:45:00-04:00,6922.75,6927.25,6922,6924.25
2025-10-28T13:00:00-04:00,6924.5,6929.25,6924,6927.25
2025-10-28T13:15:00-04:00,6927,6928.75,6924.5,6925.75
2025-10-28T13:30:00-04:00,6925.75,6928.75,6924,6928.5
2025-10-28T13:45:00-04:00,6928.5,6932.5,6926.5,6931.5
2025-10-28T14:00:00-04:00,6931.75,6934.25,6931,6933.75
2025-10-28T14:15:00-04:00,6933.75,6939.75,6933.25,6936.25
2025-10-28T14:30:00-04:00,6936,6937.5,6933.25,6935.25
2025-10-28T14:45:00-04:00,6935.25,6937.25,6933.5,6937
2025-10-28T15:00:00-04:00,6937,6938,6933.5,6937.5
2025-10-28T15:15:00-04:00,6937.75,6944.75,6935.25,6942.5
2025-10-28T15:30:00-04:00,6942.5,6942.75,6929.5,6930.75
2025-10-28T15:45:00-04:00,6930.75,6933,6924.25,6925.5
2025-10-28T16:00:00-04:00,6925.5,6927.75,6921.5,6924
2025-10-28T16:15:00-04:00,6924,6926.5,6923.75,6925.5
2025-10-28T16:30:00-04:00,6925.75,6927.25,6925.25,6926.5
2025-10-28T16:45:00-04:00,6926.75,6928,6924.75,6927.5
2025-10-28T18:00:00-04:00,6929.25,6931,6926.75,6931
2025-10-28T18:15:00-04:00,6930.75,6931.25,6929.25,6930.5
2025-10-28T18:30:00-04:00,6930.5,6931.5,6926.75,6926.75
2025-10-28T18:45:00-04:00,6926.5,6927.25,6925.25,6926
2025-10-28T19:00:00-04:00,6926,6926.5,6924.5,6926
2025-10-28T19:15:00-04:00,6926.25,6929,6926.25,6926.5
2025-10-28T19:30:00-04:00,6926.5,6928.25,6926,6926.75
2025-10-28T19:45:00-04:00,6926.75,6929,6926.5,6927.75
2025-10-28T20:00:00-04:00,6928,6928.25,6924.75,6926
2025-10-28T20:15:00-04:00,6926.25,6929.25,6925.5,6929
2025-10-28T20:30:00-04:00,6929,6930.5,6926.5,6926.5
2025-10-28T20:45:00-04:00,6926.75,6927.5,6924.5,6926
2025-10-28T21:00:00-04:00,6925.75,6929.5,6925.5,6928.5
2025-10-28T21:15:00-04:00,6928.25,6930.25,6928,6929.5
2025-10-28T21:30:00-04:00,6929.5,6934.5,6929.25,6930
2025-10-28T21:45:00-04:00,6930,6935,6927.5,6932.75
2025-10-28T22:00:00-04:00,6932.75,6937,6932.5,6935
2025-10-28T22:15:00-04:00,6934.75,6938.5,6934,6937
2025-10-28T22:30:00-04:00,6937,6938,6936.25,6936.75
2025-10-28T22:45:00-04:00,6937,6940,6936.5,6937.5
2025-10-28T23:00:00-04:00,6937.75,6939.25,6937.5,6937.5
2025-10-28T23:15:00-04:00,6937.5,6939.25,6936.5,6937.25
2025-10-28T23:30:00-04:00,6937,6938.5,6934.5,6938
2025-10-28T23:45:00-04:00,6937.75,6939,6937.25,6938
2025-10-29T00:00:00-04:00,6938,6938,6933,6933.5
2025-10-29T00:15:00-04:00,6933.5,6938,6933.25,6936.75
2025-10-29T00:30:00-04:00,6937,6939,6936.75,6938
2025-10-29T00:45:00-04:00,6938,6939.25,6938,6938.75
2025-10-29T01:00:00-04:00,6938.5,6939.75,6938.5,6939.25
2025-10-29T01:15:00-04:00,6939.5,6940.25,6939,6939.75
2025-10-29T01:30:00-04:00,6940,6940.75,6938.75,6939.75
2025-10-29T01:45:00-04:00,6939.75,6941.25,6938.25,6940.5
2025-10-29T02:00:00-04:00,6940.5,6942.5,6939.5,6942
2025-10-29T02:15:00-04:00,6941.75,6944,6941.25,6943
2025-10-29T02:30:00-04:00,6943,6944,6941.75,6942.25
2025-10-29T02:45:00-04:00,6942.25,6943,6941.75,6943
2025-10-29T03:00:00-04:00,6943,6944.25,6940.5,6943.75
2025-10-29T03:15:00-04:00,6943.75,6944.75,6939.5,6942.5
2025-10-29T03:30:00-04:00,6942.5,6945.5,6941.75,6944.75
2025-10-29T03:45:00-04:00,6944.5,6945.5,6942,6945
2025-10-29T04:00:00-04:00,6944.75,6947.25,6944.25,6945
2025-10-29T04:15:00-04:00,6944.75,6949.25,6943.5,6943.5
2025-10-29T04:30:00-04:00,6943.5,6945.75,6936.75,6938.75
2025-10-29T04:45:00-04:00,6938.5,6940,6935.75,6937.25
2025-10-29T05:00:00-04:00,6937.25,6937.75,6932.25,6933.25
2025-10-29T05:15:00-04:00,6933.25,6935.75,6932,6932.25
2025-10-29T05:30:00-04:00,6932.25,6935,6930.75,6933.75
2025-10-29T05:45:00-04:00,6933.75,6936.5,6932.5,6935.75
2025-10-29T06:00:00-04:00,6935.75,6938.5,6934.5,6937.5
2025-10-29T06:15:00-04:00,6937.75,6940.5,6937,6939.5
2025-10-29T06:30:00-04:00,6939.75,6940.75,6938.5,6939
2025-10-29T06:45:00-04:00,6938.75,6942.5,6938.5,6938.75
2025-10-29T07:00:00-04:00,6938.5,6943.75,6936.75,6943.25
2025-10-29T07:15:00-04:00,6943.25,6946.75,6942,6946
2025-10-29T07:30:00-04:00,6946,6948.5,6945,6947.5
2025-10-29T07:45:00-04:00,6947.5,6947.5,6942.5,6943
2025-10-29T08:00:00-04:00,6943,6945.25,6942.5,6944.75
2025-10-29T08:15:00-04:00,6944.5,6946,6940.5,6941
2025-10-29T08:30:00-04:00,6941.25,6942.25,6937.5,6938.5
2025-10-29T08:45:00-04:00,6938.5,6943.5,6938.25,6942
2025-10-29T09:00:00-04:00,6942,6945,6941.5,6944
2025-10-29T09:15:00-04:00,6943.75,6945.25,6941.5,6942
2025-10-29T09:30:00-04:00,6942,6948,6936.25,6947.25
2025-10-29T09:45:00-04:00,6947.5,6951.75,6942,6950.75
2025-10-29T10:00:00-04:00,6950.75,6952,6938.75,6942.5
2025-10-29T10:15:00-04:00,6942.75,6945.25,6940,6944.75
2025-10-29T10:30:00-04:00,6944.5,6946,6936.5,6937.25
2025-10-29T10:45:00-04:00,6937.25,6940.75,6932.5,6938
2025-10-29T11:00:00-04:00,6938.25,6940.25,6935,6938.25
2025-10-29T11:15:00-04:00,6938.25,6942.75,6935.75,6937.5
2025-10-29T11:30:00-04:00,6937.5,6938.25,6933.5,6936.75
2025-10-29T11:45:00-04:00,6936.5,6938.25,6932.75,6934.75
2025-10-29T12:00:00-04:00,6934.75,6936,6929.75,6934.75
2025-10-29T12:15:00-04:00,6934.75,6940,6934.25,6939
2025-10-29T12:30:00-04:00,6939.25,6940.75,6937.5,6939.75
2025-10-29T12:45:00-04:00,6939.75,6942.5,6937.75,6940
2025-10-29T13:00:00-04:00,6939.75,6940.75,6937,6940.75
2025-10-29T13:15:00-04:00,6940.75,6942.5,6931.5,6933.75
2025-10-29T13:30:00-04:00,6933.5,6936,6930.5,6935.25
2025-10-29T13:45:00-04:00,6935.5,6940,6933,6935
2025-10-29T14:00:00-04:00,6935.5,6944.5,6927.75,6930.75
2025-10-29T14:15:00-04:00,6930.75,6937,6928,6934.75
2025-10-29T14:30:00-04:00,6934.75,6942.5,6882.25,6887
2025-10-29T14:45:00-04:00,6887,6923.5,6885,6914.75
2025-10-29T15:00:00-04:00,6914.75,6923.5,6898.5,6914.5
2025-10-29T15:15:00-04:00,6915,6921.5,6904,6908.25
2025-10-29T15:30:00-04:00,6908.5,6912.25,6895,6909.5
2025-10-29T15:45:00-04:00,6909.5,6928.75,6909,6928
2025-10-29T16:00:00-04:00,6928,6945.5,6905.5,6921.5
2025-10-29T16:15:00-04:00,6921.25,6929.5,6911.75,6924.25
2025-10-29T16:30:00-04:00,6924.25,6929,6919.5,6928.25
2025-10-29T16:45:00-04:00,6928,6929.5,6917.5,6918
2025-10-29T18:00:00-04:00,6906.5,6922.25,6902.5,6914.5
2025-10-29T18:15:00-04:00,6914.5,6915.75,6908,6908
2025-10-29T18:30:00-04:00,6908.25,6916,6908.25,6914
2025-10-29T18:45:00-04:00,6914.25,6915.75,6911.75,6913
2025-10-29T19:00:00-04:00,6912.75,6915.25,6910.75,6912.75
2025-10-29T19:15:00-04:00,6912.75,6921.25,6912.5,6919.25
2025-10-29T19:30:00-04:00,6919.75,6920.25,6908.25,6911
2025-10-29T19:45:00-04:00,6911,6924.75,6910.75,6922.25
2025-10-29T20:00:00-04:00,6922.5,6931.5,6922.25,6930.25
2025-10-29T20:15:00-04:00,6930.25,6936,6928.25,6934.5
2025-10-29T20:30:00-04:00,6934.75,6940,6932.75,6933
2025-10-29T20:45:00-04:00,6933.25,6935.5,6930.25,6933
2025-10-29T21:00:00-04:00,6933.25,6937.75,6926.25,6933
2025-10-29T21:15:00-04:00,6932.75,6934.75,6930.5,6932.5
2025-10-29T21:30:00-04:00,6932.5,6939.25,6929.25,6937.75
2025-10-29T21:45:00-04:00,6937.5,6938.5,6934.25,6935.75
2025-10-29T22:00:00-04:00,6936,6944.5,6935.5,6944.5
2025-10-29T22:15:00-04:00,6944.25,6948.75,6944.25,6945.75
2025-10-29T22:30:00-04:00,6945.75,6948.5,6943,6945.75
2025-10-29T22:45:00-04:00,6946,6947,6942.25,6944.25
2025-10-29T23:00:00-04:00,6944,6949.5,6944,6948.75
2025-10-29T23:15:00-04:00,6949,6952,6948,6949.25
2025-10-29T23:30:00-04:00,6949,6952,6947.5,6950
2025-10-29T23:45:00-04:00,6950,6953.75,6945.5,6948
2025-10-30T00:00:00-04:00,6947.75,6949,6910,6914
2025-10-30T00:15:00-04:00,6914,6923.25,6901,6905.5
2025-10-30T00:30:00-04:00,6905.75,6938.25,6904.25,6915.75
2025-10-30T00:45:00-04:00,6915.75,6923.75,6912.5,6914.25
2025-10-30T01:00:00-04:00,6914.25,6923.25,6912.25,6922
2025-10-30T01:15:00-04:00,6922.25,6930.75,6918.25,6930.5
2025-10-30T01:30:00-04:00,6930.5,6939,6929.75,6931.5
2025-10-30T01:45:00-04:00,6931.25,6934.25,6927,6929.75
2025-10-30T02:00:00-04:00,6929.75,6930.25,6920.5,6922
2025-10-30T02:15:00-04:00,6922,6922.5,6916,6917.75
2025-10-30T02:30:00-04:00,6917.5,6922.25,6916.75,6921.75
2025-10-30T02:45:00-04:00,6921.5,6926.75,6919,6919.25
2025-10-30T03:00:00-04:00,6919.5,6928.75,6911.75,6928.25
2025-10-30T03:15:00-04:00,6928.25,6932.75,6921.25,6921.75
2025-10-30T03:30:00-04:00,6921.75,6926.25,6921,6925.25
2025-10-30T03:45:00-04:00,6925.5,6929.75,6924,6927.25
2025-10-30T04:00:00-04:00,6927,6929.5,6917.25,6917.75
2025-10-30T04:15:00-04:00,6918,6924.25,6916,6921
2025-10-30T04:30:00-04:00,6921.25,6924.5,6918,6924
2025-10-30T04:45:00-04:00,6924,6926.25,6921.25,6922
2025-10-30T05:00:00-04:00,6922,6925.75,6919.75,6922.5
2025-10-30T05:15:00-04:00,6922.5,6922.75,6912.5,6916.25
2025-10-30T05:30:00-04:00,6916.25,6917.75,6908.25,6911.25
2025-10-30T05:45:00-04:00,6911,6911,6905.75,6908.25
2025-10-30T06:00:00-04:00,6908.5,6914,6906.75,6911.25
2025-10-30T06:15:00-04:00,6911.5,6913.75,6908.75,6912.5
2025-10-30T06:30:00-04:00,6912.25,6916.25,6911,6913.25
2025-10-30T06:45:00-04:00,6913.5,6920.25,6913.5,6918
2025-10-30T07:00:00-04:00,6918.25,6922,6916.5,6921.75
2025-10-30T07:15:00-04:00,6921.75,6929,6921,6928
2025-10-30T07:30:00-04:00,6927.75,6929.75,6924.25,6928.75
2025-10-30T07:45:00-04:00,6928.75,6929.25,6921,6921.75
2025-10-30T08:00:00-04:00,6921.75,6924.75,6909.75,6910.25
2025-10-30T08:15:00-04:00,6910.5,6914.5,6898,6901
2025-10-30T08:30:00-04:00,6900.75,6907.25,6895.75,6897.75
2025-10-30T08:45:00-04:00,6898,6901.25,6890.5,6891
2025-10-30T09:00:00-04:00,6890.75,6899,6888,6896
2025-10-30T09:15:00-04:00,6895.75,6896,6887.75,6893
2025-10-30T09:30:00-04:00,6893,6893.5,6867.75,6878.25
2025-10-30T09:45:00-04:00,6878,6910.75,6875.75,6904.25
2025-10-30T10:00:00-04:00,6904,6913.75,6892.5,6902.25
2025-10-30T10:15:00-04:00,6902.25,6902.75,6886.25,6888.5
2025-10-30T10:30:00-04:00,6888.5,6911.75,6888,6906.75
2025-10-30T10:45:00-04:00,6906.75,6908.75,6890.25,6898.25
2025-10-30T11:00:00-04:00,6898.25,6907.75,6898,6907
2025-10-30T11:15:00-04:00,6907.25,6909.5,6900.75,6902.25
2025-10-30T11:30:00-04:00,6902,6903.5,6885.25,6889.75
2025-10-30T11:45:00-04:00,6889.5,6894.5,6883.75,6887.75
2025-10-30T12:00:00-04:00,6887.75,6905.5,6886,6904.75
2025-10-30T12:15:00-04:00,6905,6905.75,6899.25,6903.5
2025-10-30T12:30:00-04:00,6903.75,6903.75,6889.5,6896.5
2025-10-30T12:45:00-04:00,6896.75,6900.25,6893.5,6898.25
2025-10-30T13:00:00-04:00,6898.25,6898.25,6884,6887.5
2025-10-30T13:15:00-04:00,6887.5,6900,6886.5,6898
2025-10-30T13:30:00-04:00,6898,6898.25,6890,6893.75
2025-10-30T13:45:00-04:00,6894,6900.5,6893.75,6898.25
2025-10-30T14:00:00-04:00,6898,6898.25,6882.5,6883.5
2025-10-30T14:15:00-04:00,6883.5,6886.75,6879.25,6883
2025-10-30T14:30:00-04:00,6883.25,6889,6875.25,6878.75
2025-10-30T14:45:00-04:00,6878.5,6885,6875.75,6877.5
2025-10-30T15:00:00-04:00,6877.25,6878.25,6870,6870.5
2025-10-30T15:15:00-04:00,6870.5,6872,6857,6866.5
2025-10-30T15:30:00-04:00,6866.75,6874,6859.25,6860.5
2025-10-30T15:45:00-04:00,6860.5,6865.5,6852.5,6853.75
2025-10-30T16:00:00-04:00,6853.75,6877.75,6851,6874.75
2025-10-30T16:15:00-04:00,6874.75,6880.75,6873.25,6877.5
2025-10-30T16:30:00-04:00,6877.25,6895.5,6860,6893.75
2025-10-30T16:45:00-04:00,6894,6896.5,6890,6894
2025-10-30T18:00:00-04:00,6897,6900,6892,6893.5
2025-10-30T18:15:00-04:00,6893.5,6896.25,6892.5,6896.25
2025-10-30T18:30:00-04:00,6896.25,6897.75,6893.5,6893.75
2025-10-30T18:45:00-04:00,6894,6894.25,6890.75,6893.25
2025-10-30T19:00:00-04:00,6893.5,6896,6891.25,6892.5
2025-10-30T19:15:00-04:00,6892.5,6893,6888.5,6891.75
2025-10-30T19:30:00-04:00,6891.75,6894,6888,6894
2025-10-30T19:45:00-04:00,6894,6899.25,6893,6898.5
2025-10-30T20:00:00-04:00,6898.75,6899,6889.25,6894.25
2025-10-30T20:15:00-04:00,6894,6903,6893.25,6902.25
2025-10-30T20:30:00-04:00,6902,6903.25,6898.5,6900.5
2025-10-30T20:45:00-04:00,6900.5,6902.25,6899.5,6901
2025-10-30T21:00:00-04:00,6900.75,6902.25,6898.75,6899.5
2025-10-30T21:15:00-04:00,6899.5,6900.75,6895.5,6900.25
2025-10-30T21:30:00-04:00,6900.5,6903.25,6899.5,6902.25
2025-10-30T21:45:00-04:00,6902.5,6904,6900,6903.25
2025-10-30T22:00:00-04:00,6903.25,6904.5,6900.25,6901.25
2025-10-30T22:15:00-04:00,6901.25,6902,6898.75,6899.25
2025-10-30T22:30:00-04:00,6899,6899,6894.25,6894.75
2025-10-30T22:45:00-04:00,6894.5,6898,6893.25,6897
2025-10-30T23:00:00-04:00,6896.75,6899.75,6896.75,6898.75
2025-10-30T23:15:00-04:00,6899.25,6899.25,6893,6894.5
2025-10-30T23:30:00-04:00,6894.5,6899.25,6894.25,6898.75
2025-10-30T23:45:00-04:00,6898.75,6900.5,6898,6900
2025-10-31T00:00:00-04:00,6900,6903,6899.75,6901.75
2025-10-31T00:15:00-04:00,6902,6903,6900.25,6901.5
2025-10-31T00:30:00-04:00,6901.75,6903,6900.25,6902
2025-10-31T00:45:00-04:00,6902.25,6902.5,6899.75,6901
2025-10-31T01:00:00-04:00,6900.75,6901.25,6898,6898.75
2025-10-31T01:15:00-04:00,6898.75,6900.5,6896.5,6896.5
2025-10-31T01:30:00-04:00,6896.75,6897.75,6896,6897.25
2025-10-31T01:45:00-04:00,6897.5,6897.75,6894,6895.25
2025-10-31T02:00:00-04:00,6895,6899,6894.25,6898.5
2025-10-31T02:15:00-04:00,6898.5,6900.75,6895.5,6900.25
2025-10-31T02:30:00-04:00,6900.5,6902.5,6898,6899.25
2025-10-31T02:45:00-04:00,6899,6899.25,6895,6895.75
2025-10-31T03:00:00-04:00,6896,6896.25,6893,6894.5
2025-10-31T03:15:00-04:00,6894.75,6898.5,6894.25,6898.25
2025-10-31T03:30:00-04:00,6898.25,6904.5,6898,6903
2025-10-31T03:45:00-04:00,6903.25,6906.25,6902.5,6905.75
2025-10-31T04:00:00-04:00,6906,6906,6897.5,6897.5
2025-10-31T04:15:00-04:00,6897.5,6900.5,6896.25,6899.5
2025-10-31T04:30:00-04:00,6899.25,6900.5,6896.75,6900
2025-10-31T04:45:00-04:00,6899.75,6904,6899,6903.25
2025-10-31T05:00:00-04:00,6903.5,6906,6902.25,6906
2025-10-31T05:15:00-04:00,6906,6906,6901.25,6902
2025-10-31T05:30:00-04:00,6902,6902.75,6899,6899.75
2025-10-31T05:45:00-04:00,6899.5,6901.75,6898.75,6899.75
2025-10-31T06:00:00-04:00,6900,6900.75,6898.25,6898.5
2025-10-31T06:15:00-04:00,6898.75,6899,6893.25,6895.5
2025-10-31T06:30:00-04:00,6895.5,6899.5,6894.25,6898.75
2025-10-31T06:45:00-04:00,6899,6900.75,6897.75,6898
2025-10-31T07:00:00-04:00,6898,6901.25,6894.75,6900.5
2025-10-31T07:15:00-04:00,6900.5,6905,6899.5,6905
2025-10-31T07:30:00-04:00,6904.75,6905.25,6902.5,6905
2025-10-31T07:45:00-04:00,6905,6911.5,6904.75,6907.75
2025-10-31T08:00:00-04:00,6907.5,6913.75,6906.5,6913
2025-10-31T08:15:00-04:00,6913.25,6918.5,6913,6915.75
2025-10-31T08:30:00-04:00,6916,6916.5,6901.75,6904.25
2025-10-31T08:45:00-04:00,6904.25,6910,6903.25,6905.75
2025-10-31T09:00:00-04:00,6905.75,6906.25,6900.5,6905
2025-10-31T09:15:00-04:00,6904.75,6906,6899.25,6902
2025-10-31T09:30:00-04:00,6902,6902.5,6881,6884.25
2025-10-31T09:45:00-04:00,6884.25,6892.25,6880,6886.25
2025-10-31T10:00:00-04:00,6886.25,6888.25,6877.25,6879.25
2025-10-31T10:15:00-04:00,6879.25,6886.75,6873.75,6884.25
2025-10-31T10:30:00-04:00,6884.25,6896.75,6882.75,6895.5
2025-10-31T10:45:00-04:00,6895.5,6899.5,6893.25,6896.5
2025-10-31T11:00:00-04:00,6896.5,6898.75,6891.25,6894
2025-10-31T11:15:00-04:00,6894.25,6899.5,6887.75,6889
2025-10-31T11:30:00-04:00,6889.25,6893.5,6875,6885.75
2025-10-31T11:45:00-04:00,6886,6893.25,6872.5,6873.5
2025-10-31T12:00:00-04:00,6873.75,6875.25,6862.25,6867
2025-10-31T12:15:00-04:00,6866.75,6872.25,6856.5,6869.25
2025-10-31T12:30:00-04:00,6869.25,6876.25,6861.25,6863.25
2025-10-31T12:45:00-04:00,6863.25,6867.25,6852.5,6855
2025-10-31T13:00:00-04:00,6855,6859.25,6848.5,6850.5
2025-10-31T13:15:00-04:00,6850.25,6852.5,6843.5,6849.25
2025-10-31T13:30:00-04:00,6849.5,6859.25,6845.5,6858.25
2025-10-31T13:45:00-04:00,6858.25,6866.5,6858.25,6860.5
2025-10-31T14:00:00-04:00,6860.25,6873.75,6859.5,6871.25
2025-10-31T14:15:00-04:00,6871.5,6876,6867.25,6874.75
2025-10-31T14:30:00-04:00,6874.75,6877.5,6871.5,6875.5
2025-10-31T14:45:00-04:00,6875.75,6879.25,6868.75,6878
2025-10-31T15:00:00-04:00,6878,6882,6874.5,6880.25
2025-10-31T15:15:00-04:00,6880.5,6894.75,6879.25,6893
2025-10-31T15:30:00-04:00,6893,6900,6890.75,6896.25
2025-10-31T15:45:00-04:00,6896,6896.75,6871.75,6872
2025-10-31T16:00:00-04:00,6872,6874.75,6867.75,6872
2025-10-31T16:15:00-04:00,6872,6872.75,6866.75,6868
2025-10-31T16:30:00-04:00,6868,6871.5,6868,6870
2025-10-31T16:45:00-04:00,6870.25,6873.25,6869.5,6872.25
2025-11-02T18:00:00-05:00,6878,6891.5,6876.75,6891.25
2025-11-02T18:15:00-05:00,6891.25,6893.5,6887.25,6888.5
2025-11-02T18:30:00-05:00,6888.25,6894.75,6887.25,6891.75
2025-11-02T18:45:00-05:00,6891.75,6895,6891.75,6892.5
2025-11-02T19:00:00-05:00,6892.5,6896.5,6892,6895
2025-11-02T19:15:00-05:00,6895,6897.5,6894.75,6895.75
2025-11-02T19:30:00-05:00,6896,6897.5,6895,6897.25
2025-11-02T19:45:00-05:00,6897.25,6898.5,6896.75,6898.25
2025-11-02T20:00:00-05:00,6898.25,6898.75,6895.5,6897.5
2025-11-02T20:15:00-05:00,6897.75,6899.25,6895,6896
2025-11-02T20:30:00-05:00,6896,6896.5,6891.5,6894
2025-11-02T20:45:00-05:00,6894.25,6894.25,6891.25,6891.5
2025-11-02T21:00:00-05:00,6891.5,6893,6890.25,6892.5
2025-11-02T21:15:00-05:00,6892.5,6896,6891.75,6893.75
2025-11-02T21:30:00-05:00,6893.5,6893.75,6887.25,6890
2025-11-02T21:45:00-05:00,6890,6891,6887.75,6888.5
2025-11-02T22:00:00-05:00,6888.5,6889,6884.25,6884.5
2025-11-02T22:15:00-05:00,6884.75,6887,6880.75,6883.75
2025-11-02T22:30:00-05:00,6883.75,6887.5,6882.75,6885.5
2025-11-02T22:45:00-05:00,6885.25,6886.5,6883,6886.25
2025-11-02T23:00:00-05:00,6886,6886,6883.75,6885.75
2025-11-02T23:15:00-05:00,6886,6888,6884.5,6886.75
2025-11-02T23:30:00-05:00,6886.75,6888,6884.75,6885.5
2025-11-02T23:45:00-05:00,6885.75,6887.25,6885.25,6887
2025-11-03T00:00:00-05:00,6887,6887.75,6886.25,6886.75
2025-11-03T00:15:00-05:00,6886.5,6886.75,6882,6886.25
2025-11-03T00:30:00-05:00,6886.5,6888.75,6884.75,6887.75
2025-11-03T00:45:00-05:00,6888,6888,6882.75,6884.75
2025-11-03T01:00:00-05:00,6885,6888,6884,6884
2025-11-03T01:15:00-05:00,6884,6884.5,6878.75,6880.25
2025-11-03T01:30:00-05:00,6880.25,6884,6879,6879.75
2025-11-03T01:45:00-05:00,6879.75,6883.25,6877.75,6880.5
2025-11-03T02:00:00-05:00,6880.25,6880.5,6874.75,6876.25
2025-11-03T02:15:00-05:00,6876,6879.5,6874.75,6876.75
2025-11-03T02:30:00-05:00,6876.75,6877.25,6874.25,6874.25
2025-11-03T02:45:00-05:00,6874.25,6877.5,6873.75,6876
2025-11-03T03:00:00-05:00,6876,6881.75,6873.25,6880.75
2025-11-03T03:15:00-05:00,6881,6884.25,6877.75,6882.75
2025-11-03T03:30:00-05:00,6882.75,6886.25,6881.25,6886.25
2025-11-03T03:45:00-05:00,6886.25,6889.5,6885.25,6887.25
2025-11-03T04:00:00-05:00,6887.25,6894.75,6887,6894.5
2025-11-03T04:15:00-05:00,6894.75,6901,6893.75,6900.25
2025-11-03T04:30:00-05:00,6900.25,6902.25,6898.25,6899.5
2025-11-03T04:45:00-05:00,6899.5,6900,6894,6894.75
2025-11-03T05:00:00-05:00,6895,6896.75,6893.25,6895.75
2025-11-03T05:15:00-05:00,6895.75,6897.75,6894.25,6896.5
2025-11-03T05:30:00-05:00,6896.25,6899.25,6894.25,6899.25
2025-11-03T05:45:00-05:00,6899.25,6900.75,6894,6895.75
2025-11-03T06:00:00-05:00,6895.75,6901,6895.75,6899.25
2025-11-03T06:15:00-05:00,6899.5,6903,6898,6898.75
2025-11-03T06:30:00-05:00,6898.75,6900.5,6896.25,6897.5
2025-11-03T06:45:00-05:00,6897.75,6900.25,6895.75,6896
2025-11-03T07:00:00-05:00,6896.25,6900.25,6895.75,6899.5
2025-11-03T07:15:00-05:00,6899.5,6899.75,6893.25,6893.25
2025-11-03T07:30:00-05:00,6893.25,6896,6891.5,6893.5
2025-11-03T07:45:00-05:00,6893.5,6897.25,6891.5,6891.75
2025-11-03T08:00:00-05:00,6891.5,6892.25,6885.75,6889.75
2025-11-03T08:15:00-05:00,6889.75,6893,6888.25,6888.75
2025-11-03T08:30:00-05:00,6888.75,6896,6888.75,6895.25
2025-11-03T08:45:00-05:00,6895.25,6897.25,6894,6896.5
2025-11-03T09:00:00-05:00,6896.75,6907.25,6896.5,6901
2025-11-03T09:15:00-05:00,6901,6909,6900.25,6908
2025-11-03T09:30:00-05:00,6908.25,6909.5,6881.25,6882.5
2025-11-03T09:45:00-05:00,6882.5,6886.25,6872.25,6875.75
2025-11-03T10:00:00-05:00,6876.25,6880.5,6866.75,6873.75
2025-11-03T10:15:00-05:00,6873.5,6874,6852.75,6854.75
2025-11-03T10:30:00-05:00,6854.75,6873,6849.5,6869.75
2025-11-03T10:45:00-05:00,6870,6878.5,6864.5,6874.25
2025-11-03T11:00:00-05:00,6874.25,6877,6869.75,6875
2025-11-03T11:15:00-05:00,6875,6879.25,6868.75,6871
2025-11-03T11:30:00-05:00,6871.25,6883,6870,6878.5
2025-11-03T11:45:00-05:00,6878.5,6886.75,6872.75,6884.75
2025-11-03T12:00:00-05:00,6884.75,6886.75,6877.5,6886.75
2025-11-03T12:15:00-05:00,6886.75,6889.75,6874.75,6878.25
2025-11-03T12:30:00-05:00,6878.25,6888.5,6878,6886
2025-11-03T12:45:00-05:00,6886,6890.5,6885.5,6889.25
2025-11-03T13:00:00-05:00,6889.25,6893,6887,6891.75
2025-11-03T13:15:00-05:00,6891.75,6892.25,6886,6887.25
2025-11-03T13:30:00-05:00,6887,6893.25,6887,6892.75
2025-11-03T13:45:00-05:00,6892.75,6893,6885,6886.75
2025-11-03T14:00:00-05:00,6886.75,6889.5,6881.75,6884.5
2025-11-03T14:15:00-05:00,6884.75,6887,6881.5,6883.75
2025-11-03T14:30:00-05:00,6883.5,6887,6876.5,6882
2025-11-03T14:45:00-05:00,6882,6887.5,6881.75,6885
2025-11-03T15:00:00-05:00,6885,6887.5,6881.25,6884
2025-11-03T15:15:00-05:00,6883.75,6886.25,6881.25,6882.75
2025-11-03T15:30:00-05:00,6882.75,6883.25,6875.75,6883
2025-11-03T15:45:00-05:00,6883,6885.75,6875.75,6885.25
2025-11-03T16:00:00-05:00,6885.25,6892.5,6882.25,6885.75
2025-11-03T16:15:00-05:00,6885.5,6885.75,6882.5,6882.75
2025-11-03T16:30:00-05:00,6882.5,6884.25,6882.5,6882.75
2025-11-03T16:45:00-05:00,6882.75,6885,6882.75,6884
2025-11-03T18:00:00-05:00,6884,6884,6878.5,6878.75
2025-11-03T18:15:00-05:00,6878.75,6880,6876.75,6879.5
2025-11-03T18:30:00-05:00,6879.5,6879.5,6874.75,6876
2025-11-03T18:45:00-05:00,6875.5,6877.25,6874.75,6876.25
2025-11-03T19:00:00-05:00,6876.25,6876.25,6871.5,6872
2025-11-03T19:15:00-05:00,6872,6872.5,6862.75,6862.75
2025-11-03T19:30:00-05:00,6862.75,6868.5,6862.5,6867.25
2025-11-03T19:45:00-05:00,6867.25,6870,6866.25,6869.25
2025-11-03T20:00:00-05:00,6869.5,6870,6865,6867
2025-11-03T20:15:00-05:00,6867,6871.25,6866.25,6868.75
2025-11-03T20:30:00-05:00,6868.75,6868.75,6864.75,6866
2025-11-03T20:45:00-05:00,6866.25,6868.5,6862,6866
2025-11-03T21:00:00-05:00,6866,6866.25,6862.25,6863.25
2025-11-03T21:15:00-05:00,6863.25,6864.5,6860.5,6860.75
2025-11-03T21:30:00-05:00,6860.75,6861.5,6857.25,6857.5
2025-11-03T21:45:00-05:00,6857.5,6859.5,6853,6853
2025-11-03T22:00:00-05:00,6853,6862,6852.25,6860.5
2025-11-03T22:15:00-05:00,6860.75,6860.75,6857.5,6860.5
2025-11-03T22:30:00-05:00,6860.5,6861,6852.5,6855.5
2025-11-03T22:45:00-05:00,6855.25,6855.5,6852.25,6852.5
2025-11-03T23:00:00-05:00,6852.75,6854.75,6851.25,6851.25
2025-11-03T23:15:00-05:00,6851.25,6852.25,6846.75,6849.75
2025-11-03T23:30:00-05:00,6849.75,6850.5,6846,6847
2025-11-03T23:45:00-05:00,6846.75,6850.5,6846.5,6849.25
2025-11-04T00:00:00-05:00,6849.5,6850.25,6845.75,6846.25
2025-11-04T00:15:00-05:00,6846.5,6847,6838.75,6839.25
2025-11-04T00:30:00-05:00,6839,6843.25,6831,6831
2025-11-04T00:45:00-05:00,6831,6836.25,6826.5,6830
2025-11-04T01:00:00-05:00,6830,6830.5,6816.75,6824.25
2025-11-04T01:15:00-05:00,6824.25,6826.5,6819,6819.75
2025-11-04T01:30:00-05:00,6819.75,6824.25,6814.75,6820
2025-11-04T01:45:00-05:00,6820,6825.25,6818.75,6820.5
2025-11-04T02:00:00-05:00,6820.5,6821,6811.75,6815.25
2025-11-04T02:15:00-05:00,6815,6822.5,6811.75,6818.25
2025-11-04T02:30:00-05:00,6818,6824.5,6815.25,6818.5
2025-11-04T02:45:00-05:00,6818.25,6824.5,6816,6821.5
2025-11-04T03:00:00-05:00,6821.75,6821.75,6807,6808
2025-11-04T03:15:00-05:00,6807.75,6818.75,6806.5,6814.75
2025-11-04T03:30:00-05:00,6814.75,6818.75,6813,6816.25
2025-11-04T03:45:00-05:00,6816.5,6817.5,6811.5,6814.25
2025-11-04T04:00:00-05:00,6814.5,6818.75,6807.25,6811
2025-11-04T04:15:00-05:00,6810.75,6813.25,6805,6805.75
2025-11-04T04:30:00-05:00,6805.75,6812,6803,6803.5
2025-11-04T04:45:00-05:00,6803.75,6806.75,6791.5,6792.75
2025-11-04T05:00:00-05:00,6792.75,6797.25,6786.25,6794.25
2025-11-04T05:15:00-05:00,6794.25,6802.75,6791.75,6802
2025-11-04T05:30:00-05:00,6802,6813,6801.75,6812
2025-11-04T05:45:00-05:00,6812.25,6815.25,6811,6813.5
2025-11-04T06:00:00-05:00,6813.5,6815,6810.75,6812.75
2025-11-04T06:15:00-05:00,6812.75,6815,6812.5,6814.75
2025-11-04T06:30:00-05:00,6814.75,6817.75,6812.25,6815.25
2025-11-04T06:45:00-05:00,6815,6816,6811.75,6812.75
2025-11-04T07:00:00-05:00,6813,6813.75,6805,6809
2025-11-04T07:15:00-05:00,6809,6819,6808.75,6818.5
2025-11-04T07:30:00-05:00,6818.5,6820.5,6812.5,6812.75
2025-11-04T07:45:00-05:00,6813,6819.5,6811.5,6814.5
2025-11-04T08:00:00-05:00,6814.25,6816.5,6811.25,6813
2025-11-04T08:15:00-05:00,6813,6814.25,6806,6806.5
2025-11-04T08:30:00-05:00,6806.5,6809,6802.25,6806.75
2025-11-04T08:45:00-05:00,6806.5,6812.5,6803.5,6809
2025-11-04T09:00:00-05:00,6808.75,6810,6801,6807.25
2025-11-04T09:15:00-05:00,6807.25,6814.25,6807,6810.5
2025-11-04T09:30:00-05:00,6810.25,6821.25,6795.75,6819.25
2025-11-04T09:45:00-05:00,6819.25,6837.75,6814,6836.5
2025-11-04T10:00:00-05:00,6836.25,6842,6833,6838.75
2025-11-04T10:15:00-05:00,6838.75,6846,6838.5,6842.75
2025-11-04T10:30:00-05:00,6843,6849.25,6839,6844.25
2025-11-04T10:45:00-05:00,6844.25,6844.25,6825.75,6831.25
2025-11-04T11:00:00-05:00,6831.25,6838,6826,6830.5
2025-11-04T11:15:00-05:00,6830.5,6832.75,6825,6831.75
2025-11-04T11:30:00-05:00,6831.75,6836,6828,6831.5
2025-11-04T11:45:00-05:00,6831.5,6833.5,6824,6831.5
2025-11-04T12:00:00-05:00,6831.75,6831.75,6818.75,6819.25
2025-11-04T12:15:00-05:00,6819.25,6824.75,6806,6818.5
2025-11-04T12:30:00-05:00,6818.5,6820.5,6807.25,6810.5
2025-11-04T12:45:00-05:00,6810.75,6821.75,6806.25,6809.25
2025-11-04T13:00:00-05:00,6809.25,6810.5,6804.25,6807.75
2025-11-04T13:15:00-05:00,6807.75,6809.75,6798.75,6801.75
2025-11-04T13:30:00-05:00,6801.5,6807.75,6796.25,6807.25
2025-11-04T13:45:00-05:00,6807.5,6813.25,6802.75,6810.5
2025-11-04T14:00:00-05:00,6810.25,6816,6805.5,6809.75
2025-11-04T14:15:00-05:00,6809.5,6815.25,6807.5,6812
2025-11-04T14:30:00-05:00,6812,6813,6794.75,6798.25
2025-11-04T14:45:00-05:00,6798.25,6803.5,6796.25,6801.25
2025-11-04T15:00:00-05:00,6801.25,6810,6799.5,6808.75
2025-11-04T15:15:00-05:00,6808.75,6811.75,6800.25,6809.5
2025-11-04T15:30:00-05:00,6809.5,6814,6803,6812.5
2025-11-04T15:45:00-05:00,6812.5,6815,6795.75,6803.5
2025-11-04T16:00:00-05:00,6803.5,6806.5,6800.5,6803.25
2025-11-04T16:15:00-05:00,6803.25,6805.5,6797.5,6799
2025-11-04T16:30:00-05:00,6799,6804.5,6796.75,6804.5
2025-11-04T16:45:00-05:00,6804.5,6808,6802,6806.25
2025-11-04T18:00:00-05:00,6801,6806.5,6794,6797
2025-11-04T18:15:00-05:00,6797,6800,6794.75,6795.75
2025-11-04T18:30:00-05:00,6796,6799.25,6794.75,6797.5
2025-11-04T18:45:00-05:00,6797.75,6797.75,6793,6793.25
2025-11-04T19:00:00-05:00,6793.5,6793.5,6783,6791.25
2025-11-04T19:15:00-05:00,6791.5,6792.75,6781.75,6782.5
2025-11-04T19:30:00-05:00,6782.75,6783.25,6773.75,6774.75
2025-11-04T19:45:00-05:00,6775,6776.75,6773,6773.25
2025-11-04T20:00:00-05:00,6773.5,6773.5,6762,6768.5
2025-11-04T20:15:00-05:00,6768.5,6768.5,6755,6756.5
2025-11-04T20:30:00-05:00,6756,6759,6748.5,6753.25
2025-11-04T20:45:00-05:00,6753,6764,6752.25,6760
2025-11-04T21:00:00-05:00,6760,6764.5,6756.25,6760
2025-11-04T21:15:00-05:00,6760,6761.75,6752.75,6754.25
2025-11-04T21:30:00-05:00,6754,6766.75,6754,6766.75
2025-11-04T21:45:00-05:00,6766.75,6777,6766.25,6775.25
2025-11-04T22:00:00-05:00,6775.5,6785,6775.25,6784
2025-11-04T22:15:00-05:00,6783.75,6785,6778.25,6784.25
2025-11-04T22:30:00-05:00,6784.5,6788.5,6781.25,6788.5
2025-11-04T22:45:00-05:00,6788.25,6795.25,6787.75,6795
2025-11-04T23:00:00-05:00,6795.25,6795.75,6784.5,6787
2025-11-04T23:15:00-05:00,6787.5,6789.75,6783.75,6788.75
2025-11-04T23:30:00-05:00,6789,6791.5,6786.5,6790.5
2025-11-04T23:45:00-05:00,6790.5,6791,6782.75,6786.75
2025-11-05T00:00:00-05:00,6787,6797.75,6786.5,6797.25
2025-11-05T00:15:00-05:00,6797.25,6798,6792.5,6796.25
2025-11-05T00:30:00-05:00,6796.75,6798.75,6790.5,6791.5
2025-11-05T00:45:00-05:00,6791.25,6791.5,6784.5,6789
2025-11-05T01:00:00-05:00,6789,6793.75,6783.25,6792
2025-11-05T01:15:00-05:00,6792,6801.25,6792,6799.75
2025-11-05T01:30:00-05:00,6799.5,6801,6795.75,6799.25
2025-11-05T01:45:00-05:00,6799,6799.25,6796.5,6797.75
2025-11-05T02:00:00-05:00,6797.75,6798.75,6789,6789
2025-11-05T02:15:00-05:00,6789.25,6791.75,6786.25,6791.25
2025-11-05T02:30:00-05:00,6791.25,6793,6786.75,6791.5
2025-11-05T02:45:00-05:00,6791.25,6792.75,6786.25,6787
2025-11-05T03:00:00-05:00,6787,6797.75,6782,6795.25
2025-11-05T03:15:00-05:00,6795.5,6797.25,6789.75,6796.5
2025-11-05T03:30:00-05:00,6796.25,6799.25,6795,6798.25
2025-11-05T03:45:00-05:00,6798.5,6800.5,6794.75,6795
2025-11-05T04:00:00-05:00,6795,6801.25,6793.75,6794.75
2025-11-05T04:15:00-05:00,6794.75,6796.75,6791.25,6794.5
2025-11-05T04:30:00-05:00,6794,6795,6787.75,6792.75
2025-11-05T04:45:00-05:00,6792.5,6795.5,6790,6794
2025-11-05T05:00:00-05:00,6793.75,6798.75,6788.25,6790.75
2025-11-05T05:15:00-05:00,6790.75,6792.5,6789.25,6790
2025-11-05T05:30:00-05:00,6789.75,6790.75,6786.75,6787.75
2025-11-05T05:45:00-05:00,6787.75,6788,6773.25,6773.5
2025-11-05T06:00:00-05:00,6773.5,6779.5,6771.75,6778.25
2025-11-05T06:15:00-05:00,6778.25,6785.75,6778.25,6782.25
2025-11-05T06:30:00-05:00,6782.25,6787.75,6779.25,6786.5
2025-11-05T06:45:00-05:00,6786.75,6789,6785.25,6787.25
2025-11-05T07:00:00-05:00,6787.25,6787.5,6782,6785.25
2025-11-05T07:15:00-05:00,6785.25,6793.5,6785,6790
2025-11-05T07:30:00-05:00,6790,6796.5,6789.5,6795.25
2025-11-05T07:45:00-05:00,6794.75,6795.75,6788.25,6795.25
2025-11-05T08:00:00-05:00,6795.5,6797.25,6790.5,6792.5
2025-11-05T08:15:00-05:00,6792,6802,6790.75,6801
2025-11-05T08:30:00-05:00,6801.25,6807.75,6797,6807
2025-11-05T08:45:00-05:00,6806.75,6807.75,6804.25,6805.5
2025-11-05T09:00:00-05:00,6805.5,6805.75,6800.25,6803.25
2025-11-05T09:15:00-05:00,6803,6803.25,6797.25,6798.25
2025-11-05T09:30:00-05:00,6798.5,6801.75,6789.75,6792.75
2025-11-05T09:45:00-05:00,6792.75,6824.5,6792,6822
2025-11-05T10:00:00-05:00,6821.75,6829.5,6813,6816.75
2025-11-05T10:15:00-05:00,6817,6829,6809.5,6822.75
2025-11-05T10:30:00-05:00,6822.75,6831.25,6820.5,6826
2025-11-05T10:45:00-05:00,6826,6830.5,6817.75,6827
2025-11-05T11:00:00-05:00,6827.25,6829.5,6816.25,6818.5
2025-11-05T11:15:00-05:00,6818.5,6832.5,6816,6831.5
2025-11-05T11:30:00-05:00,6831.25,6839.75,6829.25,6839.25
2025-11-05T11:45:00-05:00,6839,6846.5,6837.75,6842.5
2025-11-05T12:00:00-05:00,6842.5,6846,6839,6843.25
2025-11-05T12:15:00-05:00,6843.25,6850,6841.5,6849.5
2025-11-05T12:30:00-05:00,6849.5,6857.75,6848,6855.5
2025-11-05T12:45:00-05:00,6855.75,6856,6848.75,6851
2025-11-05T13:00:00-05:00,6851,6853.25,6849,6852.75
2025-11-05T13:15:00-05:00,6852.5,6856,6849.75,6853
2025-11-05T13:30:00-05:00,6853,6857.5,6851,6855
2025-11-05T13:45:00-05:00,6855,6856,6853.25,6855.5
2025-11-05T14:00:00-05:00,6855.25,6855.25,6846.25,6851.75
2025-11-05T14:15:00-05:00,6852,6854.25,6850.5,6851.25
2025-11-05T14:30:00-05:00,6851,6854.25,6850.5,6851.5
2025-11-05T14:45:00-05:00,6851.75,6853.5,6850,6851.25
2025-11-05T15:00:00-05:00,6851.25,6854.5,6850.25,6853
2025-11-05T15:15:00-05:00,6853,6853.75,6845.75,6846.75
2025-11-05T15:30:00-05:00,6846.5,6848,6841.25,6843
2025-11-05T15:45:00-05:00,6843,6844,6823,6824.25
2025-11-05T16:00:00-05:00,6824.25,6830.75,6820,6822.25
2025-11-05T16:15:00-05:00,6822,6828.25,6820,6826.25
2025-11-05T16:30:00-05:00,6826.5,6828.75,6826,6828.5
2025-11-05T16:45:00-05:00,6828.75,6829.75,6827,6827.5
2025-11-05T18:00:00-05:00,6828.5,6830.75,6820.75,6826.5
2025-11-05T18:15:00-05:00,6826.5,6829,6822.5,6826.25
2025-11-05T18:30:00-05:00,6826.25,6833.75,6825.5,6833.5
2025-11-05T18:45:00-05:00,6833.25,6835,6828.5,6834.75
2025-11-05T19:00:00-05:00,6834.75,6835,6822.75,6824.5
2025-11-05T19:15:00-05:00,6824.5,6826.25,6810.5,6815.5
2025-11-05T19:30:00-05:00,6815.25,6822.75,6815.25,6820.25
2025-11-05T19:45:00-05:00,6820.25,6823.25,6817.75,6821
2025-11-05T20:00:00-05:00,6820.75,6820.75,6811,6816.5
2025-11-05T20:15:00-05:00,6816.75,6819.5,6805.5,6808
2025-11-05T20:30:00-05:00,6807.75,6816.25,6807.5,6816
2025-11-05T20:45:00-05:00,6816,6817.75,6812.75,6815
2025-11-05T21:00:00-05:00,6815.25,6815.75,6808,6810
2025-11-05T21:15:00-05:00,6810.25,6814.75,6809.25,6812.75
2025-11-05T21:30:00-05:00,6812.75,6822,6812.25,6819.5
2025-11-05T21:45:00-05:00,6819.75,6823,6817.75,6822.25
2025-11-05T22:00:00-05:00,6822,6824,6821.5,6823.75
2025-11-05T22:15:00-05:00,6823.5,6825.75,6819.5,6821.5
2025-11-05T22:30:00-05:00,6821.5,6825,6820,6824
2025-11-05T22:45:00-05:00,6824.25,6826,6819.25,6823.25
2025-11-05T23:00:00-05:00,6823,6824.5,6820,6824.5
2025-11-05T23:15:00-05:00,6824.5,6827,6824,6826
2025-11-05T23:30:00-05:00,6825.75,6827.5,6824.75,6826.5
2025-11-05T23:45:00-05:00,6826.25,6827,6823.75,6826.5
2025-11-06T00:00:00-05:00,6826.5,6827.25,6822.25,6823.5
2025-11-06T00:15:00-05:00,6823.5,6826,6823,6823.75
2025-11-06T00:30:00-05:00,6823.75,6824.25,6818.75,6819.25
2025-11-06T00:45:00-05:00,6819.25,6820,6816.5,6818
2025-11-06T01:00:00-05:00,6817.75,6821.25,6817,6818.75
2025-11-06T01:15:00-05:00,6818.75,6821.25,6814.75,6815.5
2025-11-06T01:30:00-05:00,6815.5,6819.5,6813.5,6817.75
2025-11-06T01:45:00-05:00,6817.75,6820.5,6815,6815.25
2025-11-06T02:00:00-05:00,6815.25,6817.25,6813.5,6816.5
2025-11-06T02:15:00-05:00,6816.5,6821.75,6813.75,6818.25
2025-11-06T02:30:00-05:00,6818,6818.25,6808,6811.5
2025-11-06T02:45:00-05:00,6811.75,6814.5,6807.75,6808.5
2025-11-06T03:00:00-05:00,6808.5,6810.5,6804.25,6808.5
2025-11-06T03:15:00-05:00,6809,6809.25,6804,6807.25
2025-11-06T03:30:00-05:00,6807.5,6809.5,6804,6809
2025-11-06T03:45:00-05:00,6809,6814.75,6807.25,6812.75
2025-11-06T04:00:00-05:00,6812.75,6821.25,6812.25,6821.25
2025-11-06T04:15:00-05:00,6821,6826,6820.75,6825.5
2025-11-06T04:30:00-05:00,6825.25,6826.25,6822,6825
2025-11-06T04:45:00-05:00,6825,6827.5,6823,6823.75
2025-11-06T05:00:00-05:00,6824,6827.25,6822.75,6826.5
2025-11-06T05:15:00-05:00,6826.5,6832,6825.25,6831.5
2025-11-06T05:30:00-05:00,6831.5,6833.25,6828.5,6830.5
2025-11-06T05:45:00-05:00,6830.25,6831.5,6826.75,6829
2025-11-06T06:00:00-05:00,6829,6831.5,6827.5,6828.75
2025-11-06T06:15:00-05:00,6828.25,6832.5,6828.25,6831.25
2025-11-06T06:30:00-05:00,6831.25,6834,6827,6831.25
2025-11-06T06:45:00-05:00,6831,6832.75,6828.25,6828.5
2025-11-06T07:00:00-05:00,6828.25,6837.25,6828,6834.75
2025-11-06T07:15:00-05:00,6834.75,6837.75,6831,6833.75
2025-11-06T07:30:00-05:00,6833.75,6837.75,6833.25,6836.75
2025-11-06T07:45:00-05:00,6837,6838.25,6835.25,6836.25
2025-11-06T08:00:00-05:00,6836,6839,6835.25,6838.5
2025-11-06T08:15:00-05:00,6838.5,6841.75,6836,6841.25
2025-11-06T08:30:00-05:00,6841.75,6843.5,6838.5,6838.75
2025-11-06T08:45:00-05:00,6838.75,6840,6831,6832
2025-11-06T09:00:00-05:00,6831.75,6834.25,6817.75,6823
2025-11-06T09:15:00-05:00,6822.75,6823.25,6810.25,6812.25
2025-11-06T09:30:00-05:00,6812.25,6821.5,6804.25,6807.25
2025-11-06T09:45:00-05:00,6807,6817.25,6788,6788.5
2025-11-06T10:00:00-05:00,6788.5,6789.75,6772,6778
2025-11-06T10:15:00-05:00,6778,6800.75,6774.5,6792.75
2025-11-06T10:30:00-05:00,6792.5,6794,6756.75,6758
2025-11-06T10:45:00-05:00,6757.75,6766,6754.25,6756.25
2025-11-06T11:00:00-05:00,6756,6766.75,6755,6760.75
2025-11-06T11:15:00-05:00,6760.5,6765,6748.75,6760.5
2025-11-06T11:30:00-05:00,6760.75,6760.75,6740,6746
2025-11-06T11:45:00-05:00,6746,6751.5,6736.75,6738.75
2025-11-06T12:00:00-05:00,6738.75,6758,6738.75,6747
2025-11-06T12:15:00-05:00,6747.25,6749.5,6733.5,6742.25
2025-11-06T12:30:00-05:00,6742.25,6753.5,6739.25,6752.75
2025-11-06T12:45:00-05:00,6753,6762.5,6752.25,6757.75
2025-11-06T13:00:00-05:00,6757.75,6761.5,6738,6742.75
2025-11-06T13:15:00-05:00,6742.5,6759.75,6739.75,6756.25
2025-11-06T13:30:00-05:00,6756,6769,6755.75,6766.5
2025-11-06T13:45:00-05:00,6766.75,6768,6757.5,6762
2025-11-06T14:00:00-05:00,6762.25,6777,6759.5,6775.25
2025-11-06T14:15:00-05:00,6775.25,6782.5,6769,6781
2025-11-06T14:30:00-05:00,6781,6784.5,6769,6775.5
2025-11-06T14:45:00-05:00,6775.5,6781.25,6767.25,6777
2025-11-06T15:00:00-05:00,6776.75,6780.25,6772,6777
2025-11-06T15:15:00-05:00,6777,6780.75,6769.5,6770.25
2025-11-06T15:30:00-05:00,6770.25,6774.25,6760.75,6761
2025-11-06T15:45:00-05:00,6761.25,6763,6742.5,6750
2025-11-06T16:00:00-05:00,6750.25,6760,6748.75,6759.75
2025-11-06T16:15:00-05:00,6759.75,6760.75,6755.25,6759
2025-11-06T16:30:00-05:00,6759,6765.5,6758.5,6764.5
2025-11-06T16:45:00-05:00,6764.5,6767.5,6764,6764.75
2025-11-06T18:00:00-05:00,6763,6763.75,6756,6757.75
2025-11-06T18:15:00-05:00,6757.75,6764,6757.5,6762.75
2025-11-06T18:30:00-05:00,6762.75,6767.25,6760.75,6767.25
2025-11-06T18:45:00-05:00,6767.25,6769.25,6764.75,6765
2025-11-06T19:00:00-05:00,6765,6770.75,6757.5,6763.5
2025-11-06T19:15:00-05:00,6763.5,6767.25,6760.25,6765.5
2025-11-06T19:30:00-05:00,6765.75,6771,6765.25,6770.75
2025-11-06T19:45:00-05:00,6770.75,6772,6766,6766.5
2025-11-06T20:00:00-05:00,6766.5,6767.25,6754.75,6761.5
2025-11-06T20:15:00-05:00,6761.5,6762.5,6750.25,6751.5
2025-11-06T20:30:00-05:00,6751.5,6754.75,6742.5,6751
2025-11-06T20:45:00-05:00,6750.75,6755.75,6750,6755
2025-11-06T21:00:00-05:00,6755.25,6755.75,6746.75,6747.5
2025-11-06T21:15:00-05:00,6747.25,6750,6742.75,6742.75
2025-11-06T21:30:00-05:00,6742.75,6751.75,6742.75,6748.5
2025-11-06T21:45:00-05:00,6748.5,6753.75,6748.5,6753.5
2025-11-06T22:00:00-05:00,6753.5,6755.25,6744.75,6746.75
2025-11-06T22:15:00-05:00,6747,6749.25,6743,6745.5
2025-11-06T22:30:00-05:00,6745.5,6747.25,6742.75,6743
2025-11-06T22:45:00-05:00,6743.25,6745.25,6739.25,6744.5
2025-11-06T23:00:00-05:00,6744.5,6744.5,6732,6740
2025-11-06T23:15:00-05:00,6740,6751.5,6739.75,6749.25
2025-11-06T23:30:00-05:00,6749.25,6750,6745.5,6747.25
2025-11-06T23:45:00-05:00,6747.25,6750.5,6745.75,6749.5
2025-11-07T00:00:00-05:00,6749.25,6757.75,6749,6757
2025-11-07T00:15:00-05:00,6757,6759.75,6755.25,6755.75
2025-11-07T00:30:00-05:00,6755.75,6762.5,6755.25,6761.5
2025-11-07T00:45:00-05:00,6761.75,6764.75,6760.5,6764.25
2025-11-07T01:00:00-05:00,6764.5,6766,6761.75,6763.25
2025-11-07T01:15:00-05:00,6763.25,6765.5,6762.25,6764
2025-11-07T01:30:00-05:00,6764,6765,6760.25,6764.75
2025-11-07T01:45:00-05:00,6764.5,6766,6760.5,6763.75
2025-11-07T02:00:00-05:00,6763.75,6766,6761,6765.5
2025-11-07T02:15:00-05:00,6765.75,6768.75,6761.25,6764.25
2025-11-07T02:30:00-05:00,6764.25,6766.75,6764,6766
2025-11-07T02:45:00-05:00,6766.25,6769.5,6765,6767
2025-11-07T03:00:00-05:00,6767,6770,6765.5,6769
2025-11-07T03:15:00-05:00,6769.5,6770.75,6756.75,6759
2025-11-07T03:30:00-05:00,6759,6760.75,6755,6758.5
2025-11-07T03:45:00-05:00,6758.5,6763.25,6758.5,6762.5
2025-11-07T04:00:00-05:00,6762.25,6765.75,6756,6765
2025-11-07T04:15:00-05:00,6765.25,6766.25,6755,6756.25
2025-11-07T04:30:00-05:00,6756.25,6758.25,6750,6752
2025-11-07T04:45:00-05:00,6752.25,6754.5,6748.25,6752
2025-11-07T05:00:00-05:00,6752,6756,6744,6744
2025-11-07T05:15:00-05:00,6744,6744.75,6737.25,6743.25
2025-11-07T05:30:00-05:00,6743.25,6749,6742.75,6745
2025-11-07T05:45:00-05:00,6744.5,6746.5,6741.75,6744
2025-11-07T06:00:00-05:00,6744,6744.25,6724.5,6725
2025-11-07T06:15:00-05:00,6724.75,6731.25,6718.75,6723.5
2025-11-07T06:30:00-05:00,6723.5,6727,6715.75,6726.75
2025-11-07T06:45:00-05:00,6727,6739.75,6726.5,6738.25
2025-11-07T07:00:00-05:00,6738,6739.25,6733.5,6735.75
2025-11-07T07:15:00-05:00,6735.75,6738.5,6727.5,6730.5
2025-11-07T07:30:00-05:00,6730.5,6730.5,6721.25,6721.25
2025-11-07T07:45:00-05:00,6721.25,6722.25,6712.25,6717.75
2025-11-07T08:00:00-05:00,6717.75,6728.25,6713,6724.25
2025-11-07T08:15:00-05:00,6724.25,6730.5,6717,6717.75
2025-11-07T08:30:00-05:00,6717.75,6723.25,6715.5,6718
2025-11-07T08:45:00-05:00,6718,6729,6718,6723.25
2025-11-07T09:00:00-05:00,6723.25,6725.5,6717.25,6720.75
2025-11-07T09:15:00-05:00,6720.75,6725,6716,6723.75
2025-11-07T09:30:00-05:00,6723.5,6723.75,6687.25,6698.25
2025-11-07T09:45:00-05:00,6698,6712.5,6691.75,6706.5
2025-11-07T10:00:00-05:00,6706.75,6710.25,6683.5,6709.5
2025-11-07T10:15:00-05:00,6709.25,6716.25,6698.25,6703.25
2025-11-07T10:30:00-05:00,6703.25,6707,6685.25,6686.25
2025-11-07T10:45:00-05:00,6686,6691.25,6676.25,6677
2025-11-07T11:00:00-05:00,6677,6684,6670,6671.25
2025-11-07T11:15:00-05:00,6671.25,6682.25,6666.25,6672.25
2025-11-07T11:30:00-05:00,6672,6677.75,6665.5,6675.75
2025-11-07T11:45:00-05:00,6675.75,6677.5,6657,6663.25
2025-11-07T12:00:00-05:00,6663.25,6670.5,6655.5,6669.25
2025-11-07T12:15:00-05:00,6669.25,6686.5,6668.5,6679.5
2025-11-07T12:30:00-05:00,6679.5,6684.5,6670.75,6675
2025-11-07T12:45:00-05:00,6675.25,6684,6664,6683.25
2025-11-07T13:00:00-05:00,6683,6690.75,6679.75,6689
2025-11-07T13:15:00-05:00,6689.25,6699.75,6684,6697.25
2025-11-07T13:30:00-05:00,6697.25,6705,6693.5,6701.5
2025-11-07T13:45:00-05:00,6701.5,6704.25,6686,6700.25
2025-11-07T14:00:00-05:00,6700,6707.5,6696,6707
2025-11-07T14:15:00-05:00,6706.75,6710.75,6703,6708.75
2025-11-07T14:30:00-05:00,6708.75,6740,6708.75,6737.75
2025-11-07T14:45:00-05:00,6738,6744,6727.75,6743.25
2025-11-07T15:00:00-05:00,6743.25,6744.75,6730.5,6739
2025-11-07T15:15:00-05:00,6739,6741,6723.25,6730.75
2025-11-07T15:30:00-05:00,6730.75,6745.25,6730.75,6744.5
2025-11-07T15:45:00-05:00,6744.25,6755.5,6730.75,6753.25
2025-11-07T16:00:00-05:00,6753.5,6762.5,6753.25,6760.5
2025-11-07T16:15:00-05:00,6760.75,6764.25,6759,6759.75
2025-11-07T16:30:00-05:00,6759.75,6764,6759.75,6761.75
2025-11-07T16:45:00-05:00,6761.75,6765.75,6761.75,6765
2025-11-09T18:00:00-05:00,6788,6795.5,6783.5,6787
2025-11-09T18:15:00-05:00,6787.25,6787.75,6778.75,6779.5
2025-11-09T18:30:00-05:00,6779.5,6784.5,6778.25,6782.25
2025-11-09T18:45:00-05:00,6782.25,6789.5,6781,6785.25
2025-11-09T19:00:00-05:00,6785,6785,6772,6781.5
2025-11-09T19:15:00-05:00,6781.5,6785.25,6778.5,6781
2025-11-09T19:30:00-05:00,6781,6785,6778.5,6780.25
2025-11-09T19:45:00-05:00,6780.5,6787.5,6777.75,6783.5
2025-11-09T20:00:00-05:00,6783.25,6791,6782.75,6790.25
2025-11-09T20:15:00-05:00,6790.5,6794,6788.25,6790.75
2025-11-09T20:30:00-05:00,6790.5,6791,6787.75,6788
2025-11-09T20:45:00-05:00,6788,6798,6788,6797.25
2025-11-09T21:00:00-05:00,6797,6798.25,6793.25,6795.5
2025-11-09T21:15:00-05:00,6795.5,6797,6794.75,6795.5
2025-11-09T21:30:00-05:00,6795.75,6799,6795.75,6797.75
2025-11-09T21:45:00-05:00,6797.75,6799.75,6796.5,6796.75
2025-11-09T22:00:00-05:00,6796.5,6801.5,6796.5,6800
2025-11-09T22:15:00-05:00,6800.25,6803.25,6799.5,6803
2025-11-09T22:30:00-05:00,6802.75,6804,6799.5,6800.5
2025-11-09T22:45:00-05:00,6800.5,6801,6798.75,6798.75
2025-11-09T23:00:00-05:00,6798.5,6803.75,6798.5,6801.25
2025-11-09T23:15:00-05:00,6801,6801.75,6799.5,6801
2025-11-09T23:30:00-05:00,6801,6802.25,6799,6801.5
2025-11-09T23:45:00-05:00,6801.25,6803,6799.75,6800.75
2025-11-10T00:00:00-05:00,6801,6805.75,6800.75,6805.25
2025-11-10T00:15:00-05:00,6805,6806.25,6804,6805
2025-11-10T00:30:00-05:00,6804.75,6805,6800.75,6803.5
2025-11-10T00:45:00-05:00,6803.5,6804.75,6801.5,6803.5
2025-11-10T01:00:00-05:00,6803.5,6805.25,6801.5,6802.75
2025-11-10T01:15:00-05:00,6803,6805,6800,6801.5
2025-11-10T01:30:00-05:00,6801.5,6805.25,6801,6803
2025-11-10T01:45:00-05:00,6803,6807.25,6799.5,6800
2025-11-10T02:00:00-05:00,6800,6803.25,6798.5,6802.25
2025-11-10T02:15:00-05:00,6802,6802.5,6800,6800.75
2025-11-10T02:30:00-05:00,6801,6804,6800.5,6803.25
2025-11-10T02:45:00-05:00,6803,6804.25,6801.5,6802.25
2025-11-10T03:00:00-05:00,6802.5,6803.5,6797.25,6797.5
2025-11-10T03:15:00-05:00,6797.5,6804.75,6796.25,6804.25
2025-11-10T03:30:00-05:00,6804.25,6810,6803.5,6808.75
2025-11-10T03:45:00-05:00,6808.5,6812.25,6807.75,6811.75
2025-11-10T04:00:00-05:00,6812,6816,6810.75,6815.5
2025-11-10T04:15:00-05:00,6815.25,6823.5,6814.25,6816.5
2025-11-10T04:30:00-05:00,6816.5,6818.75,6815,6817.25
2025-11-10T04:45:00-05:00,6817,6820.75,6816.25,6819.25
2025-11-10T05:00:00-05:00,6819.5,6820,6817,6818.25
2025-11-10T05:15:00-05:00,6818,6820.5,6817.25,6818
2025-11-10T05:30:00-05:00,6818,6821.75,6817.75,6820.25
2025-11-10T05:45:00-05:00,6820,6821,6815.75,6817
2025-11-10T06:00:00-05:00,6817.25,6819.5,6813,6814
2025-11-10T06:15:00-05:00,6813.75,6815,6811,6812.25
2025-11-10T06:30:00-05:00,6812,6816,6811.25,6816
2025-11-10T06:45:00-05:00,6816,6819.75,6815.5,6819.75
2025-11-10T07:00:00-05:00,6819.75,6821.25,6813.5,6815.5
2025-11-10T07:15:00-05:00,6815.5,6816.5,6812.5,6813.25
2025-11-10T07:30:00-05:00,6813.25,6816.5,6812.25,6814.5
2025-11-10T07:45:00-05:00,6814.5,6816.75,6811,6815
2025-11-10T08:00:00-05:00,6815,6817.75,6813.25,6814.5
2025-11-10T08:15:00-05:00,6814.5,6818.25,6813.75,6817.5
2025-11-10T08:30:00-05:00,6817.5,6820,6815.75,6817.25
2025-11-10T08:45:00-05:00,6817.5,6820.75,6813.75,6819.75
2025-11-10T09:00:00-05:00,6819.75,6820,6813.25,6813.5
2025-11-10T09:15:00-05:00,6813.5,6821,6812.75,6815.75
2025-11-10T09:30:00-05:00,6815.75,6834.5,6813.5,6831
2025-11-10T09:45:00-05:00,6831,6835.5,6823.75,6829
2025-11-10T10:00:00-05:00,6828.75,6835.25,6826.25,6829
2025-11-10T10:15:00-05:00,6829.25,6835.75,6824.75,6832
2025-11-10T10:30:00-05:00,6832,6833,6820.5,6820.75
2025-11-10T10:45:00-05:00,6820.75,6824.25,6804.5,6805.5
2025-11-10T11:00:00-05:00,6805.5,6811,6795,6807
2025-11-10T11:15:00-05:00,6807.25,6809.5,6798,6798
2025-11-10T11:30:00-05:00,6798.25,6805.75,6792.75,6800.75
2025-11-10T11:45:00-05:00,6800.5,6809.5,6796.5,6809
2025-11-10T12:00:00-05:00,6809.25,6822,6807.25,6810.25
2025-11-10T12:15:00-05:00,6810.25,6821,6808.25,6817.5
2025-11-10T12:30:00-05:00,6817.75,6831.75,6817.75,6827.75
2025-11-10T12:45:00-05:00,6827.75,6840.75,6827.5,6837.75
2025-11-10T13:00:00-05:00,6837.75,6841.75,6836.75,6840.75
2025-11-10T13:15:00-05:00,6840.75,6844.25,6837.25,6838.5
2025-11-10T13:30:00-05:00,6838.5,6847.5,6838.5,6845.5
2025-11-10T13:45:00-05:00,6845.5,6849,6841.75,6842.25
2025-11-10T14:00:00-05:00,6842.5,6848.25,6842,6845
2025-11-10T14:15:00-05:00,6845,6853.25,6843.75,6851.5
2025-11-10T14:30:00-05:00,6851.25,6854,6849,6853.25
2025-11-10T14:45:00-05:00,6853.25,6860.5,6852.25,6856.5
2025-11-10T15:00:00-05:00,6856.5,6864.75,6856.25,6864
2025-11-10T15:15:00-05:00,6864,6864,6855,6856.75
2025-11-10T15:30:00-05:00,6856.5,6863.75,6854,6861.25
2025-11-10T15:45:00-05:00,6861,6865.75,6855,6857
2025-11-10T16:00:00-05:00,6857,6863.25,6855.75,6862.25
2025-11-10T16:15:00-05:00,6862.25,6864,6861,6861.75
2025-11-10T16:30:00-05:00,6861.75,6862.75,6860,6861.75
2025-11-10T16:45:00-05:00,6861.75,6861.75,6857.25,6857.75
2025-11-10T18:00:00-05:00,6857.25,6860.5,6854.25,6856.5
2025-11-10T18:15:00-05:00,6856.25,6858.75,6854.5,6857.25
2025-11-10T18:30:00-05:00,6857.5,6858.25,6854.25,6856
2025-11-10T18:45:00-05:00,6856,6862.75,6856,6862.25
2025-11-10T19:00:00-05:00,6862.25,6867,6859.25,6862.5
2025-11-10T19:15:00-05:00,6862.75,6862.75,6858.5,6862.75
2025-11-10T19:30:00-05:00,6862.75,6864,6860.25,6862
2025-11-10T19:45:00-05:00,6862.25,6862.75,6859.5,6860.5
2025-11-10T20:00:00-05:00,6860.5,6862.5,6859.75,6861.75
2025-11-10T20:15:00-05:00,6861.75,6865,6860.75,6863.5
2025-11-10T20:30:00-05:00,6863.5,6864.25,6859.25,6861.75
2025-11-10T20:45:00-05:00,6861.5,6862.25,6859.5,6861
2025-11-10T21:00:00-05:00,6860.75,6863.25,6857,6859.5
2025-11-10T21:15:00-05:00,6859.5,6862,6857.75,6859.25
2025-11-10T21:30:00-05:00,6859.5,6864,6857.25,6861.5
2025-11-10T21:45:00-05:00,6861.5,6862.5,6858.75,6860.25
2025-11-10T22:00:00-05:00,6860.25,6862.5,6858,6860.25
2025-11-10T22:15:00-05:00,6860.25,6860.75,6858.5,6859
2025-11-10T22:30:00-05:00,6858.75,6860.25,6857.5,6859.5
2025-11-10T22:45:00-05:00,6859.5,6862.75,6858.5,6861.5
2025-11-10T23:00:00-05:00,6861.75,6862,6856.5,6858.75
2025-11-10T23:15:00-05:00,6858.75,6859.75,6856.5,6858
2025-11-10T23:30:00-05:00,6857.75,6859.75,6856.75,6857.75
2025-11-10T23:45:00-05:00,6857.75,6858,6852.25,6853.25
2025-11-11T00:00:00-05:00,6853.25,6854.25,6849.25,6849.5
2025-11-11T00:15:00-05:00,6849.5,6852.5,6848,6852.5
2025-11-11T00:30:00-05:00,6852.5,6852.75,6848.25,6849.25
2025-11-11T00:45:00-05:00,6849.25,6852,6847.5,6847.75
2025-11-11T01:00:00-05:00,6847.5,6854.5,6847.25,6853.25
2025-11-11T01:15:00-05:00,6853,6855.25,6852.75,6853.75
2025-11-11T01:30:00-05:00,6854,6856.75,6854,6854.25
2025-11-11T01:45:00-05:00,6854.25,6854.25,6851,6852
2025-11-11T02:00:00-05:00,6852.25,6853.75,6848.25,6851.25
2025-11-11T02:15:00-05:00,6851,6852,6848,6849
2025-11-11T02:30:00-05:00,6849,6851.5,6847.75,6850
2025-11-11T02:45:00-05:00,6850,6850,6845.25,6845.75
2025-11-11T03:00:00-05:00,6845.75,6850.5,6845.5,6848.25
2025-11-11T03:15:00-05:00,6848.5,6850.75,6843.5,6844.5
2025-11-11T03:30:00-05:00,6844.75,6846.25,6842.25,6843.75
2025-11-11T03:45:00-05:00,6843.5,6845.75,6842.5,6843.25
2025-11-11T04:00:00-05:00,6843.5,6847.25,6842,6844.5
2025-11-11T04:15:00-05:00,6844.5,6845.75,6842.75,6844.25
2025-11-11T04:30:00-05:00,6844.5,6845.75,6839.25,6840.75
2025-11-11T04:45:00-05:00,6841,6844.75,6839.5,6840.25
2025-11-11T05:00:00-05:00,6840.25,6842.5,6839,6842.25
2025-11-11T05:15:00-05:00,6842,6845,6841.25,6844.75
2025-11-11T05:30:00-05:00,6844.75,6845.25,6841.25,6842.5
2025-11-11T05:45:00-05:00,6842.5,6843.75,6841.25,6843
2025-11-11T06:00:00-05:00,6843.25,6847.25,6842.5,6846.75
2025-11-11T06:15:00-05:00,6846.75,6847,6843.25,6845
2025-11-11T06:30:00-05:00,6845,6845.5,6842.5,6844.25
2025-11-11T06:45:00-05:00,6844.25,6845,6842,6844.5
2025-11-11T07:00:00-05:00,6844.5,6847.25,6843,6845.75
2025-11-11T07:15:00-05:00,6846,6846.75,6842.75,6843.75
2025-11-11T07:30:00-05:00,6843.75,6845,6838,6840.5
2025-11-11T07:45:00-05:00,6840.5,6842.5,6838,6839.5
2025-11-11T08:00:00-05:00,6839.75,6845.5,6838.75,6845
2025-11-11T08:15:00-05:00,6845,6845,6835.75,6837.75
2025-11-11T08:30:00-05:00,6837.75,6843.75,6837.75,6839.5
2025-11-11T08:45:00-05:00,6839.25,6842,6838.75,6841.25
2025-11-11T09:00:00-05:00,6841,6843,6838.25,6842.5
2025-11-11T09:15:00-05:00,6842.25,6847,6839.75,6842.5
2025-11-11T09:30:00-05:00,6842.5,6848.5,6840.75,6844
2025-11-11T09:45:00-05:00,6843.75,6852,6837.5,6850.5
2025-11-11T10:00:00-05:00,6850.5,6850.5,6834.25,6838
2025-11-11T10:15:00-05:00,6838,6842.25,6831.5,6837.75
2025-11-11T10:30:00-05:00,6837.75,6840.25,6831.25,6837.5
2025-11-11T10:45:00-05:00,6837.5,6839.5,6830.5,6834.75
2025-11-11T11:00:00-05:00,6834.5,6842.75,6833.75,6838.5
2025-11-11T11:15:00-05:00,6838.5,6851,6835.75,6836.5
2025-11-11T11:30:00-05:00,6836.5,6843.5,6830.75,6840.75
2025-11-11T11:45:00-05:00,6841,6846.25,6839.5,6841
2025-11-11T12:00:00-05:00,6841,6851.75,6840.25,6851
2025-11-11T12:15:00-05:00,6851,6857.5,6850.75,6854
2025-11-11T12:30:00-05:00,6854,6857.75,6853,6857.75
2025-11-11T12:45:00-05:00,6857.75,6866.25,6855.75,6864.75
2025-11-11T13:00:00-05:00,6864.75,6869.75,6864,6867.5
2025-11-11T13:15:00-05:00,6867.5,6876.5,6866.25,6873.25
2025-11-11T13:30:00-05:00,6873,6875,6865.25,6873
2025-11-11T13:45:00-05:00,6873,6876.75,6872,6875.75
2025-11-11T14:00:00-05:00,6875.75,6875.75,6868.25,6873.25
2025-11-11T14:15:00-05:00,6873.5,6877,6871.5,6875.25
2025-11-11T14:30:00-05:00,6875.25,6877.25,6872.5,6873
2025-11-11T14:45:00-05:00,6873,6878,6870.75,6875
2025-11-11T15:00:00-05:00,6875,6879.25,6874.5,6877.5
2025-11-11T15:15:00-05:00,6877.25,6877.75,6871.25,6872.5
2025-11-11T15:30:00-05:00,6872.5,6875,6868.5,6875
2025-11-11T15:45:00-05:00,6874.75,6879.75,6866.75,6872.75
2025-11-11T16:00:00-05:00,6872.75,6878.75,6869.25,6878.5
2025-11-11T16:15:00-05:00,6878.75,6880,6875,6876.25
2025-11-11T16:30:00-05:00,6876,6877.5,6875.25,6877
2025-11-11T16:45:00-05:00,6877,6877.25,6873.5,6874
2025-11-11T18:00:00-05:00,6874,6876,6868,6870.75
2025-11-11T18:15:00-05:00,6870.5,6875,6869,6873.5
2025-11-11T18:30:00-05:00,6873.5,6875.75,6871.25,6875
2025-11-11T18:45:00-05:00,6875,6875.75,6871.25,6871.25
2025-11-11T19:00:00-05:00,6871.5,6876,6870.75,6872.5
2025-11-11T19:15:00-05:00,6872.5,6878.25,6871.5,6877
2025-11-11T19:30:00-05:00,6877,6878.25,6875.75,6877
2025-11-11T19:45:00-05:00,6877.25,6880,6876,6877
2025-11-11T20:00:00-05:00,6877.25,6882.25,6876.25,6881.5
2025-11-11T20:15:00-05:00,6881.5,6882.25,6878.5,6879.25
2025-11-11T20:30:00-05:00,6879,6882,6878.25,6881.25
2025-11-11T20:45:00-05:00,6881.5,6885.5,6881,6884
2025-11-11T21:00:00-05:00,6884.25,6889,6883.75,6888
2025-11-11T21:15:00-05:00,6888,6889.25,6887,6888.25
2025-11-11T21:30:00-05:00,6888,6888,6883.75,6885.5
2025-11-11T21:45:00-05:00,6885.5,6885.5,6880,6882.25
2025-11-11T22:00:00-05:00,6882.5,6882.75,6879.75,6880.75
2025-11-11T22:15:00-05:00,6880.75,6882.25,6879.25,6880.75
2025-11-11T22:30:00-05:00,6881,6883.75,6880,6883.25
2025-11-11T22:45:00-05:00,6883.25,6883.75,6882.25,6882.75
2025-11-11T23:00:00-05:00,6882.5,6883.25,6879,6881
2025-11-11T23:15:00-05:00,6881,6881.5,6878.25,6879.75
2025-11-11T23:30:00-05:00,6879.75,6879.75,6877.25,6878.5
2025-11-11T23:45:00-05:00,6878.5,6881.25,6878.25,6881
2025-11-12T00:00:00-05:00,6881,6884.25,6880.75,6883.75
2025-11-12T00:15:00-05:00,6883.75,6883.75,6881.5,6881.75
2025-11-12T00:30:00-05:00,6882,6887,6881.75,6886.75
2025-11-12T00:45:00-05:00,6887,6888.25,6885,6886
2025-11-12T01:00:00-05:00,6885.75,6888,6885.5,6886
2025-11-12T01:15:00-05:00,6886.25,6889.75,6886.25,6888.75
2025-11-12T01:30:00-05:00,6888.75,6890.75,6887.25,6890
2025-11-12T01:45:00-05:00,6890,6891,6889,6889.75
2025-11-12T02:00:00-05:00,6890,6892.75,6890,6892
2025-11-12T02:15:00-05:00,6892,6893.5,6890.5,6893.25
2025-11-12T02:30:00-05:00,6893.25,6898,6893,6895.25
2025-11-12T02:45:00-05:00,6895.5,6896,6891.75,6892
2025-11-12T03:00:00-05:00,6892,6892.75,6889.25,6891.25
2025-11-12T03:15:00-05:00,6891.25,6896.75,6890.75,6896.75
2025-11-12T03:30:00-05:00,6897,6897.75,6892.5,6896.25
2025-11-12T03:45:00-05:00,6896.5,6897.5,6892.5,6893.25
2025-11-12T04:00:00-05:00,6893.25,6894,6890,6892.5
2025-11-12T04:15:00-05:00,6892.5,6896.75,6891.5,6895
2025-11-12T04:30:00-05:00,6895.25,6900.5,6895,6899.75
2025-11-12T04:45:00-05:00,6899.75,6899.75,6897.25,6898.25
2025-11-12T05:00:00-05:00,6898.25,6900.5,6897.25,6897.75
2025-11-12T05:15:00-05:00,6897.5,6898.25,6895,6895.25
2025-11-12T05:30:00-05:00,6895.25,6896,6890.25,6890.25
2025-11-12T05:45:00-05:00,6890.25,6895,6889.75,6893.75
2025-11-12T06:00:00-05:00,6893.75,6895.5,6891.75,6892
2025-11-12T06:15:00-05:00,6891.75,6893.5,6885,6885.25
2025-11-12T06:30:00-05:00,6885.5,6890,6882.75,6889.25
2025-11-12T06:45:00-05:00,6889.5,6890.25,6884,6885.25
2025-11-12T07:00:00-05:00,6885.25,6895.75,6882,6893
2025-11-12T07:15:00-05:00,6893.25,6897,6893,6896.25
2025-11-12T07:30:00-05:00,6896,6898.5,6892.5,6892.5
2025-11-12T07:45:00-05:00,6892.5,6896.5,6890.5,6896.25
2025-11-12T08:00:00-05:00,6896,6898.5,6895,6897.25
2025-11-12T08:15:00-05:00,6897.25,6898.25,6893.75,6894.75
2025-11-12T08:30:00-05:00,6894.75,6897.25,6893.75,6894.5
2025-11-12T08:45:00-05:00,6894.5,6897,6894,6895.25
2025-11-12T09:00:00-05:00,6895.25,6895.5,6891.75,6893.25
2025-11-12T09:15:00-05:00,6893.25,6895,6890.5,6891.25
2025-11-12T09:30:00-05:00,6891.25,6892.75,6882.25,6884.5
2025-11-12T09:45:00-05:00,6884.5,6887.25,6873.75,6880
2025-11-12T10:00:00-05:00,6880,6885.25,6873.25,6874.25
2025-11-12T10:15:00-05:00,6874,6878,6871,6875
2025-11-12T10:30:00-05:00,6875,6875.5,6860.75,6871.25
2025-11-12T10:45:00-05:00,6871.25,6874.25,6862,6866.25
2025-11-12T11:00:00-05:00,6866.5,6868.25,6854.25,6857.5
2025-11-12T11:15:00-05:00,6857.5,6868,6857.5,6866.75
2025-11-12T11:30:00-05:00,6866.75,6872.75,6863.5,6863.75
2025-11-12T11:45:00-05:00,6864,6867.75,6852,6860.25
2025-11-12T12:00:00-05:00,6860.25,6867.5,6858,6866.75
2025-11-12T12:15:00-05:00,6866.75,6870.5,6860.25,6867.25
2025-11-12T12:30:00-05:00,6867.25,6881.25,6866.25,6876
2025-11-12T12:45:00-05:00,6876,6880.25,6868.25,6879.25
2025-11-12T13:00:00-05:00,6879,6880.75,6873,6879.5
2025-11-12T13:15:00-05:00,6879.25,6881.75,6873.75,6877.75
2025-11-12T13:30:00-05:00,6877.5,6884.25,6876.5,6878.75
2025-11-12T13:45:00-05:00,6878.75,6880.5,6875,6878.75
2025-11-12T14:00:00-05:00,6878.75,6880.5,6872,6872.25
2025-11-12T14:15:00-05:00,6872.5,6875,6867.5,6870
2025-11-12T14:30:00-05:00,6870,6874.75,6865,6871.5
2025-11-12T14:45:00-05:00,6871.25,6875.25,6867.5,6870.5
2025-11-12T15:00:00-05:00,6870.5,6871.5,6863.5,6869
2025-11-12T15:15:00-05:00,6869,6877,6866.75,6876
2025-11-12T15:30:00-05:00,6876.25,6882.5,6873.75,6880
2025-11-12T15:45:00-05:00,6879.75,6884,6869.5,6876
2025-11-12T16:00:00-05:00,6876.25,6881,6876,6879
2025-11-12T16:15:00-05:00,6879,6879.5,6875.5,6878.25
2025-11-12T16:30:00-05:00,6878,6878.75,6876.5,6878.25
2025-11-12T16:45:00-05:00,6878,6878.25,6872.75,6873.25
2025-11-12T18:00:00-05:00,6873.25,6875,6854,6862.25
2025-11-12T18:15:00-05:00,6862,6863.25,6857.75,6863
2025-11-12T18:30:00-05:00,6863,6864,6856.75,6858.5
2025-11-12T18:45:00-05:00,6858.75,6859.5,6851.25,6858.25
2025-11-12T19:00:00-05:00,6858.5,6869.25,6858.25,6867.25
2025-11-12T19:15:00-05:00,6867.25,6869.25,6862.75,6863.5
2025-11-12T19:30:00-05:00,6863.5,6866,6861.25,6864.75
2025-11-12T19:45:00-05:00,6864.5,6865,6860.25,6863.75
2025-11-12T20:00:00-05:00,6863.75,6889.5,6862.25,6884.75
2025-11-12T20:15:00-05:00,6884.5,6887.25,6878.25,6879.5
2025-11-12T20:30:00-05:00,6879.5,6888.25,6879.25,6886
2025-11-12T20:45:00-05:00,6886,6887,6882.25,6884.25
2025-11-12T21:00:00-05:00,6884.25,6886.25,6879.25,6882.5
2025-11-12T21:15:00-05:00,6882.75,6886,6881.5,6882.75
2025-11-12T21:30:00-05:00,6882.5,6882.5,6877.75,6878.5
2025-11-12T21:45:00-05:00,6878.25,6881.25,6876.5,6878.75
2025-11-12T22:00:00-05:00,6879,6880,6875.25,6875.75
2025-11-12T22:15:00-05:00,6875.75,6885,6874.75,6884.5
2025-11-12T22:30:00-05:00,6884.25,6886.5,6882.25,6882.5
2025-11-12T22:45:00-05:00,6882.5,6883.5,6880,6883.25
2025-11-12T23:00:00-05:00,6883,6884.75,6880.75,6882.75
2025-11-12T23:15:00-05:00,6883,6884.25,6881.25,6882.5
2025-11-12T23:30:00-05:00,6882.75,6885,6882,6885
2025-11-12T23:45:00-05:00,6885.25,6887.5,6885,6886.25
2025-11-13T00:00:00-05:00,6886.5,6889,6886,6887.75
2025-11-13T00:15:00-05:00,6887.75,6890,6887.5,6888.75
2025-11-13T00:30:00-05:00,6889,6890.25,6887.5,6889.25
2025-11-13T00:45:00-05:00,6889.25,6890,6887,6887.75
2025-11-13T01:00:00-05:00,6887.5,6890.5,6886,6888.25
2025-11-13T01:15:00-05:00,6888,6890.5,6887,6890.25
2025-11-13T01:30:00-05:00,6890,6892.5,6889.5,6891.25
2025-11-13T01:45:00-05:00,6891.25,6892,6889.5,6889.75
2025-11-13T02:00:00-05:00,6889.75,6890.5,6886.5,6889
2025-11-13T02:15:00-05:00,6888.75,6892,6888.5,6891.25
2025-11-13T02:30:00-05:00,6890.75,6892.5,6887.25,6888
2025-11-13T02:45:00-05:00,6888,6888.25,6882.5,6883.25
2025-11-13T03:00:00-05:00,6883,6885.75,6879.5,6879.75
2025-11-13T03:15:00-05:00,6879.5,6886.25,6878.25,6881.75
2025-11-13T03:30:00-05:00,6881.75,6885,6880,6884.25
2025-11-13T03:45:00-05:00,6884,6885.75,6882,6884
2025-11-13T04:00:00-05:00,6884,6885,6868,6869
2025-11-13T04:15:00-05:00,6869,6870.75,6862.5,6863.25
2025-11-13T04:30:00-05:00,6863.5,6866.75,6859.25,6866.25
2025-11-13T04:45:00-05:00,6866.5,6867.75,6864.5,6865.5
2025-11-13T05:00:00-05:00,6865.5,6872.5,6864.5,6869.25
2025-11-13T05:15:00-05:00,6869,6873.5,6867.75,6871
2025-11-13T05:30:00-05:00,6871,6876,6869.75,6872.5
2025-11-13T05:45:00-05:00,6872.5,6873,6868.5,6870.25
2025-11-13T06:00:00-05:00,6870.25,6875.25,6869.25,6873.75
2025-11-13T06:15:00-05:00,6873.5,6875,6863.5,6864.75
2025-11-13T06:30:00-05:00,6864.5,6866.75,6858.75,6863.75
2025-11-13T06:45:00-05:00,6864,6868,6861.5,6867.5
2025-11-13T07:00:00-05:00,6867.5,6868,6860,6862
2025-11-13T07:15:00-05:00,6862.25,6866.5,6861.75,6865
2025-11-13T07:30:00-05:00,6865,6871.75,6863.75,6871.25
2025-11-13T07:45:00-05:00,6871.5,6872.5,6865,6865.75
2025-11-13T08:00:00-05:00,6865.75,6865.75,6861.75,6865.5
2025-11-13T08:15:00-05:00,6865.25,6866.75,6856.5,6862.25
2025-11-13T08:30:00-05:00,6861.75,6862.75,6849.25,6852.25
2025-11-13T08:45:00-05:00,6852.5,6858.5,6850.25,6851.25
2025-11-13T09:00:00-05:00,6851.25,6853.5,6841.5,6846.75
2025-11-13T09:15:00-05:00,6846.5,6853,6843.75,6847.5
2025-11-13T09:30:00-05:00,6847.25,6849.25,6818.5,6819.25
2025-11-13T09:45:00-05:00,6819.5,6835.75,6817,6829.5
2025-11-13T10:00:00-05:00,6829.5,6847.75,6821.25,6846
2025-11-13T10:15:00-05:00,6846,6850.5,6829,6831
2025-11-13T10:30:00-05:00,6831,6832,6812.5,6813.75
2025-11-13T10:45:00-05:00,6813.5,6814.5,6794.5,6805.75
2025-11-13T11:00:00-05:00,6806,6809.25,6793.5,6800
2025-11-13T11:15:00-05:00,6800.25,6804.25,6790.75,6798.5
2025-11-13T11:30:00-05:00,6798.5,6807.5,6783.25,6786.25
2025-11-13T11:45:00-05:00,6786.25,6795.25,6784.25,6793
2025-11-13T12:00:00-05:00,6793,6801,6784.5,6786.75
2025-11-13T12:15:00-05:00,6787,6802.75,6786.5,6800.25
2025-11-13T12:30:00-05:00,6800,6806,6791.75,6792.25
2025-11-13T12:45:00-05:00,6792.5,6793,6780.75,6782.5
2025-11-13T13:00:00-05:00,6782.5,6788.75,6778.5,6785.75
2025-11-13T13:15:00-05:00,6785.75,6787.25,6767,6769.5
2025-11-13T13:30:00-05:00,6769.25,6770,6756,6766.75
2025-11-13T13:45:00-05:00,6766.75,6770.25,6762.25,6767.75
2025-11-13T14:00:00-05:00,6767.75,6770,6756.75,6758.25
2025-11-13T14:15:00-05:00,6758.25,6776.75,6756.75,6776.5
2025-11-13T14:30:00-05:00,6776.25,6777.5,6759.75,6765
2025-11-13T14:45:00-05:00,6765.25,6767.75,6746,6758
2025-11-13T15:00:00-05:00,6758,6761.25,6750.5,6757
2025-11-13T15:15:00-05:00,6757,6761.5,6746,6757.25
2025-11-13T15:30:00-05:00,6757.25,6771.5,6754.75,6764.5
2025-11-13T15:45:00-05:00,6764.5,6767.5,6748.5,6762
2025-11-13T16:00:00-05:00,6762,6776.75,6761.5,6776.75
2025-11-13T16:15:00-05:00,6777,6778.5,6768.75,6771.75
2025-11-13T16:30:00-05:00,6771.75,6773,6765,6767
2025-11-13T16:45:00-05:00,6766.75,6766.75,6761,6762.5
2025-11-13T18:00:00-05:00,6762.75,6773.25,6762.75,6765.75
2025-11-13T18:15:00-05:00,6766,6773.5,6764.75,6772.75
2025-11-13T18:30:00-05:00,6773,6775,6769,6771.25
2025-11-13T18:45:00-05:00,6771.25,6771.25,6765.75,6767
2025-11-13T19:00:00-05:00,6766.75,6771.25,6764.75,6769.75
2025-11-13T19:15:00-05:00,6769.75,6774.25,6768.5,6773.5
2025-11-13T19:30:00-05:00,6773.25,6773.5,6768,6770.25
2025-11-13T19:45:00-05:00,6770.5,6772,6765.5,6766.75
2025-11-13T20:00:00-05:00,6766.75,6773.25,6766.25,6770.75
2025-11-13T20:15:00-05:00,6771.25,6773,6765,6766.25
2025-11-13T20:30:00-05:00,6766.5,6774,6766.5,6768.75
2025-11-13T20:45:00-05:00,6769,6770.75,6765.75,6768.5
2025-11-13T21:00:00-05:00,6768.75,6772.75,6768.5,6771.5
2025-11-13T21:15:00-05:00,6771.25,6772.75,6769.75,6771
2025-11-13T21:30:00-05:00,6771,6773.5,6770,6771
2025-11-13T21:45:00-05:00,6770.75,6774.75,6770.25,6771
2025-11-13T22:00:00-05:00,6771,6772.5,6766.75,6771.5
2025-11-13T22:15:00-05:00,6771.25,6772.5,6769,6770
2025-11-13T22:30:00-05:00,6770,6770.25,6767.5,6767.75
2025-11-13T22:45:00-05:00,6768,6769.25,6761.5,6766.5
2025-11-13T23:00:00-05:00,6766.5,6768,6758.5,6761
2025-11-13T23:15:00-05:00,6761,6762.5,6756,6757
2025-11-13T23:30:00-05:00,6757,6760.5,6754.25,6758
2025-11-13T23:45:00-05:00,6758.25,6759.75,6751.5,6753.75
2025-11-14T00:00:00-05:00,6754,6754.5,6747,6748
2025-11-14T00:15:00-05:00,6748,6760.5,6743.75,6757.25
2025-11-14T00:30:00-05:00,6757.25,6765.75,6755.5,6764.5
2025-11-14T00:45:00-05:00,6764.5,6767.75,6761.75,6764
2025-11-14T01:00:00-05:00,6763.75,6764.25,6757.75,6759.75
2025-11-14T01:15:00-05:00,6760,6760.5,6752.75,6754.25
2025-11-14T01:30:00-05:00,6754.25,6756.25,6745.75,6754.75
2025-11-14T01:45:00-05:00,6754.75,6758.25,6748.5,6757.75
2025-11-14T02:00:00-05:00,6757.5,6758,6740,6741.25
2025-11-14T02:15:00-05:00,6741.25,6742.25,6733.25,6740.5
2025-11-14T02:30:00-05:00,6740.25,6744.5,6739.5,6741.25
2025-11-14T02:45:00-05:00,6741.5,6748.5,6741.5,6746
2025-11-14T03:00:00-05:00,6746,6747.75,6736,6737.25
2025-11-14T03:15:00-05:00,6737,6740.5,6731.75,6737
2025-11-14T03:30:00-05:00,6737,6742,6728.25,6736.5
2025-11-14T03:45:00-05:00,6736.25,6746,6731.25,6744.75
2025-11-14T04:00:00-05:00,6744.75,6754.75,6743.25,6747.25
2025-11-14T04:15:00-05:00,6747,6748,6743.25,6744
2025-11-14T04:30:00-05:00,6744,6745,6739,6742.75
2025-11-14T04:45:00-05:00,6742.5,6742.75,6735.5,6738.25
2025-11-14T05:00:00-05:00,6738,6748,6736,6746
2025-11-14T05:15:00-05:00,6746,6746.5,6741,6744.75
2025-11-14T05:30:00-05:00,6744.75,6748.5,6743,6746
2025-11-14T05:45:00-05:00,6746,6746.5,6735.75,6739
2025-11-14T06:00:00-05:00,6738.75,6738.75,6720.25,6722.5
2025-11-14T06:15:00-05:00,6722.5,6724,6713.5,6718.25
2025-11-14T06:30:00-05:00,6718,6719.5,6710.25,6711.75
2025-11-14T06:45:00-05:00,6711.5,6715.25,6704.25,6714.5
2025-11-14T07:00:00-05:00,6714.75,6715,6697.75,6699.25
2025-11-14T07:15:00-05:00,6699.25,6707,6695.25,6703.75
2025-11-14T07:30:00-05:00,6703.75,6705.5,6684.25,6690.5
2025-11-14T07:45:00-05:00,6690.5,6700,6685,6695.25
2025-11-14T08:00:00-05:00,6695,6700.5,6689.75,6697.75
2025-11-14T08:15:00-05:00,6698,6698.25,6681.25,6688.25
2025-11-14T08:30:00-05:00,6688.25,6690.5,6677.75,6680.5
2025-11-14T08:45:00-05:00,6680.75,6695.75,6679.75,6692
2025-11-14T09:00:00-05:00,6692.25,6700.75,6688,6693.5
2025-11-14T09:15:00-05:00,6693.5,6699.75,6690,6692
2025-11-14T09:30:00-05:00,6692,6707,6670.5,6705.25
2025-11-14T09:45:00-05:00,6705,6726.5,6702.25,6725
2025-11-14T10:00:00-05:00,6725,6728,6707.25,6713.75
2025-11-14T10:15:00-05:00,6713.75,6738,6712.5,6736.25
2025-11-14T10:30:00-05:00,6736.25,6750.75,6729.75,6749
2025-11-14T10:45:00-05:00,6748.75,6766.75,6746.75,6761
2025-11-14T11:00:00-05:00,6760.75,6764.25,6747.25,6759.75
2025-11-14T11:15:00-05:00,6759.75,6787.5,6759.75,6782.75
2025-11-14T11:30:00-05:00,6782.75,6788.75,6774,6777.75
2025-11-14T11:45:00-05:00,6777.75,6786.75,6770,6786
2025-11-14T12:00:00-05:00,6785.75,6795.25,6780.5,6791.5
2025-11-14T12:15:00-05:00,6791.5,6793,6782,6789.25
2025-11-14T12:30:00-05:00,6789.5,6795.5,6780.75,6786.75
2025-11-14T12:45:00-05:00,6786.75,6791.25,6770,6779.25
2025-11-14T13:00:00-05:00,6779.25,6782.25,6760.75,6781.5
2025-11-14T13:15:00-05:00,6781.5,6781.75,6760,6770
2025-11-14T13:30:00-05:00,6769.75,6775.25,6754,6755.25
2025-11-14T13:45:00-05:00,6755.25,6776.5,6753.5,6771.25
2025-11-14T14:00:00-05:00,6771,6774.5,6761.25,6769.5
2025-11-14T14:15:00-05:00,6769.75,6783,6768,6778.75
2025-11-14T14:30:00-05:00,6778.75,6782.5,6774.5,6780
2025-11-14T14:45:00-05:00,6780,6787.5,6778.5,6785
2025-11-14T15:00:00-05:00,6785,6789.75,6774.25,6775.5
2025-11-14T15:15:00-05:00,6775.75,6777.5,6760.5,6765
2025-11-14T15:30:00-05:00,6764.75,6769.75,6757.75,6759.25
2025-11-14T15:45:00-05:00,6759.25,6763.75,6750,6758
2025-11-14T16:00:00-05:00,6758,6765.75,6750.75,6764.25
2025-11-14T16:15:00-05:00,6764.5,6769.25,6763.75,6766.75
2025-11-14T16:30:00-05:00,6766.75,6767,6763,6764.5
2025-11-14T16:45:00-05:00,6764.5,6765.75,6764,6765.25
2025-11-16T18:00:00-05:00,6764.75,6766.75,6740.5,6754.75
2025-11-16T18:15:00-05:00,6754.5,6763.75,6753.25,6761.5
2025-11-16T18:30:00-05:00,6761.5,6770,6761,6766.5
2025-11-16T18:45:00-05:00,6766.75,6770.5,6764.5,6766.75
2025-11-16T19:00:00-05:00,6766.5,6769,6758.5,6761.5
2025-11-16T19:15:00-05:00,6761.5,6767.75,6755.75,6767.75
2025-11-16T19:30:00-05:00,6767.75,6778.75,6767.5,6776
2025-11-16T19:45:00-05:00,6776,6778.75,6774.75,6776
2025-11-16T20:00:00-05:00,6776.25,6779.5,6771.25,6777.25
2025-11-16T20:15:00-05:00,6777.25,6780.25,6776.75,6777.25
2025-11-16T20:30:00-05:00,6777.25,6778.25,6772.25,6773.75
2025-11-16T20:45:00-05:00,6773.75,6775.25,6770,6770.75
2025-11-16T21:00:00-05:00,6770.75,6778,6770,6776.75
2025-11-16T21:15:00-05:00,6776.75,6778.5,6771.75,6772.5
2025-11-16T21:30:00-05:00,6772.25,6775.75,6772.25,6775
2025-11-16T21:45:00-05:00,6775,6782,6774.75,6781
2025-11-16T22:00:00-05:00,6780.75,6785,6780.25,6783.5
2025-11-16T22:15:00-05:00,6783.5,6784.25,6780.25,6780.5
2025-11-16T22:30:00-05:00,6780.25,6781.75,6779.25,6780.75
2025-11-16T22:45:00-05:00,6781,6784.5,6779.75,6784
2025-11-16T23:00:00-05:00,6784,6786,6782.75,6785.25
2025-11-16T23:15:00-05:00,6785.5,6787.5,6784,6786.5
2025-11-16T23:30:00-05:00,6786.75,6786.75,6784,6786.25
2025-11-16T23:45:00-05:00,6786.5,6787.75,6786,6786
2025-11-17T00:00:00-05:00,6786,6788.25,6785,6786.5
2025-11-17T00:15:00-05:00,6786.5,6787.75,6783,6785.5
2025-11-17T00:30:00-05:00,6785.25,6786.75,6781.75,6783.5
2025-11-17T00:45:00-05:00,6783.25,6784.5,6780,6780.75
2025-11-17T01:00:00-05:00,6780.75,6783.25,6779.25,6781.75
2025-11-17T01:15:00-05:00,6781.75,6785.5,6780.5,6783.75
2025-11-17T01:30:00-05:00,6784,6785,6779.25,6780.5
2025-11-17T01:45:00-05:00,6780.25,6781.5,6778.25,6779.5
2025-11-17T02:00:00-05:00,6779.5,6789.25,6778.5,6788.25
2025-11-17T02:15:00-05:00,6788.5,6795.25,6787.5,6794.25
2025-11-17T02:30:00-05:00,6794.25,6795,6791.75,6793.25
2025-11-17T02:45:00-05:00,6793.5,6795,6792,6792.5
2025-11-17T03:00:00-05:00,6792.25,6799,6790.25,6798.5
2025-11-17T03:15:00-05:00,6798.75,6800.5,6794,6795
2025-11-17T03:30:00-05:00,6795.25,6801.5,6794.5,6798.5
2025-11-17T03:45:00-05:00,6798.5,6800,6796,6799.25
2025-11-17T04:00:00-05:00,6799,6800.5,6788.5,6792.5
2025-11-17T04:15:00-05:00,6792.75,6794.5,6790.25,6792.25
2025-11-17T04:30:00-05:00,6792.25,6794,6783.25,6788.5
2025-11-17T04:45:00-05:00,6789,6790,6785.5,6787.5
2025-11-17T05:00:00-05:00,6787.25,6787.75,6783.75,6785.75
2025-11-17T05:15:00-05:00,6785.5,6785.5,6773.75,6775
2025-11-17T05:30:00-05:00,6774.75,6778.75,6770.25,6770.75
2025-11-17T05:45:00-05:00,6771,6775.25,6764.25,6769
2025-11-17T06:00:00-05:00,6769,6771.75,6764.25,6771.25
2025-11-17T06:15:00-05:00,6771.25,6775,6769.5,6773
2025-11-17T06:30:00-05:00,6773,6779.25,6771.25,6771.75
2025-11-17T06:45:00-05:00,6772.25,6776.5,6769,6771.75
2025-11-17T07:00:00-05:00,6771.75,6771.75,6759.25,6762.25
2025-11-17T07:15:00-05:00,6762.5,6767.25,6762,6762.75
2025-11-17T07:30:00-05:00,6762.75,6764.75,6758.25,6762
2025-11-17T07:45:00-05:00,6762.25,6762.5,6755.75,6759
2025-11-17T08:00:00-05:00,6759,6760.25,6745,6748.25
2025-11-17T08:15:00-05:00,6747.75,6756,6747.5,6752.25
2025-11-17T08:30:00-05:00,6752,6752,6739,6739.25
2025-11-17T08:45:00-05:00,6739.5,6747.75,6734.5,6747.5
2025-11-17T09:00:00-05:00,6747.5,6747.5,6735.5,6737.5
2025-11-17T09:15:00-05:00,6737.75,6743.75,6731.75,6734.25
2025-11-17T09:30:00-05:00,6734.25,6764.5,6726.5,6757.25
2025-11-17T09:45:00-05:00,6757.25,6774.75,6755.75,6765
2025-11-17T10:00:00-05:00,6765.25,6769.5,6742,6755
2025-11-17T10:15:00-05:00,6755,6760.75,6742.75,6758.25
2025-11-17T10:30:00-05:00,6758,6761.5,6738.25,6754.5
2025-11-17T10:45:00-05:00,6754.25,6758.5,6740.5,6744.5
2025-11-17T11:00:00-05:00,6744.5,6747.25,6722.5,6723.75
2025-11-17T11:15:00-05:00,6723.75,6742.75,6714.75,6742
2025-11-17T11:30:00-05:00,6742.25,6758.5,6740.75,6754.5
2025-11-17T11:45:00-05:00,6754.75,6767.25,6753,6767
2025-11-17T12:00:00-05:00,6767,6767.5,6757.25,6761.75
2025-11-17T12:15:00-05:00,6761.75,6763.25,6754.5,6760.75
2025-11-17T12:30:00-05:00,6761,6763.5,6745.5,6746.75
2025-11-17T12:45:00-05:00,6747,6747.25,6728.75,6729.5
2025-11-17T13:00:00-05:00,6729.5,6732.25,6719.5,6727.25
2025-11-17T13:15:00-05:00,6727.25,6731.75,6721.5,6724.25
2025-11-17T13:30:00-05:00,6724.25,6726.25,6717.5,6725.5
2025-11-17T13:45:00-05:00,6725.5,6736.25,6702,6702.75
2025-11-17T14:00:00-05:00,6702.75,6706.25,6692.75,6696.75
2025-11-17T14:15:00-05:00,6696.75,6698.75,6686.5,6695.25
2025-11-17T14:30:00-05:00,6695.25,6698.5,6673.5,6682
2025-11-17T14:45:00-05:00,6682,6682.75,6663.75,6664.5
2025-11-17T15:00:00-05:00,6664.25,6673.25,6658.5,6664.25
2025-11-17T15:15:00-05:00,6664.5,6677.5,6662.25,6674.5
2025-11-17T15:30:00-05:00,6674.5,6679.5,6667.75,6677.5
2025-11-17T15:45:00-05:00,6677.25,6694.75,6676.5,6693.75
2025-11-17T16:00:00-05:00,6693.75,6701,6692.75,6700
2025-11-17T16:15:00-05:00,6700,6700.5,6695,6697.25
2025-11-17T16:30:00-05:00,6697.25,6698,6692,6694.5
2025-11-17T16:45:00-05:00,6694.25,6698.25,6694,6697.25
2025-11-17T18:00:00-05:00,6696.5,6706.25,6695.25,6697.5
2025-11-17T18:15:00-05:00,6697.25,6702,6693.25,6701.25
2025-11-17T18:30:00-05:00,6701.5,6705.25,6699.5,6701.5
2025-11-17T18:45:00-05:00,6701.5,6702,6698.5,6701.5
2025-11-17T19:00:00-05:00,6701.5,6704.5,6699.5,6701.5
2025-11-17T19:15:00-05:00,6701.75,6702.25,6690.25,6690.5
2025-11-17T19:30:00-05:00,6690.75,6692.75,6685,6685.75
2025-11-17T19:45:00-05:00,6685.75,6696.5,6685.75,6689.75
2025-11-17T20:00:00-05:00,6689.75,6700,6688.75,6698.25
2025-11-17T20:15:00-05:00,6698.25,6707.75,6698.25,6700.5
2025-11-17T20:30:00-05:00,6700.75,6707.5,6699.5,6707
2025-11-17T20:45:00-05:00,6707,6708.75,6703.75,6704
2025-11-17T21:00:00-05:00,6704,6707.75,6701.5,6702.25
2025-11-17T21:15:00-05:00,6702.5,6705.25,6699.25,6702.25
2025-11-17T21:30:00-05:00,6702.25,6704,6692.25,6693
2025-11-17T21:45:00-05:00,6692.75,6695,6686.5,6686.75
2025-11-17T22:00:00-05:00,6686.5,6687,6680,6683
2025-11-17T22:15:00-05:00,6683,6687.25,6680.5,6680.75
2025-11-17T22:30:00-05:00,6680.5,6683.25,6677,6679.75
2025-11-17T22:45:00-05:00,6679.25,6680.75,6672.5,6675.25
2025-11-17T23:00:00-05:00,6675.25,6675.25,6661.25,6661.25
2025-11-17T23:15:00-05:00,6661.25,6663.25,6638.75,6647.25
2025-11-17T23:30:00-05:00,6647.25,6656,6647.25,6654.75
2025-11-17T23:45:00-05:00,6654.5,6663.75,6652.75,6661.75
2025-11-18T00:00:00-05:00,6661.5,6667.25,6653.25,6665.75
2025-11-18T00:15:00-05:00,6665.5,6667.75,6658.75,6659.5
2025-11-18T00:30:00-05:00,6659.5,6664,6659,6662.75
2025-11-18T00:45:00-05:00,6663,6665.75,6656,6656.25
2025-11-18T01:00:00-05:00,6656.5,6662,6653.75,6659.75
2025-11-18T01:15:00-05:00,6660,6663.75,6655.5,6660
2025-11-18T01:30:00-05:00,6659.5,6659.5,6643,6646
2025-11-18T01:45:00-05:00,6646,6651.75,6643.5,6646.5
2025-11-18T02:00:00-05:00,6646.75,6647,6635.5,6641.25
2025-11-18T02:15:00-05:00,6641.5,6652,6637.25,6650
2025-11-18T02:30:00-05:00,6649.75,6662.75,6649,6659.5
2025-11-18T02:45:00-05:00,6659.25,6661.25,6651,6655
2025-11-18T03:00:00-05:00,6655.25,6671,6654.25,6663.75
2025-11-18T03:15:00-05:00,6663.75,6666.75,6658.75,6665.75
2025-11-18T03:30:00-05:00,6665.75,6685.75,6664.25,6678.5
2025-11-18T03:45:00-05:00,6678.5,6679.25,6670.25,6674.25
2025-11-18T04:00:00-05:00,6674.25,6679,6669.5,6677.25
2025-11-18T04:15:00-05:00,6677.5,6684.5,6671.75,6673.75
2025-11-18T04:30:00-05:00,6673.5,6678.25,6667.5,6674
2025-11-18T04:45:00-05:00,6673.75,6682.75,6671.75,6680.75
2025-11-18T05:00:00-05:00,6680.5,6682.25,6671.5,6672.5
2025-11-18T05:15:00-05:00,6672.25,6677.75,6671,6672.5
2025-11-18T05:30:00-05:00,6672.75,6678.5,6670.5,6673.25
2025-11-18T05:45:00-05:00,6673.25,6682,6672.5,6680.25
2025-11-18T06:00:00-05:00,6679.75,6681.75,6669.25,6671.25
2025-11-18T06:15:00-05:00,6671.5,6677.5,6669,6673.25
2025-11-18T06:30:00-05:00,6673.5,6674.5,6665.25,6668.5
2025-11-18T06:45:00-05:00,6668.75,6675.25,6666,6675
2025-11-18T07:00:00-05:00,6674.75,6675,6653.75,6655.5
2025-11-18T07:15:00-05:00,6655.25,6667,6654.25,6657.75
2025-11-18T07:30:00-05:00,6658,6666.25,6656.75,6658.5
2025-11-18T07:45:00-05:00,6658.25,6659.75,6643.25,6650.5
2025-11-18T08:00:00-05:00,6650.75,6663.75,6650.5,6661.5
2025-11-18T08:15:00-05:00,6661.5,6665.25,6655.25,6657.25
2025-11-18T08:30:00-05:00,6657.25,6668,6655.75,6658.5
2025-11-18T08:45:00-05:00,6658.25,6667.5,6656.5,6661.75
2025-11-18T09:00:00-05:00,6661.5,6666.25,6657.25,6660.5
2025-11-18T09:15:00-05:00,6660.25,6662,6652.25,6657
2025-11-18T09:30:00-05:00,6656.75,6679,6645.5,6654.5
2025-11-18T09:45:00-05:00,6654.25,6670.75,6621.5,6622
2025-11-18T10:00:00-05:00,6622,6630.25,6603.25,6623.75
2025-11-18T10:15:00-05:00,6623.75,6638.75,6606.25,6626.5
2025-11-18T10:30:00-05:00,6626.5,6637.75,6609.75,6618
2025-11-18T10:45:00-05:00,6618,6623,6606.75,6607.5
2025-11-18T11:00:00-05:00,6607.5,6630.75,6594,6623.75
2025-11-18T11:15:00-05:00,6623.75,6654.5,6616.5,6651.5
2025-11-18T11:30:00-05:00,6651.75,6659.75,6645.25,6655.25
2025-11-18T11:45:00-05:00,6654.75,6659,6642.75,6647.25
2025-11-18T12:00:00-05:00,6647.25,6654.5,6634.5,6635
2025-11-18T12:15:00-05:00,6635,6644.75,6621,6621.75
2025-11-18T12:30:00-05:00,6621.75,6666.25,6614.75,6664
2025-11-18T12:45:00-05:00,6664,6679.75,6653.25,6672.75
2025-11-18T13:00:00-05:00,6673,6680.5,6669,6674
2025-11-18T13:15:00-05:00,6673.75,6680,6666.75,6669.25
2025-11-18T13:30:00-05:00,6669.25,6687.5,6667,6674.75
2025-11-18T13:45:00-05:00,6674.75,6685.5,6663,6666.25
2025-11-18T14:00:00-05:00,6666.25,6678.5,6664.25,6675.75
2025-11-18T14:15:00-05:00,6675.75,6678.5,6661.5,6665.25
2025-11-18T14:30:00-05:00,6665.25,6685.5,6660.25,6670.5
2025-11-18T14:45:00-05:00,6670.5,6684.5,6665.5,6680
2025-11-18T15:00:00-05:00,6680,6685.5,6663.5,6667.25
2025-11-18T15:15:00-05:00,6667.25,6671,6650.75,6660.25
2025-11-18T15:30:00-05:00,6660,6663.75,6651.75,6652.5
2025-11-18T15:45:00-05:00,6652.25,6659.5,6636.5,6637.5
2025-11-18T16:00:00-05:00,6637.75,6638.5,6624.75,6633.25
2025-11-18T16:15:00-05:00,6633.5,6634,6626.75,6630.75
2025-11-18T16:30:00-05:00,6630.5,6633.75,6628.25,6628.75
2025-11-18T16:45:00-05:00,6628.5,6631.75,6625.5,6627.75
2025-11-18T18:00:00-05:00,6630.75,6644.5,6629.5,6638.75
2025-11-18T18:15:00-05:00,6639,6647,6639,6645.5
2025-11-18T18:30:00-05:00,6645.75,6647.5,6639.25,6645
2025-11-18T18:45:00-05:00,6645,6645.25,6640.75,6641.75
2025-11-18T19:00:00-05:00,6641.75,6643.75,6629.75,6630.75
2025-11-18T19:15:00-05:00,6630.75,6632.25,6622.5,6626.25
2025-11-18T19:30:00-05:00,6626.5,6638,6624.5,6637
2025-11-18T19:45:00-05:00,6636.75,6639,6631.25,6635.75
2025-11-18T20:00:00-05:00,6635.75,6637,6627.5,6631
2025-11-18T20:15:00-05:00,6631,6647.5,6631,6641.75
2025-11-18T20:30:00-05:00,6642,6644.5,6636.5,6638.5
2025-11-18T20:45:00-05:00,6638.5,6641.75,6629,6633.75
2025-11-18T21:00:00-05:00,6634,6647.5,6634,6645
2025-11-18T21:15:00-05:00,6645,6648.5,6640.75,6646.75
2025-11-18T21:30:00-05:00,6647,6652.25,6646.75,6648.75
2025-11-18T21:45:00-05:00,6648.75,6651.25,6647,6650.5
2025-11-18T22:00:00-05:00,6650.75,6652.5,6645.25,6645.5
2025-11-18T22:15:00-05:00,6645.5,6645.75,6637,6641.25
2025-11-18T22:30:00-05:00,6641,6641.25,6635.75,6637
2025-11-18T22:45:00-05:00,6637,6637.25,6629.75,6630.75
2025-11-18T23:00:00-05:00,6630.75,6632.25,6621.5,6626
2025-11-18T23:15:00-05:00,6626,6632.25,6625.75,6630.75
2025-11-18T23:30:00-05:00,6630.75,6631,6622.25,6629.25
2025-11-18T23:45:00-05:00,6629.25,6634.5,6626.5,6627
2025-11-19T00:00:00-05:00,6627.25,6633,6626.75,6627.75
2025-11-19T00:15:00-05:00,6627.5,6633.5,6626,6626.5
2025-11-19T00:30:00-05:00,6626.5,6628,6615.25,6616
2025-11-19T00:45:00-05:00,6616.25,6634,6613.25,6630.5
2025-11-19T01:00:00-05:00,6630.25,6632.5,6626.75,6629.75
2025-11-19T01:15:00-05:00,6630,6636.5,6629.75,6632.5
2025-11-19T01:30:00-05:00,6632.5,6635,6630.25,6632.5
2025-11-19T01:45:00-05:00,6632.25,6634.75,6630,6634.25
2025-11-19T02:00:00-05:00,6634,6647.75,6630.25,6643
2025-11-19T02:15:00-05:00,6643.25,6645.25,6640.75,6642.25
2025-11-19T02:30:00-05:00,6642.5,6647,6639,6644
2025-11-19T02:45:00-05:00,6643.5,6647.5,6642,6644.75
2025-11-19T03:00:00-05:00,6644.5,6646.5,6636.5,6637.75
2025-11-19T03:15:00-05:00,6637.5,6650.5,6636,6649.25
2025-11-19T03:30:00-05:00,6649.25,6652.5,6640.25,6645.25
2025-11-19T03:45:00-05:00,6645,6646,6639,6639.25
2025-11-19T04:00:00-05:00,6639,6648.5,6634.75,6648.25
2025-11-19T04:15:00-05:00,6648,6649.25,6645.5,6648.5
2025-11-19T04:30:00-05:00,6648.25,6652.5,6645.75,6652.25
2025-11-19T04:45:00-05:00,6652,6659,6651.25,6658
2025-11-19T05:00:00-05:00,6658.25,6660,6655.25,6658
2025-11-19T05:15:00-05:00,6658.25,6663.5,6657.75,6662.25
2025-11-19T05:30:00-05:00,6662.25,6662.5,6658.25,6661.5
2025-11-19T05:45:00-05:00,6661.5,6664.75,6658.25,6663.5
2025-11-19T06:00:00-05:00,6663.5,6668.75,6662.25,6666.25
2025-11-19T06:15:00-05:00,6666.25,6667.5,6663.5,6664.5
2025-11-19T06:30:00-05:00,6664.25,6667,6660.75,6665.5
2025-11-19T06:45:00-05:00,6665.5,6668.75,6660.25,6661
2025-11-19T07:00:00-05:00,6661,6662.75,6656.75,6661.75
2025-11-19T07:15:00-05:00,6662,6664.25,6657.75,6661.25
2025-11-19T07:30:00-05:00,6661.25,6666.75,6661.25,6665
2025-11-19T07:45:00-05:00,6664.75,6667.25,6661.75,6661.75
2025-11-19T08:00:00-05:00,6662,6664.75,6650.25,6651.75
2025-11-19T08:15:00-05:00,6651.75,6658.5,6650.75,6658.25
2025-11-19T08:30:00-05:00,6658.25,6662.75,6652.5,6655
2025-11-19T08:45:00-05:00,6654.75,6659.25,6651,6652.75
2025-11-19T09:00:00-05:00,6652.75,6654.25,6643,6643.5
2025-11-19T09:15:00-05:00,6643.75,6647.25,6641.25,6642.5
2025-11-19T09:30:00-05:00,6642.5,6668.25,6635.75,6665
2025-11-19T09:45:00-05:00,6665,6693.75,6661.75,6691.75
2025-11-19T10:00:00-05:00,6692,6703,6689.25,6701
2025-11-19T10:15:00-05:00,6701.25,6709,6694.25,6697.75
2025-11-19T10:30:00-05:00,6698,6701,6686.25,6690.5
2025-11-19T10:45:00-05:00,6690.5,6690.5,6661,6664.75
2025-11-19T11:00:00-05:00,6664.5,6670.25,6653.75,6657.75
2025-11-19T11:15:00-05:00,6657.75,6666.25,6647.75,6655
2025-11-19T11:30:00-05:00,6655.25,6658.25,6642.5,6651
2025-11-19T11:45:00-05:00,6651,6661,6645.25,6660
2025-11-19T12:00:00-05:00,6660,6664.75,6639.75,6642.5
2025-11-19T12:15:00-05:00,6642.5,6649.5,6637,6646.75
2025-11-19T12:30:00-05:00,6646.75,6650.5,6622,6645.25
2025-11-19T12:45:00-05:00,6645,6654.5,6634.5,6648.5
2025-11-19T13:00:00-05:00,6648.5,6661.5,6645.75,6657.75
2025-11-19T13:15:00-05:00,6657.75,6660.75,6644.5,6645.25
2025-11-19T13:30:00-05:00,6645.25,6668.25,6643.25,6651.25
2025-11-19T13:45:00-05:00,6651.25,6665.25,6642.75,6660.75
2025-11-19T14:00:00-05:00,6661,6663.5,6647.25,6653.5
2025-11-19T14:15:00-05:00,6653.5,6655.75,6629.75,6633.25
2025-11-19T14:30:00-05:00,6633,6638.25,6628.25,6632.25
2025-11-19T14:45:00-05:00,6632.25,6655.25,6628.75,6647.75
2025-11-19T15:00:00-05:00,6647.75,6659.5,6645.25,6658.75
2025-11-19T15:15:00-05:00,6658.75,6679.5,6658.75,6670.5
2025-11-19T15:30:00-05:00,6670.5,6683.5,6665.25,6672
2025-11-19T15:45:00-05:00,6671.75,6672.5,6652.75,6661.75
2025-11-19T16:00:00-05:00,6661.5,6665,6652.25,6664
2025-11-19T16:15:00-05:00,6664,6696,6658.25,6682
2025-11-19T16:30:00-05:00,6682,6703.75,6681.75,6703.25
2025-11-19T16:45:00-05:00,6703.25,6704.25,6694,6696
2025-11-19T18:00:00-05:00,6697.5,6723,6694,6722.25
2025-11-19T18:15:00-05:00,6722.5,6725.25,6715.75,6720.25
2025-11-19T18:30:00-05:00,6720.25,6728.5,6718.5,6725.75
2025-11-19T18:45:00-05:00,6725.75,6732.75,6725,6732
2025-11-19T19:00:00-05:00,6731.75,6732.75,6728,6731.25
2025-11-19T19:15:00-05:00,6731,6741.75,6730.75,6740
2025-11-19T19:30:00-05:00,6740.25,6743,6738,6742.75
2025-11-19T19:45:00-05:00,6742.75,6743.25,6735.25,6736
2025-11-19T20:00:00-05:00,6735.75,6736.75,6732.25,6734
2025-11-19T20:15:00-05:00,6734,6741.5,6733.75,6741
2025-11-19T20:30:00-05:00,6741,6742.25,6738.25,6739.75
2025-11-19T20:45:00-05:00,6740,6743,6737.25,6742
2025-11-19T21:00:00-05:00,6741.75,6746.5,6738.25,6738.75
2025-11-19T21:15:00-05:00,6738.5,6740,6737.5,6738
2025-11-19T21:30:00-05:00,6738.25,6742.75,6737.5,6742
2025-11-19T21:45:00-05:00,6742,6745.5,6741.75,6745
2025-11-19T22:00:00-05:00,6744.75,6749.75,6744.5,6746.5
2025-11-19T22:15:00-05:00,6746.5,6748.5,6744.75,6747.5
2025-11-19T22:30:00-05:00,6747.25,6748,6743.75,6744.75
2025-11-19T22:45:00-05:00,6745,6747.75,6738.5,6744.5
2025-11-19T23:00:00-05:00,6744.25,6748,6743.5,6745.25
2025-11-19T23:15:00-05:00,6745,6747,6742.25,6744.75
2025-11-19T23:30:00-05:00,6745,6749.75,6744.25,6749
2025-11-19T23:45:00-05:00,6748.75,6749.75,6747.75,6749.5
2025-11-20T00:00:00-05:00,6749.25,6754,6748.25,6750.75
2025-11-20T00:15:00-05:00,6750.5,6752,6748.75,6749.25
2025-11-20T00:30:00-05:00,6749,6749.5,6746.25,6748.75
2025-11-20T00:45:00-05:00,6748.75,6749.5,6744.75,6746.5
2025-11-20T01:00:00-05:00,6746.75,6749.5,6745.5,6747
2025-11-20T01:15:00-05:00,6746.75,6746.75,6740.5,6741.75
2025-11-20T01:30:00-05:00,6742,6749,6741.75,6747.5
2025-11-20T01:45:00-05:00,6747.5,6749.25,6744.5,6749
2025-11-20T02:00:00-05:00,6749,6751,6747,6750.5
2025-11-20T02:15:00-05:00,6750.5,6755.75,6748.75,6753.5
2025-11-20T02:30:00-05:00,6753.75,6757,6746.25,6747.5
2025-11-20T02:45:00-05:00,6747.5,6747.5,6742.75,6744.25
2025-11-20T03:00:00-05:00,6744.25,6748,6740.5,6745.25
2025-11-20T03:15:00-05:00,6745.25,6748.5,6742.25,6747
2025-11-20T03:30:00-05:00,6747,6751.75,6743,6751.5
2025-11-20T03:45:00-05:00,6751.5,6755,6743.75,6743.75
2025-11-20T04:00:00-05:00,6743.5,6745.75,6738.5,6742.5
2025-11-20T04:15:00-05:00,6742.25,6743.5,6730.25,6730.5
2025-11-20T04:30:00-05:00,6730.25,6735,6729.25,6731.5
2025-11-20T04:45:00-05:00,6731.5,6732,6725.5,6729
2025-11-20T05:00:00-05:00,6729,6729.75,6724,6726.25
2025-11-20T05:15:00-05:00,6726.75,6737.5,6726.75,6736.5
2025-11-20T05:30:00-05:00,6736.5,6741.75,6736.25,6741.75
2025-11-20T05:45:00-05:00,6741.5,6746.5,6740.5,6744.25
2025-11-20T06:00:00-05:00,6744.25,6744.5,6732.5,6736
2025-11-20T06:15:00-05:00,6736,6736.75,6729.25,6731.25
2025-11-20T06:30:00-05:00,6731.5,6741,6731,6740
2025-11-20T06:45:00-05:00,6739.75,6740.25,6729,6733
2025-11-20T07:00:00-05:00,6733,6735.5,6726.25,6730.75
2025-11-20T07:15:00-05:00,6730.5,6736.75,6728.5,6733.5
2025-11-20T07:30:00-05:00,6733.5,6742.25,6732.75,6739.75
2025-11-20T07:45:00-05:00,6739.75,6747.25,6739,6746.25
2025-11-20T08:00:00-05:00,6746.5,6750.75,6744.75,6747.75
2025-11-20T08:15:00-05:00,6747.75,6749.25,6737,6740.25
2025-11-20T08:30:00-05:00,6740.75,6766.25,6738.5,6758
2025-11-20T08:45:00-05:00,6758,6772.75,6754.25,6767.75
2025-11-20T09:00:00-05:00,6767.75,6772,6761.75,6764
2025-11-20T09:15:00-05:00,6763.75,6769.75,6761.5,6764.75
2025-11-20T09:30:00-05:00,6765,6777,6760.25,6771.75
2025-11-20T09:45:00-05:00,6771.75,6786,6765,6784.5
2025-11-20T10:00:00-05:00,6784.75,6790,6763,6767
2025-11-20T10:15:00-05:00,6767,6785.75,6763.25,6783.75
2025-11-20T10:30:00-05:00,6783.75,6791.25,6778.5,6787.75
2025-11-20T10:45:00-05:00,6787.75,6788.75,6762.75,6763
2025-11-20T11:00:00-05:00,6763.25,6763.5,6732.75,6734.25
2025-11-20T11:15:00-05:00,6734.5,6734.5,6708.25,6713.5
2025-11-20T11:30:00-05:00,6713.5,6716.5,6675.75,6678.75
2025-11-20T11:45:00-05:00,6678.5,6692.5,6628,6636
2025-11-20T12:00:00-05:00,6636,6658,6614.5,6629.5
2025-11-20T12:15:00-05:00,6629.25,6629.25,6600,6619.75
2025-11-20T12:30:00-05:00,6619.75,6629.5,6588.25,6596.5
2025-11-20T12:45:00-05:00,6596.5,6612.75,6588.5,6606.5
2025-11-20T13:00:00-05:00,6606.75,6652.75,6601,6652.5
2025-11-20T13:15:00-05:00,6652.25,6654,6621.25,6629.25
2025-11-20T13:30:00-05:00,6629.25,6634,6596,6597
2025-11-20T13:45:00-05:00,6597,6597.75,6575,6584.25
2025-11-20T14:00:00-05:00,6584.25,6592.5,6572.25,6587.5
2025-11-20T14:15:00-05:00,6587.25,6609.25,6582.25,6604
2025-11-20T14:30:00-05:00,6604,6604.25,6586,6600
2025-11-20T14:45:00-05:00,6599.75,6617,6586.75,6615
2025-11-20T15:00:00-05:00,6615,6615.25,6591,6596.75
2025-11-20T15:15:00-05:00,6596.75,6609.5,6587.5,6596
2025-11-20T15:30:00-05:00,6596,6599.5,6565,6567.25
2025-11-20T15:45:00-05:00,6567.5,6573.25,6552.5,6558.75
2025-11-20T16:00:00-05:00,6558.75,6562.25,6550.5,6557
2025-11-20T16:15:00-05:00,6556.75,6559,6553,6558
2025-11-20T16:30:00-05:00,6558,6559.25,6552.5,6555.5
2025-11-20T16:45:00-05:00,6555.5,6556.75,6551.25,6552
2025-11-20T18:00:00-05:00,6560,6565.75,6539.25,6550.25
2025-11-20T18:15:00-05:00,6550,6564,6549.75,6561.75
2025-11-20T18:30:00-05:00,6562,6566.5,6557,6564.5
2025-11-20T18:45:00-05:00,6564.5,6571.5,6564.25,6566
2025-11-20T19:00:00-05:00,6565.75,6574.5,6561.75,6572.5
2025-11-20T19:15:00-05:00,6572.5,6578,6569.25,6575.5
2025-11-20T19:30:00-05:00,6575.75,6580.75,6574,6576.25
2025-11-20T19:45:00-05:00,6576.25,6581.25,6572.5,6577.5
2025-11-20T20:00:00-05:00,6577.5,6583.5,6575,6578.5
2025-11-20T20:15:00-05:00,6578.25,6586.75,6578,6585.5
2025-11-20T20:30:00-05:00,6585.75,6587.5,6576.5,6585
2025-11-20T20:45:00-05:00,6585,6589,6583,6583.25
2025-11-20T21:00:00-05:00,6583.5,6585.25,6577,6577.75
2025-11-20T21:15:00-05:00,6577.75,6584.75,6577.25,6581.25
2025-11-20T21:30:00-05:00,6581.25,6588,6580,6585.25
2025-11-20T21:45:00-05:00,6585.5,6587.25,6579.5,6580.5
2025-11-20T22:00:00-05:00,6580.5,6585.25,6578.5,6583
2025-11-20T22:15:00-05:00,6583,6585.25,6580.25,6584.25
2025-11-20T22:30:00-05:00,6584.5,6594,6582.75,6589.25
2025-11-20T22:45:00-05:00,6589.5,6590.5,6584.25,6584.5
2025-11-20T23:00:00-05:00,6584.5,6586,6579.5,6582.5
2025-11-20T23:15:00-05:00,6582.5,6582.5,6571,6578.25
2025-11-20T23:30:00-05:00,6578.5,6579.25,6566.25,6570.75
2025-11-20T23:45:00-05:00,6570.75,6580.25,6568.25,6579.5
2025-11-21T00:00:00-05:00,6579.5,6585,6575.75,6582.5
2025-11-21T00:15:00-05:00,6582.25,6585.5,6578.5,6578.75
2025-11-21T00:30:00-05:00,6579,6580.75,6570.75,6574.25
2025-11-21T00:45:00-05:00,6574.25,6575,6569.25,6572.25
2025-11-21T01:00:00-05:00,6572.25,6578.5,6571,6575.5
2025-11-21T01:15:00-05:00,6575.5,6579.5,6570.5,6570.5
2025-11-21T01:30:00-05:00,6570.25,6578,6568.75,6576.75
2025-11-21T01:45:00-05:00,6576.5,6582.25,6575.5,6577
2025-11-21T02:00:00-05:00,6576.75,6579,6572.5,6574.75
2025-11-21T02:15:00-05:00,6574.75,6579.75,6573.25,6579.25
2025-11-21T02:30:00-05:00,6579,6580,6567,6568.75
2025-11-21T02:45:00-05:00,6568.75,6568.75,6551.5,6554.5
2025-11-21T03:00:00-05:00,6554.25,6577,6554,6574
2025-11-21T03:15:00-05:00,6574,6575.5,6561.75,6571
2025-11-21T03:30:00-05:00,6571,6574.75,6563.75,6574
2025-11-21T03:45:00-05:00,6573.75,6585,6573.25,6582.75
2025-11-21T04:00:00-05:00,6582.75,6584.25,6575.75,6576
2025-11-21T04:15:00-05:00,6576.25,6576.5,6563.25,6568.25
2025-11-21T04:30:00-05:00,6568,6570.5,6555.5,6555.75
2025-11-21T04:45:00-05:00,6555.5,6560.75,6552,6552.5
2025-11-21T05:00:00-05:00,6552.5,6553.25,6530.25,6535.25
2025-11-21T05:15:00-05:00,6535.5,6536.25,6525,6526.75
2025-11-21T05:30:00-05:00,6526.75,6556.5,6526.5,6549.5
2025-11-21T05:45:00-05:00,6549.75,6561.5,6548.25,6560.75
2025-11-21T06:00:00-05:00,6561.25,6571.25,6559,6571
2025-11-21T06:15:00-05:00,6571.25,6572.5,6558.25,6558.25
2025-11-21T06:30:00-05:00,6558.25,6562.5,6553.25,6558.75
2025-11-21T06:45:00-05:00,6558.5,6559,6544.25,6552.75
2025-11-21T07:00:00-05:00,6553,6556.75,6535,6544.75
2025-11-21T07:15:00-05:00,6544.75,6547.5,6531.5,6533.5
2025-11-21T07:30:00-05:00,6533.75,6582.5,6533.5,6578.5
2025-11-21T07:45:00-05:00,6578.25,6597,6577.25,6585.5
2025-11-21T08:00:00-05:00,6585.75,6591.25,6573.25,6585.25
2025-11-21T08:15:00-05:00,6585.25,6599,6580.75,6581.25
2025-11-21T08:30:00-05:00,6581.75,6597.5,6581.5,6595
2025-11-21T08:45:00-05:00,6594.75,6596.5,6587.25,6590.75
2025-11-21T09:00:00-05:00,6590.5,6594.25,6584.25,6589.25
2025-11-21T09:15:00-05:00,6589,6589,6580,6581.5
2025-11-21T09:30:00-05:00,6581.5,6596,6571.5,6574.25
2025-11-21T09:45:00-05:00,6574.25,6596,6562.5,6576.25
2025-11-21T10:00:00-05:00,6576.5,6588.25,6563,6568.25
2025-11-21T10:15:00-05:00,6568.25,6590.5,6554.5,6562
2025-11-21T10:30:00-05:00,6561.75,6571.75,6539,6559.5
2025-11-21T10:45:00-05:00,6559.5,6575,6554.75,6558.5
2025-11-21T11:00:00-05:00,6558.5,6569,6541.75,6564
2025-11-21T11:15:00-05:00,6564,6591,6550.75,6590.25
2025-11-21T11:30:00-05:00,6590.5,6608,6583.5,6604.75
2025-11-21T11:45:00-05:00,6605,6638.5,6597.75,6638
2025-11-21T12:00:00-05:00,6637.75,6643.5,6625,6637.25
2025-11-21T12:15:00-05:00,6637.25,6641.75,6626.25,6635.5
2025-11-21T12:30:00-05:00,6635.5,6647,6632.75,6643.25
2025-11-21T12:45:00-05:00,6643.25,6646.5,6628.5,6633.25
2025-11-21T13:00:00-05:00,6633.5,6636.5,6606.5,6607.25
2025-11-21T13:15:00-05:00,6607,6616,6600.25,6615.25
2025-11-21T13:30:00-05:00,6615.25,6640.75,6611.75,6639.25
2025-11-21T13:45:00-05:00,6639.5,6672.75,6634.75,6654
2025-11-21T14:00:00-05:00,6654.25,6672,6653,6664.5
2025-11-21T14:15:00-05:00,6664.25,6677.5,6661.25,6674
2025-11-21T14:30:00-05:00,6674.25,6677,6654.5,6657.5
2025-11-21T14:45:00-05:00,6657.5,6661.75,6641.5,6649.5
2025-11-21T15:00:00-05:00,6649.25,6654,6644.5,6648.5
2025-11-21T15:15:00-05:00,6648.5,6651.25,6627.75,6627.75
2025-11-21T15:30:00-05:00,6627.75,6644.25,6621.75,6631.75
2025-11-21T15:45:00-05:00,6631.75,6643.5,6614,6622.5
2025-11-21T16:00:00-05:00,6622.5,6631.75,6621,6627
2025-11-21T16:15:00-05:00,6627.25,6627.75,6622,6623.5
2025-11-21T16:30:00-05:00,6623.5,6632.25,6623.25,6632
2025-11-21T16:45:00-05:00,6632,6632.75,6624.25,6631.5
2025-11-23T18:00:00-05:00,6654.75,6666.5,6654.75,6657.25
2025-11-23T18:15:00-05:00,6657.5,6660.25,6651.75,6656.25
2025-11-23T18:30:00-05:00,6656,6656.25,6650,6654.25
2025-11-23T18:45:00-05:00,6654,6657.75,6652.25,6653.25
2025-11-23T19:00:00-05:00,6653.25,6653.25,6642,6644.25
2025-11-23T19:15:00-05:00,6644.5,6646,6637,6643.5
2025-11-23T19:30:00-05:00,6643.5,6650.75,6643,6649
2025-11-23T19:45:00-05:00,6648.75,6652,6647,6647.5
2025-11-23T20:00:00-05:00,6647.5,6651.25,6642.25,6649.75
2025-11-23T20:15:00-05:00,6650,6653.75,6646.25,6651
2025-11-23T20:30:00-05:00,6651,6653,6642,6643.5
2025-11-23T20:45:00-05:00,6643.25,6649.25,6642.25,6647
2025-11-23T21:00:00-05:00,6647.25,6650.25,6643.75,6645
2025-11-23T21:15:00-05:00,6645,6655.5,6645,6654.75
2025-11-23T21:30:00-05:00,6654.25,6658,6649.5,6657.75
2025-11-23T21:45:00-05:00,6658.25,6661.25,6657,6661
2025-11-23T22:00:00-05:00,6661,6662.5,6659.75,6661
2025-11-23T22:15:00-05:00,6661,6662.25,6657.5,6660.5
2025-11-23T22:30:00-05:00,6660.25,6660.5,6654,6657.5
2025-11-23T22:45:00-05:00,6657.5,6658,6654,6655.5
2025-11-23T23:00:00-05:00,6655.25,6656.75,6648.25,6649.5
2025-11-23T23:15:00-05:00,6649.5,6650,6645.75,6648.25
2025-11-23T23:30:00-05:00,6648.5,6652.5,6647.5,6651
2025-11-23T23:45:00-05:00,6651.25,6653.5,6647.25,6648.75
2025-11-24T00:00:00-05:00,6648.5,6658,6647.5,6657
2025-11-24T00:15:00-05:00,6657.25,6659.25,6656.75,6658.5
2025-11-24T00:30:00-05:00,6658.25,6658.5,6653.5,6655
2025-11-24T00:45:00-05:00,6655.25,6657.25,6654,6656.75
2025-11-24T01:00:00-05:00,6656.75,6657,6652.75,6652.75
2025-11-24T01:15:00-05:00,6653,6656,6652.5,6653.25
2025-11-24T01:30:00-05:00,6653,6654.75,6651,6651.75
2025-11-24T01:45:00-05:00,6651.5,6653.25,6649,6652.5
2025-11-24T02:00:00-05:00,6652.25,6655,6647,6651
2025-11-24T02:15:00-05:00,6651,6654.5,6649.75,6654.25
2025-11-24T02:30:00-05:00,6654,6659.5,6652,6658.5
2025-11-24T02:45:00-05:00,6658.5,6662.75,6658.25,6660.25
2025-11-24T03:00:00-05:00,6660.25,6660.5,6647.5,6658.25
2025-11-24T03:15:00-05:00,6658.5,6668.25,6658.5,6665.25
2025-11-24T03:30:00-05:00,6665.25,6667.5,6661,6664.5
2025-11-24T03:45:00-05:00,6664.75,6669.5,6663.75,6668
2025-11-24T04:00:00-05:00,6667.5,6669.5,6657,6658.25
2025-11-24T04:15:00-05:00,6658.5,6661,6625.5,6626.25
2025-11-24T04:30:00-05:00,6626.25,6642.75,6625,6635.5
2025-11-24T04:45:00-05:00,6635.5,6642.75,6634.75,6638
2025-11-24T05:00:00-05:00,6638.25,6642,6630.75,6633.5
2025-11-24T05:15:00-05:00,6633.75,6639.75,6629,6632
2025-11-24T05:30:00-05:00,6632.25,6638.25,6625.5,6636.25
2025-11-24T05:45:00-05:00,6636,6638.75,6632.5,6632.75
2025-11-24T06:00:00-05:00,6632.5,6634.75,6626.25,6629.5
2025-11-24T06:15:00-05:00,6629.25,6635.75,6628,6632.75
2025-11-24T06:30:00-05:00,6633,6639,6631.25,6638
2025-11-24T06:45:00-05:00,6638,6646.25,6635.75,6645.75
2025-11-24T07:00:00-05:00,6645.5,6647,6639.75,6641.5
2025-11-24T07:15:00-05:00,6641.5,6654,6639.25,6652.25
2025-11-24T07:30:00-05:00,6652,6656,6648.75,6651
2025-11-24T07:45:00-05:00,6651.25,6658.75,6651,6657.25
2025-11-24T08:00:00-05:00,6657.25,6666.25,6656,6666
2025-11-24T08:15:00-05:00,6666,6667,6660.75,6664.75
2025-11-24T08:30:00-05:00,6664.75,6667.25,6661,6661.75
2025-11-24T08:45:00-05:00,6661.5,6663.25,6651.75,6653
2025-11-24T09:00:00-05:00,6653,6670,6652.5,6669
2025-11-24T09:15:00-05:00,6669.25,6669.25,6657,6658
2025-11-24T09:30:00-05:00,6657.75,6686.75,6655,6659.75
2025-11-24T09:45:00-05:00,6659.75,6671.5,6646.75,6671.25
2025-11-24T10:00:00-05:00,6671.25,6689,6670.25,6685.25
2025-11-24T10:15:00-05:00,6685.5,6689,6674.75,6686.25
2025-11-24T10:30:00-05:00,6686,6700.5,6680.75,6699
2025-11-24T10:45:00-05:00,6699.25,6703.75,6693.5,6696.75
2025-11-24T11:00:00-05:00,6697,6715.5,6696.75,6712.5
2025-11-24T11:15:00-05:00,6712.75,6715.25,6709.25,6711.25
2025-11-24T11:30:00-05:00,6711,6714.25,6705.25,6713
2025-11-24T11:45:00-05:00,6712.75,6716.25,6703.5,6706.25
2025-11-24T12:00:00-05:00,6706.25,6710.5,6700.25,6704
2025-11-24T12:15:00-05:00,6704.25,6715,6703,6713.25
2025-11-24T12:30:00-05:00,6713,6721.5,6710.75,6720.5
2025-11-24T12:45:00-05:00,6720.25,6725.25,6720,6722
2025-11-24T13:00:00-05:00,6722.25,6729,6722.25,6727.75
2025-11-24T13:15:00-05:00,6728,6729,6723,6723.25
2025-11-24T13:30:00-05:00,6723.5,6725,6719,6724.5
2025-11-24T13:45:00-05:00,6724.75,6726.75,6721,6723.75
2025-11-24T14:00:00-05:00,6723.75,6729.5,6723.5,6725.25
2025-11-24T14:15:00-05:00,6725.5,6727,6719.25,6720.5
2025-11-24T14:30:00-05:00,6720.5,6721.5,6712.75,6716.25
2025-11-24T14:45:00-05:00,6716.25,6718,6710,6714.5
2025-11-24T15:00:00-05:00,6714.5,6725,6714.5,6722.75
2025-11-24T15:15:00-05:00,6722.5,6726.5,6716.75,6720.5
2025-11-24T15:30:00-05:00,6720.5,6726,6718.75,6724.75
2025-11-24T15:45:00-05:00,6724.75,6731.75,6717.25,6718.75
2025-11-24T16:00:00-05:00,6718.5,6726,6715.75,6723.5
2025-11-24T16:15:00-05:00,6723.75,6726,6722.25,6724.25
2025-11-24T16:30:00-05:00,6724.25,6727.5,6723.25,6725.75
2025-11-24T16:45:00-05:00,6725.75,6725.75,6725,6725
2025-11-24T18:00:00-05:00,6726.25,6728.25,6722.5,6724.75
2025-11-24T18:15:00-05:00,6724.75,6725.5,6722,6723.5
2025-11-24T18:30:00-05:00,6723.25,6726.5,6722.25,6725
2025-11-24T18:45:00-05:00,6725,6727.75,6722,6722.25
2025-11-24T19:00:00-05:00,6722,6722,6717,6719.25
2025-11-24T19:15:00-05:00,6719,6720.25,6715.75,6717
2025-11-24T19:30:00-05:00,6717.25,6721.5,6716.5,6718.25
2025-11-24T19:45:00-05:00,6718.25,6724,6717.75,6723.25
2025-11-24T20:00:00-05:00,6723,6724,6720.25,6720.5
2025-11-24T20:15:00-05:00,6720.25,6722,6718,6719.75
2025-11-24T20:30:00-05:00,6719.75,6720.25,6715.75,6716.5
2025-11-24T20:45:00-05:00,6716.25,6716.75,6714.5,6715.25
2025-11-24T21:00:00-05:00,6715.25,6719.25,6715,6718
2025-11-24T21:15:00-05:00,6718,6721.75,6716.5,6717.5
2025-11-24T21:30:00-05:00,6717.25,6720.75,6716.5,6720.25
2025-11-24T21:45:00-05:00,6720.25,6721,6718,6720.5
2025-11-24T22:00:00-05:00,6720.25,6721.5,6719.25,6720.75
2025-11-24T22:15:00-05:00,6720.75,6722,6719.5,6720.5
2025-11-24T22:30:00-05:00,6720.25,6720.75,6715.25,6717.5
2025-11-24T22:45:00-05:00,6717.5,6717.75,6713.5,6715
2025-11-24T23:00:00-05:00,6715.5,6719.5,6714.75,6719.25
2025-11-24T23:15:00-05:00,6719.5,6722.75,6719.25,6719.75
2025-11-24T23:30:00-05:00,6719.5,6720.25,6718,6718.5
2025-11-24T23:45:00-05:00,6718.5,6720.25,6718,6719.75
2025-11-25T00:00:00-05:00,6719.75,6723.25,6718,6723
2025-11-25T00:15:00-05:00,6723,6723.75,6714.75,6715.5
2025-11-25T00:30:00-05:00,6715.5,6719,6715.25,6718.5
2025-11-25T00:45:00-05:00,6718.75,6719,6716.5,6717
2025-11-25T01:00:00-05:00,6716.75,6720.25,6716.75,6718.75
2025-11-25T01:15:00-05:00,6718.75,6718.75,6714.25,6715.5
2025-11-25T01:30:00-05:00,6715.5,6718.25,6714.5,6714.75
2025-11-25T01:45:00-05:00,6714.5,6715.25,6712.25,6713.75
2025-11-25T02:00:00-05:00,6714,6714.5,6710.75,6712.75
2025-11-25T02:15:00-05:00,6713,6714.25,6711.5,6713.25
2025-11-25T02:30:00-05:00,6713.25,6719.25,6712.5,6719.25
2025-11-25T02:45:00-05:00,6719.5,6721.5,6715.75,6718
2025-11-25T03:00:00-05:00,6717.75,6720.5,6711,6711.25
2025-11-25T03:15:00-05:00,6711.75,6719.75,6711.75,6718.75
2025-11-25T03:30:00-05:00,6718.75,6719,6714.75,6715.25
2025-11-25T03:45:00-05:00,6715.25,6715.75,6706.75,6709.25
2025-11-25T04:00:00-05:00,6709.5,6715.75,6708.75,6713.5
2025-11-25T04:15:00-05:00,6713.75,6714.25,6703.5,6703.75
2025-11-25T04:30:00-05:00,6703.5,6709.5,6701.75,6709.25
2025-11-25T04:45:00-05:00,6709.5,6710,6704.25,6708
2025-11-25T05:00:00-05:00,6707.75,6711,6705,6709.5
2025-11-25T05:15:00-05:00,6709.5,6710.75,6705.75,6707.75
2025-11-25T05:30:00-05:00,6707.5,6713.75,6703,6710.5
2025-11-25T05:45:00-05:00,6711,6715.25,6710,6713
2025-11-25T06:00:00-05:00,6713.25,6714.75,6710.25,6713.25
2025-11-25T06:15:00-05:00,6713.5,6713.75,6709,6709.25
2025-11-25T06:30:00-05:00,6709.25,6710.25,6706.5,6709.5
2025-11-25T06:45:00-05:00,6709.25,6712,6706.5,6712
2025-11-25T07:00:00-05:00,6711.75,6721.75,6711,6720.5
2025-11-25T07:15:00-05:00,6720.25,6721.25,6716.5,6720.25
2025-11-25T07:30:00-05:00,6720,6732.5,6712.25,6724.25
2025-11-25T07:45:00-05:00,6724.25,6727,6715,6717.5
2025-11-25T08:00:00-05:00,6717.25,6724.75,6716.75,6721
2025-11-25T08:15:00-05:00,6721,6728,6720.5,6725.5
2025-11-25T08:30:00-05:00,6725.75,6730.5,6714.75,6715.25
2025-11-25T08:45:00-05:00,6715.25,6722,6714.75,6718
2025-11-25T09:00:00-05:00,6718,6719.75,6711.25,6715
2025-11-25T09:15:00-05:00,6714.75,6717,6711.75,6716.75
2025-11-25T09:30:00-05:00,6716.5,6730,6702,6703.75
2025-11-25T09:45:00-05:00,6703.5,6720,6674.5,6718.25
2025-11-25T10:00:00-05:00,6718.75,6719,6689,6707.25
2025-11-25T10:15:00-05:00,6707.25,6716.25,6698,6716
2025-11-25T10:30:00-05:00,6716,6734.75,6714.5,6734.25
2025-11-25T10:45:00-05:00,6734.5,6740.75,6716.5,6728.5
2025-11-25T11:00:00-05:00,6728.5,6729.5,6720.5,6720.75
2025-11-25T11:15:00-05:00,6721,6740,6718.5,6734.25
2025-11-25T11:30:00-05:00,6734.25,6745,6732.5,6741.5
2025-11-25T11:45:00-05:00,6741.5,6749.75,6734.75,6747.5
2025-11-25T12:00:00-05:00,6747.5,6757.5,6747.25,6757.25
2025-11-25T12:15:00-05:00,6757.25,6769.5,6754.25,6763.75
2025-11-25T12:30:00-05:00,6763.75,6774.25,6763.5,6769.25
2025-11-25T12:45:00-05:00,6769.25,6772.25,6762,6763.75
2025-11-25T13:00:00-05:00,6763.75,6768.75,6763,6765.5
2025-11-25T13:15:00-05:00,6765.5,6771,6762.75,6771
2025-11-25T13:30:00-05:00,6771,6772.25,6766.25,6768
2025-11-25T13:45:00-05:00,6768,6774.5,6768,6769
2025-11-25T14:00:00-05:00,6769.25,6770.5,6765.5,6766.5
2025-11-25T14:15:00-05:00,6766.75,6767.75,6757.5,6763.5
2025-11-25T14:30:00-05:00,6763.5,6765.25,6755,6761.25
2025-11-25T14:45:00-05:00,6761.25,6771.5,6759.5,6769.75
2025-11-25T15:00:00-05:00,6769.75,6778.25,6769.5,6774.25
2025-11-25T15:15:00-05:00,6774,6777.75,6773.25,6775.25
2025-11-25T15:30:00-05:00,6775.5,6785.25,6775,6782.25
2025-11-25T15:45:00-05:00,6782.5,6792.5,6780,6780.25
2025-11-25T16:00:00-05:00,6780.25,6784.25,6778.5,6782.75
2025-11-25T16:15:00-05:00,6783,6783.5,6779.75,6780
2025-11-25T16:30:00-05:00,6780,6781.75,6779,6780.25
2025-11-25T16:45:00-05:00,6780,6781.25,6779.5,6780.75
2025-11-25T18:00:00-05:00,6781,6785.5,6779.5,6784
2025-11-25T18:15:00-05:00,6784.25,6784.25,6781.75,6782.75
2025-11-25T18:30:00-05:00,6782.75,6783.5,6781,6781.5
2025-11-25T18:45:00-05:00,6781.5,6784.25,6778.25,6783.25
2025-11-25T19:00:00-05:00,6783.75,6785.75,6780.25,6783.5
2025-11-25T19:15:00-05:00,6783.5,6789.25,6783.25,6788
2025-11-25T19:30:00-05:00,6788.25,6789.25,6786,6787.25
2025-11-25T19:45:00-05:00,6787.25,6790.75,6786.75,6789.75
2025-11-25T20:00:00-05:00,6789.5,6794,6787.75,6793.5
2025-11-25T20:15:00-05:00,6793.5,6797.5,6792.75,6794.25
2025-11-25T20:30:00-05:00,6794.25,6797.75,6792.5,6797.5
2025-11-25T20:45:00-05:00,6797.5,6798,6795,6797.5
2025-11-25T21:00:00-05:00,6797.25,6798.5,6796.5,6797.5
2025-11-25T21:15:00-05:00,6797.5,6799,6795.75,6796.75
2025-11-25T21:30:00-05:00,6796.75,6799,6796.25,6798.25
2025-11-25T21:45:00-05:00,6798,6799.5,6796,6799
2025-11-25T22:00:00-05:00,6799,6801.75,6797.5,6798.5
2025-11-25T22:15:00-05:00,6798.5,6799.25,6797.5,6798.5
2025-11-25T22:30:00-05:00,6798.75,6801.5,6798.5,6798.75
2025-11-25T22:45:00-05:00,6799,6801,6799,6800
2025-11-25T23:00:00-05:00,6800,6801,6798.5,6799.5
2025-11-25T23:15:00-05:00,6799.75,6800.25,6796.5,6796.5
2025-11-25T23:30:00-05:00,6796.5,6797.75,6796,6797
2025-11-25T23:45:00-05:00,6797,6798,6796.75,6797.5
2025-11-26T00:00:00-05:00,6797.25,6802.25,6797.25,6800.75
2025-11-26T00:15:00-05:00,6800.75,6804,6800.5,6802
2025-11-26T00:30:00-05:00,6802.25,6804.25,6802.25,6803.5
2025-11-26T00:45:00-05:00,6803.25,6803.25,6802.25,6803
2025-11-26T01:00:00-05:00,6803,6803.75,6801.75,6802.5
2025-11-26T01:15:00-05:00,6802.5,6803.25,6800.75,6803
2025-11-26T01:30:00-05:00,6803,6806.5,6802.75,6804.25
2025-11-26T01:45:00-05:00,6804.5,6807.25,6804.5,6805
2025-11-26T02:00:00-05:00,6804.75,6807.25,6804.75,6806.25
2025-11-26T02:15:00-05:00,6806.25,6809.75,6805.25,6809.5
2025-11-26T02:30:00-05:00,6809.5,6810.75,6808.25,6809
2025-11-26T02:45:00-05:00,6809,6809.5,6806.75,6807.25
2025-11-26T03:00:00-05:00,6807.25,6807.25,6802.5,6806
2025-11-26T03:15:00-05:00,6806,6809,6803.5,6806.5
2025-11-26T03:30:00-05:00,6806.5,6807.5,6802,6802
2025-11-26T03:45:00-05:00,6802.25,6805.5,6800.25,6800.5
2025-11-26T04:00:00-05:00,6800.25,6801,6794.75,6796.75
2025-11-26T04:15:00-05:00,6796.5,6798.25,6793.25,6794.5
2025-11-26T04:30:00-05:00,6794.5,6800,6794.5,6798.5
2025-11-26T04:45:00-05:00,6798.75,6799.75,6794,6795.25
2025-11-26T05:00:00-05:00,6795.25,6801.5,6795.25,6801.25
2025-11-26T05:15:00-05:00,6801.5,6802.75,6799.5,6799.5
2025-11-26T05:30:00-05:00,6799.25,6803.75,6796.5,6801.25
2025-11-26T05:45:00-05:00,6801.25,6804.25,6800.75,6803.25
2025-11-26T06:00:00-05:00,6803,6804,6800.5,6803.25
2025-11-26T06:15:00-05:00,6803,6805,6801.5,6803.25
2025-11-26T06:30:00-05:00,6803.25,6803.5,6798,6802
2025-11-26T06:45:00-05:00,6802.25,6805,6796.75,6798
2025-11-26T07:00:00-05:00,6797.75,6799.25,6787.25,6789.75
2025-11-26T07:15:00-05:00,6790,6792.5,6787.25,6791.5
2025-11-26T07:30:00-05:00,6791.25,6794.25,6787,6792.25
2025-11-26T07:45:00-05:00,6792.25,6797.5,6792.25,6796.5
2025-11-26T08:00:00-05:00,6796.5,6799.25,6794.75,6798.25
2025-11-26T08:15:00-05:00,6798.25,6803.5,6798.25,6801
2025-11-26T08:30:00-05:00,6800.75,6803.25,6796.5,6801.25
2025-11-26T08:45:00-05:00,6801.5,6804.5,6800.5,6803.75
2025-11-26T09:00:00-05:00,6804,6804,6797.5,6800.5
2025-11-26T09:15:00-05:00,6800.5,6806.75,6799.5,6805
2025-11-26T09:30:00-05:00,6805,6817.25,6803.25,6817
2025-11-26T09:45:00-05:00,6817,6824,6800,6802
2025-11-26T10:00:00-05:00,6802,6814.5,6795.75,6804.75
2025-11-26T10:15:00-05:00,6805,6813.75,6801.25,6810.25
2025-11-26T10:30:00-05:00,6810.25,6821,6810.25,6815
2025-11-26T10:45:00-05:00,6815,6825,6809.5,6824.5
2025-11-26T11:00:00-05:00,6824.75,6833,6823.75,6831
2025-11-26T11:15:00-05:00,6831.25,6838,6829.25,6834.5
2025-11-26T11:30:00-05:00,6834.5,6846.5,6832,6844
2025-11-26T11:45:00-05:00,6844.25,6845,6839,6843
2025-11-26T12:00:00-05:00,6842.75,6845,6835.75,6836.75
2025-11-26T12:15:00-05:00,6836.5,6840.25,6833.5,6838.75
2025-11-26T12:30:00-05:00,6838.5,6845,6838,6844.25
2025-11-26T12:45:00-05:00,6844.5,6846.75,6838.75,6840.5
2025-11-26T13:00:00-05:00,6840.5,6845,6826.75,6838
2025-11-26T13:15:00-05:00,6838,6844.25,6830.75,6840.5
2025-11-26T13:30:00-05:00,6840.75,6840.75,6826.5,6826.75
2025-11-26T13:45:00-05:00,6826.75,6837,6825,6833
2025-11-26T14:00:00-05:00,6833.25,6839.5,6830.5,6836.25
2025-11-26T14:15:00-05:00,6836.25,6842.25,6835.75,6841.5
2025-11-26T14:30:00-05:00,6841.75,6843.25,6834.25,6836.25
2025-11-26T14:45:00-05:00,6836.5,6840.25,6834,6838
2025-11-26T15:00:00-05:00,6838,6843.25,6835,6843.25
2025-11-26T15:15:00-05:00,6843.5,6845.25,6840.5,6841
2025-11-26T15:30:00-05:00,6841.25,6843,6838,6840.5
2025-11-26T15:45:00-05:00,6840.75,6842.75,6825.25,6825.25
2025-11-26T16:00:00-05:00,6825.5,6833.25,6825,6830.25
2025-11-26T16:15:00-05:00,6830.5,6831.25,6829,6829.5
2025-11-26T16:30:00-05:00,6829.25,6829.75,6828,6829
2025-11-26T16:45:00-05:00,6828.75,6830.25,6828.75,6830.25
2025-11-26T18:00:00-05:00,6830.25,6833.5,6827.75,6828.5
2025-11-26T18:15:00-05:00,6828.5,6829.75,6827.5,6828
2025-11-26T18:30:00-05:00,6828,6832,6828,6830.25
2025-11-26T18:45:00-05:00,6830.25,6832.75,6828.25,6829.25
2025-11-26T19:00:00-05:00,6829.25,6832.25,6828.25,6831
2025-11-26T19:15:00-05:00,6831.5,6831.5,6829,6830.75
2025-11-26T19:30:00-05:00,6830.75,6832,6829.5,6830
2025-11-26T19:45:00-05:00,6830,6832.5,6828.75,6832.25
2025-11-26T20:00:00-05:00,6832.25,6833.75,6828.75,6829.75
2025-11-26T20:15:00-05:00,6829.75,6830.25,6827.75,6829.75
2025-11-26T20:30:00-05:00,6829.75,6830,6828,6829.75
2025-11-26T20:45:00-05:00,6829.75,6832.75,6829,6832.75
2025-11-26T21:00:00-05:00,6832.5,6833.5,6831.5,6832.5
2025-11-26T21:15:00-05:00,6832.75,6833.75,6831.25,6832.5
2025-11-26T21:30:00-05:00,6832.5,6833,6829.5,6831
2025-11-26T21:45:00-05:00,6831.25,6831.25,6828.5,6829
2025-11-26T22:00:00-05:00,6829,6829.5,6827.25,6827.5
2025-11-26T22:15:00-05:00,6827.75,6829.75,6827,6827.25
2025-11-26T22:30:00-05:00,6827.25,6828.25,6826.5,6827.75
2025-11-26T22:45:00-05:00,6828,6828.75,6827.25,6828.25
2025-11-26T23:00:00-05:00,6828.5,6829.5,6827.75,6828
2025-11-26T23:15:00-05:00,6828,6829,6827.25,6828.75
2025-11-26T23:30:00-05:00,6829,6830.75,6828.25,6829
2025-11-26T23:45:00-05:00,6829,6830.25,6828.5,6830
2025-11-27T00:00:00-05:00,6830,6832.5,6830,6832
2025-11-27T00:15:00-05:00,6832,6832.75,6831.25,6831.75
2025-11-27T00:30:00-05:00,6831.75,6833.25,6831.75,6832.5
2025-11-27T00:45:00-05:00,6832.5,6832.5,6830.25,6830.75
2025-11-27T01:00:00-05:00,6830.75,6831.25,6828.5,6828.75
2025-11-27T01:15:00-05:00,6828.75,6829.75,6827,6828.75
2025-11-27T01:30:00-05:00,6829,6829,6827.25,6827.75
2025-11-27T01:45:00-05:00,6828,6828.25,6825,6825.5
2025-11-27T02:00:00-05:00,6825.5,6827.5,6825,6827
2025-11-27T02:15:00-05:00,6827.25,6828.75,6826.75,6828
2025-11-27T02:30:00-05:00,6828,6829.5,6825,6828.5
2025-11-27T02:45:00-05:00,6828.5,6830.25,6828,6829.75
2025-11-27T03:00:00-05:00,6829.75,6829.75,6824.25,6828.5
2025-11-27T03:15:00-05:00,6828.5,6832.75,6828.5,6831.75
2025-11-27T03:30:00-05:00,6831.5,6832.5,6829.75,6830
2025-11-27T03:45:00-05:00,6830,6830.5,6826.75,6826.75
2025-11-27T04:00:00-05:00,6826.75,6828.5,6825.75,6826.25
2025-11-27T04:15:00-05:00,6826.25,6829.5,6826,6829.5
2025-11-27T04:30:00-05:00,6829.75,6831.5,6829,6829.75
2025-11-27T04:45:00-05:00,6829.75,6830,6825,6825.25
2025-11-27T05:00:00-05:00,6825.25,6827.5,6824.25,6826.5
2025-11-27T05:15:00-05:00,6826.75,6828,6825.5,6826.5
2025-11-27T05:30:00-05:00,6826.75,6828.25,6825.75,6828.25
2025-11-27T05:45:00-05:00,6828.25,6828.75,6827.25,6828.5
2025-11-27T06:00:00-05:00,6828.5,6829.5,6826,6827.25
2025-11-27T06:15:00-05:00,6827.25,6828,6825.25,6826.25
2025-11-27T06:30:00-05:00,6826.25,6829.25,6825.5,6828.75
2025-11-27T06:45:00-05:00,6829,6829.5,6826.75,6827.5
2025-11-27T07:00:00-05:00,6827.5,6830.25,6826.75,6829.5
2025-11-27T07:15:00-05:00,6829.25,6829.5,6827.5,6827.75
2025-11-27T07:30:00-05:00,6827.75,6829,6826.5,6826.75
2025-11-27T07:45:00-05:00,6826.75,6828.5,6826.5,6827
2025-11-27T08:00:00-05:00,6827,6828,6824.75,6825.5
2025-11-27T08:15:00-05:00,6825.25,6826.75,6824.75,6826.5
2025-11-27T08:30:00-05:00,6826.5,6830,6826.5,6829.5
2025-11-27T08:45:00-05:00,6829.5,6829.75,6827.75,6828
2025-11-27T09:00:00-05:00,6827.75,6829,6826.25,6828.5
2025-11-27T09:15:00-05:00,6828.25,6830.5,6828.25,6829
2025-11-27T09:30:00-05:00,6829.25,6831.75,6826.5,6828.25
2025-11-27T09:45:00-05:00,6828.5,6828.75,6825.75,6827.5
2025-11-27T10:00:00-05:00,6827.5,6829,6826,6828.75
2025-11-27T10:15:00-05:00,6828.75,6828.75,6827.25,6827.75
2025-11-27T10:30:00-05:00,6827.75,6827.75,6825,6826.5
2025-11-27T10:45:00-05:00,6826.25,6827.5,6826.25,6827
2025-11-27T11:00:00-05:00,6827,6827.5,6825,6826.5
2025-11-27T11:15:00-05:00,6826.5,6828.5,6826,6828
2025-11-27T11:30:00-05:00,6828.25,6828.75,6827.5,6828.5
2025-11-27T11:45:00-05:00,6828.25,6828.5,6825,6827
2025-11-27T12:00:00-05:00,6826.75,6827.5,6825.5,6826
2025-11-27T12:15:00-05:00,6826,6827,6825.75,6826.5
2025-11-27T12:30:00-05:00,6826.75,6828,6826.75,6828
2025-11-27T12:45:00-05:00,6828.25,6828.5,6827,6828
2025-11-27T18:00:00-05:00,6829,6834,6828.75,6832.5
2025-11-27T18:15:00-05:00,6832.25,6835.25,6830.5,6834.75
2025-11-27T18:30:00-05:00,6834.5,6834.5,6832.5,6833.75
2025-11-27T18:45:00-05:00,6833.5,6836.75,6833.5,6836.5
2025-11-27T19:00:00-05:00,6836.5,6838.75,6835,6838.25
2025-11-27T19:15:00-05:00,6838.25,6839.25,6836.75,6837.25
2025-11-27T19:30:00-05:00,6837.25,6838.25,6836,6836.25
2025-11-27T19:45:00-05:00,6836.25,6837.5,6835,6836.25
2025-11-27T20:00:00-05:00,6836.75,6840.5,6836,6839.5
2025-11-27T20:15:00-05:00,6839.5,6841.25,6838.75,6840
2025-11-27T20:30:00-05:00,6839.75,6839.75,6834.5,6835
2025-11-27T20:45:00-05:00,6835.5,6837,6834.75,6835.25
2025-11-27T21:00:00-05:00,6835.25,6836.25,6832.25,6832.5
2025-11-27T21:15:00-05:00,6833.25,6836.75,6832.5,6836.25
2025-11-27T21:30:00-05:00,6836.25,6837.25,6834.75,6835
2025-11-28T08:30:00-05:00,6841.75,6844.5,6836,6841.25
2025-11-28T08:45:00-05:00,6841,6842.75,6836.75,6837.25
2025-11-28T09:00:00-05:00,6837,6839.75,6836.25,6836.5
2025-11-28T09:15:00-05:00,6836.75,6837.75,6833,6834.25
2025-11-28T09:30:00-05:00,6834.25,6844.25,6831.25,6838.5
2025-11-28T09:45:00-05:00,6838.5,6842.25,6834.75,6838.5
2025-11-28T10:00:00-05:00,6838.75,6844,6836.5,6842.5
2025-11-28T10:15:00-05:00,6842.5,6850,6841,6843.25
2025-11-28T10:30:00-05:00,6843.25,6849.75,6842.5,6848
2025-11-28T10:45:00-05:00,6848,6852.5,6846.25,6851
2025-11-28T11:00:00-05:00,6851,6855.5,6849.25,6854.5
2025-11-28T11:15:00-05:00,6854.75,6856,6842.5,6848
2025-11-28T11:30:00-05:00,6848.25,6854.75,6844.25,6852.5
2025-11-28T11:45:00-05:00,6852.5,6856,6851.25,6854.25
2025-11-28T12:00:00-05:00,6854.5,6856.75,6850.5,6854
2025-11-28T12:15:00-05:00,6854.25,6855.25,6849,6850
2025-11-28T12:30:00-05:00,6849.75,6852,6845.5,6846
2025-11-28T12:45:00-05:00,6845.75,6863.75,6845.25,6860.5
2025-11-28T13:00:00-05:00,6860.25,6863.5,6855.25,6857.25
2025-11-30T18:00:00-05:00,6854.75,6863,6854.25,6858.75
2025-11-30T18:15:00-05:00,6859,6864.5,6858.25,6860.5
2025-11-30T18:30:00-05:00,6860.25,6860.5,6848.75,6849.25
2025-11-30T18:45:00-05:00,6848.75,6853.75,6848.5,6853
2025-11-30T19:00:00-05:00,6853,6854.5,6842.5,6844.5
2025-11-30T19:15:00-05:00,6844.25,6846.75,6835,6839.5
2025-11-30T19:30:00-05:00,6839.5,6840.75,6832,6833.75
2025-11-30T19:45:00-05:00,6833.75,6833.75,6826.25,6828.75
2025-11-30T20:00:00-05:00,6828.75,6830.5,6817.25,6821.25
2025-11-30T20:15:00-05:00,6821.25,6829.25,6820.75,6826.25
2025-11-30T20:30:00-05:00,6826.5,6829,6822.5,6828.75
2025-11-30T20:45:00-05:00,6828.5,6831,6825.25,6825.25
2025-11-30T21:00:00-05:00,6825.5,6827,6822.75,6823.25
2025-11-30T21:15:00-05:00,6823.25,6824.25,6819.75,6821.75
2025-11-30T21:30:00-05:00,6821.75,6825,6819.5,6820
2025-11-30T21:45:00-05:00,6820.25,6822,6817.25,6819.75
2025-11-30T22:00:00-05:00,6819.5,6819.75,6813.25,6814.25
2025-11-30T22:15:00-05:00,6814,6816,6812.5,6815.25
2025-11-30T22:30:00-05:00,6815,6815.25,6811.5,6814.75
2025-11-30T22:45:00-05:00,6814.75,6817.5,6813.5,6814.75
2025-11-30T23:00:00-05:00,6814.75,6815.75,6812.25,6812.75
2025-11-30T23:15:00-05:00,6812.5,6814.25,6811,6812
2025-11-30T23:30:00-05:00,6812,6813.75,6810.5,6812.25
2025-11-30T23:45:00-05:00,6812,6812.75,6807.75,6807.75
2025-12-01T00:00:00-05:00,6808,6808.5,6803.75,6806
2025-12-01T00:15:00-05:00,6805.75,6807,6803.75,6804.5
2025-12-01T00:30:00-05:00,6804.5,6806.75,6802,6805
2025-12-01T00:45:00-05:00,6805.25,6812.5,6805.25,6811.75
2025-12-01T01:00:00-05:00,6811.5,6813,6808.25,6810.75
2025-12-01T01:15:00-05:00,6811,6814,6809.5,6813
2025-12-01T01:30:00-05:00,6813,6815.25,6810,6815
2025-12-01T01:45:00-05:00,6815,6815.5,6812.75,6815.25
2025-12-01T02:00:00-05:00,6815,6816.5,6810,6810.25
2025-12-01T02:15:00-05:00,6810.5,6817.5,6808.75,6816.25
2025-12-01T02:30:00-05:00,6816.5,6817.5,6812.25,6814.5
2025-12-01T02:45:00-05:00,6814.5,6817.5,6813.5,6816
2025-12-01T03:00:00-05:00,6815.75,6822,6812.25,6820.75
2025-12-01T03:15:00-05:00,6821,6827.5,6821,6825
2025-12-01T03:30:00-05:00,6825.25,6827,6821.75,6826.75
2025-12-01T03:45:00-05:00,6826.75,6827,6822.75,6823
2025-12-01T04:00:00-05:00,6823,6829.75,6821.5,6825.75
2025-12-01T04:15:00-05:00,6826,6827.75,6822.25,6825.5
2025-12-01T04:30:00-05:00,6825.25,6825.5,6818,6820
2025-12-01T04:45:00-05:00,6820,6821.25,6815,6816.25
2025-12-01T05:00:00-05:00,6816.5,6824.25,6816.25,6823.25
2025-12-01T05:15:00-05:00,6823,6825.25,6821.25,6822.75
2025-12-01T05:30:00-05:00,6822.5,6824.75,6820.5,6824.25
2025-12-01T05:45:00-05:00,6824.5,6825.75,6820,6820.5
2025-12-01T06:00:00-05:00,6820.5,6821.75,6815.75,6820
2025-12-01T06:15:00-05:00,6820,6821.5,6816.75,6818.25
2025-12-01T06:30:00-05:00,6818.25,6820.25,6815.75,6816
2025-12-01T06:45:00-05:00,6816.25,6820.75,6816,6819.5
2025-12-01T07:00:00-05:00,6819.75,6821.25,6810.25,6815
2025-12-01T07:15:00-05:00,6815,6816.75,6810.5,6812
2025-12-01T07:30:00-05:00,6812,6812.5,6808.25,6809.5
2025-12-01T07:45:00-05:00,6809.5,6812.25,6805,6808.75
2025-12-01T08:00:00-05:00,6809,6815,6807,6813.75
2025-12-01T08:15:00-05:00,6813.75,6817.25,6812,6814.25
2025-12-01T08:30:00-05:00,6814.25,6818.25,6811.5,6816.5
2025-12-01T08:45:00-05:00,6816.75,6817.75,6812.75,6817.25
2025-12-01T09:00:00-05:00,6817.25,6823,6815.75,6822.75
2025-12-01T09:15:00-05:00,6822.75,6823,6811.75,6813.5
2025-12-01T09:30:00-05:00,6813.5,6828.5,6812.75,6818
2025-12-01T09:45:00-05:00,6818,6844.25,6816.5,6839.75
2025-12-01T10:00:00-05:00,6840.25,6843.25,6831.5,6833.5
2025-12-01T10:15:00-05:00,6833.75,6836,6821,6823.75
2025-12-01T10:30:00-05:00,6823.75,6830,6813.75,6826.75
2025-12-01T10:45:00-05:00,6826.75,6844,6824.25,6842.25
2025-12-01T11:00:00-05:00,6842.25,6843.5,6829.25,6831.25
2025-12-01T11:15:00-05:00,6831.25,6838.5,6826.75,6836.25
2025-12-01T11:30:00-05:00,6836.5,6848.75,6836,6846.25
2025-12-01T11:45:00-05:00,6846.25,6850,6842.75,6845
2025-12-01T12:00:00-05:00,6845,6850.75,6843.75,6844
2025-12-01T12:15:00-05:00,6844.25,6847.5,6838.5,6845.75
2025-12-01T12:30:00-05:00,6845.5,6851.5,6843,6851.5
2025-12-01T12:45:00-05:00,6851.5,6853.5,6844.25,6846
2025-12-01T13:00:00-05:00,6846,6852.75,6845.25,6852
2025-12-01T13:15:00-05:00,6851.75,6853.5,6848.75,6850.5
2025-12-01T13:30:00-05:00,6850.5,6854.25,6850.5,6853.5
2025-12-01T13:45:00-05:00,6853.5,6855.75,6852.25,6853.75
2025-12-01T14:00:00-05:00,6854,6854.25,6840.75,6845.25
2025-12-01T14:15:00-05:00,6845.25,6845.5,6830.5,6831.5
2025-12-01T14:30:00-05:00,6831.75,6836.5,6823.75,6828
2025-12-01T14:45:00-05:00,6828,6831.75,6825.25,6827.75
2025-12-01T15:00:00-05:00,6827.5,6835.75,6825.75,6834.75
2025-12-01T15:15:00-05:00,6834.5,6835,6828.25,6832.5
2025-12-01T15:30:00-05:00,6832.75,6836,6828,6835.25
2025-12-01T15:45:00-05:00,6835.25,6836.25,6819.25,6829
2025-12-01T16:00:00-05:00,6829,6830,6824.75,6825.75
2025-12-01T16:15:00-05:00,6825.5,6829.25,6825.5,6828
2025-12-01T16:30:00-05:00,6828,6828.25,6826.75,6827.5
2025-12-01T16:45:00-05:00,6827.5,6828.25,6826.5,6826.75
2025-12-01T18:00:00-05:00,6829,6831.25,6822,6823.75
2025-12-01T18:15:00-05:00,6823.75,6830.75,6823.25,6829.25
2025-12-01T18:30:00-05:00,6829.25,6831,6827.5,6828.25
2025-12-01T18:45:00-05:00,6828.25,6829,6824.25,6825
2025-12-01T19:00:00-05:00,6825,6826.75,6822,6825
2025-12-01T19:15:00-05:00,6825,6826.5,6823.25,6825.75
2025-12-01T19:30:00-05:00,6825.75,6829,6825.5,6827.25
2025-12-01T19:45:00-05:00,6827.25,6827.5,6825.75,6826.5
2025-12-01T20:00:00-05:00,6826.25,6833,6825,6831.25
2025-12-01T20:15:00-05:00,6831,6833.25,6830.75,6831.75
2025-12-01T20:30:00-05:00,6831.75,6831.75,6827.5,6828
2025-12-01T20:45:00-05:00,6828,6829.25,6827,6827.25
2025-12-01T21:00:00-05:00,6827,6827.5,6823,6825
2025-12-01T21:15:00-05:00,6825.25,6826.75,6824.75,6825.25
2025-12-01T21:30:00-05:00,6825.25,6828.5,6823.5,6828.5
2025-12-01T21:45:00-05:00,6828.5,6831,6828,6829.25
2025-12-01T22:00:00-05:00,6829,6829.5,6826,6826.25
2025-12-01T22:15:00-05:00,6826,6826,6818,6819.25
2025-12-01T22:30:00-05:00,6819.25,6821.75,6815.25,6821.75
2025-12-01T22:45:00-05:00,6821.5,6827.25,6819.75,6824.25
2025-12-01T23:00:00-05:00,6824.25,6825.75,6823.25,6825.25
2025-12-01T23:15:00-05:00,6825,6825.25,6823.5,6824.25
2025-12-01T23:30:00-05:00,6824.25,6825.75,6823.5,6824.25
2025-12-01T23:45:00-05:00,6824,6824.5,6819.75,6820.75
2025-12-02T00:00:00-05:00,6821,6823,6819.75,6820.25
2025-12-02T00:15:00-05:00,6820.25,6822.25,6818.75,6820.75
2025-12-02T00:30:00-05:00,6821,6821.75,6819.5,6819.75
2025-12-02T00:45:00-05:00,6819.75,6821.5,6819.5,6820.75
2025-12-02T01:00:00-05:00,6820.75,6820.75,6815.75,6817
2025-12-02T01:15:00-05:00,6817,6817.75,6814.25,6815
2025-12-02T01:30:00-05:00,6815,6819.25,6815,6819
2025-12-02T01:45:00-05:00,6819,6824,6818.75,6821
2025-12-02T02:00:00-05:00,6821,6823.75,6821,6822.75
2025-12-02T02:15:00-05:00,6823,6824.5,6821.75,6824.25
2025-12-02T02:30:00-05:00,6824.25,6825,6817.5,6819.5
2025-12-02T02:45:00-05:00,6819.5,6820.25,6818,6819.25
2025-12-02T03:00:00-05:00,6819,6819.5,6812.25,6818.25
2025-12-02T03:15:00-05:00,6818.5,6820,6816.5,6819
2025-12-02T03:30:00-05:00,6819.25,6824,6818.5,6823.5
2025-12-02T03:45:00-05:00,6823.75,6830.75,6823.75,6829.5
2025-12-02T04:00:00-05:00,6829.5,6834.5,6829.25,6833
2025-12-02T04:15:00-05:00,6833.25,6837,6832,6835.5
2025-12-02T04:30:00-05:00,6835.5,6835.75,6830.75,6832.25
2025-12-02T04:45:00-05:00,6832,6836.5,6830.25,6834.5
2025-12-02T05:00:00-05:00,6834.25,6837.5,6834.25,6836.25
2025-12-02T05:15:00-05:00,6836.25,6839,6833.25,6837.25
2025-12-02T05:30:00-05:00,6837,6841.5,6836.75,6841.25
2025-12-02T05:45:00-05:00,6841.5,6846.75,6841,6845
2025-12-02T06:00:00-05:00,6845.25,6846,6843,6845
2025-12-02T06:15:00-05:00,6845,6847.25,6844,6847.25
2025-12-02T06:30:00-05:00,6847.25,6849,6843.75,6845.25
2025-12-02T06:45:00-05:00,6845.25,6846.25,6842.5,6843.5
2025-12-02T07:00:00-05:00,6843.25,6845,6839.5,6841.75
2025-12-02T07:15:00-05:00,6842,6844.5,6840.75,6843.75
2025-12-02T07:30:00-05:00,6843.75,6843.75,6837,6839
2025-12-02T07:45:00-05:00,6839.5,6845.75,6838.25,6845.5
2025-12-02T08:00:00-05:00,6845.25,6845.5,6842.25,6844.5
2025-12-02T08:15:00-05:00,6844.5,6845.5,6842.25,6845
2025-12-02T08:30:00-05:00,6845,6848,6842.25,6847
2025-12-02T08:45:00-05:00,6847,6848.5,6843,6848.5
2025-12-02T09:00:00-05:00,6848.25,6851.5,6847.5,6849.25
2025-12-02T09:15:00-05:00,6849.25,6849.75,6842.75,6844
2025-12-02T09:30:00-05:00,6844.25,6854.75,6841.25,6849
2025-12-02T09:45:00-05:00,6849.25,6850.75,6839.75,6848.25
2025-12-02T10:00:00-05:00,6848.25,6857.75,6847.25,6854.75
2025-12-02T10:15:00-05:00,6854.75,6857.5,6838.75,6840.75
2025-12-02T10:30:00-05:00,6840.5,6853.5,6833.25,6852
2025-12-02T10:45:00-05:00,6852,6862,6850.5,6860.25
2025-12-02T11:00:00-05:00,6860.25,6863.5,6836.75,6840.25
2025-12-02T11:15:00-05:00,6840.5,6843.5,6821.25,6824.75
2025-12-02T11:30:00-05:00,6824.5,6837.25,6818,6829
2025-12-02T11:45:00-05:00,6829,6837.5,6826.5,6830.5
2025-12-02T12:00:00-05:00,6830.5,6838.75,6829.5,6837.25
2025-12-02T12:15:00-05:00,6837.25,6851.25,6836.75,6849.25
2025-12-02T12:30:00-05:00,6849.25,6853.25,6844,6847.75
2025-12-02T12:45:00-05:00,6847.5,6849.25,6826,6826.25
2025-12-02T13:00:00-05:00,6826,6839.75,6824.25,6832.5
2025-12-02T13:15:00-05:00,6832.5,6840.75,6830,6835.25
2025-12-02T13:30:00-05:00,6835,6838.5,6826.75,6831.75
2025-12-02T13:45:00-05:00,6831.75,6838.25,6828.75,6835.75
2025-12-02T14:00:00-05:00,6835.5,6844.25,6834,6841.75
2025-12-02T14:15:00-05:00,6841.5,6843.5,6832.25,6838.5
2025-12-02T14:30:00-05:00,6838.5,6843.75,6837.75,6840
2025-12-02T14:45:00-05:00,6840.25,6850.75,6839,6848
2025-12-02T15:00:00-05:00,6848.25,6851.5,6844.75,6849
2025-12-02T15:15:00-05:00,6849.25,6851.75,6848,6849.75
2025-12-02T15:30:00-05:00,6849.5,6853.5,6846.75,6849.25
2025-12-02T15:45:00-05:00,6849.5,6852.5,6838,6839.25
2025-12-02T16:00:00-05:00,6839.25,6842.25,6838,6840
2025-12-02T16:15:00-05:00,6840.25,6842.75,6839,6842.5
2025-12-02T16:30:00-05:00,6842.5,6842.75,6840.5,6840.5
2025-12-02T16:45:00-05:00,6840.5,6843,6840,6842.75
2025-12-02T18:00:00-05:00,6843,6845.5,6841.5,6842.75
2025-12-02T18:15:00-05:00,6842.5,6846.75,6842,6845.75
2025-12-02T18:30:00-05:00,6845.75,6846.5,6844.25,6845.25
2025-12-02T18:45:00-05:00,6845.75,6847.75,6844,6845.75
2025-12-02T19:00:00-05:00,6846,6848.75,6845,6846
2025-12-02T19:15:00-05:00,6846,6847.25,6837.25,6838.5
2025-12-02T19:30:00-05:00,6838.25,6843.75,6837.75,6843.75
2025-12-02T19:45:00-05:00,6843.75,6850.75,6843.5,6848.5
2025-12-02T20:00:00-05:00,6848.5,6850.75,6847.5,6850
2025-12-02T20:15:00-05:00,6849.75,6850.75,6848,6849.5
2025-12-02T20:30:00-05:00,6849.25,6851.75,6849,6850.25
2025-12-02T20:45:00-05:00,6850.25,6851,6848.5,6849.75
2025-12-02T21:00:00-05:00,6849.5,6852.5,6848.75,6852.25
2025-12-02T21:15:00-05:00,6852.25,6855.75,6851.5,6854
2025-12-02T21:30:00-05:00,6854,6854,6850,6850.75
2025-12-02T21:45:00-05:00,6850.75,6852.5,6850.25,6852
2025-12-02T22:00:00-05:00,6851.75,6852.25,6849.75,6851.75
2025-12-02T22:15:00-05:00,6851.75,6855,6851.75,6855
2025-12-02T22:30:00-05:00,6855,6857,6855,6856.25
2025-12-02T22:45:00-05:00,6856.25,6856.5,6854.75,6855.75
2025-12-02T23:00:00-05:00,6855.75,6856.75,6855,6856
2025-12-02T23:15:00-05:00,6856,6856.25,6855.25,6855.5
2025-12-02T23:30:00-05:00,6855.25,6855.5,6854.5,6855
2025-12-02T23:45:00-05:00,6855,6855.5,6854,6854.5
2025-12-03T00:00:00-05:00,6854.25,6856.75,6854,6856.5
2025-12-03T00:15:00-05:00,6856.5,6857.75,6855.75,6856.75
2025-12-03T00:30:00-05:00,6856.75,6857,6853.75,6854.5
2025-12-03T00:45:00-05:00,6854.25,6855.25,6852.75,6853.5
2025-12-03T01:00:00-05:00,6853.75,6854.75,6852,6853
2025-12-03T01:15:00-05:00,6853,6853.75,6851.5,6852
2025-12-03T01:30:00-05:00,6852,6853.75,6849.25,6853
2025-12-03T01:45:00-05:00,6853,6856.25,6851.75,6853.25
2025-12-03T02:00:00-05:00,6853,6855.5,6852.75,6855
2025-12-03T02:15:00-05:00,6855.25,6857,6854.75,6855.5
2025-12-03T02:30:00-05:00,6855.5,6855.75,6851.25,6851.25
2025-12-03T02:45:00-05:00,6851.5,6854,6850.25,6852.5
2025-12-03T03:00:00-05:00,6852.5,6855,6851.5,6852.75
2025-12-03T03:15:00-05:00,6853,6853.25,6846.75,6847.75
2025-12-03T03:30:00-05:00,6848.25,6852,6845.75,6851.5
2025-12-03T03:45:00-05:00,6851.5,6856,6850.5,6855.25
2025-12-03T04:00:00-05:00,6855.25,6855.5,6847.75,6850.5
2025-12-03T04:15:00-05:00,6850.5,6850.75,6847.5,6848.25
2025-12-03T04:30:00-05:00,6848.5,6852.75,6847,6850.25
2025-12-03T04:45:00-05:00,6850,6852.75,6849.75,6852
2025-12-03T05:00:00-05:00,6852,6854.5,6851.5,6853
2025-12-03T05:15:00-05:00,6853,6854.25,6852.5,6853.75
2025-12-03T05:30:00-05:00,6853.75,6853.75,6849.75,6851.5
2025-12-03T05:45:00-05:00,6851.5,6851.5,6846.5,6849.75
2025-12-03T06:00:00-05:00,6849.75,6851,6847,6849.75
2025-12-03T06:15:00-05:00,6849.5,6853.25,6849,6852.75
2025-12-03T06:30:00-05:00,6852.75,6853.75,6851.5,6852.5
2025-12-03T06:45:00-05:00,6852.5,6853.75,6850.25,6850.5
2025-12-03T07:00:00-05:00,6850.25,6854.25,6846.5,6853.5
2025-12-03T07:15:00-05:00,6853.5,6856,6852.5,6855.5
2025-12-03T07:30:00-05:00,6855.75,6859,6855.5,6858.5
2025-12-03T07:45:00-05:00,6858.25,6860.5,6858,6858
2025-12-03T08:00:00-05:00,6858,6861.75,6858,6861.5
2025-12-03T08:15:00-05:00,6861.75,6862.25,6854,6858.5
2025-12-03T08:30:00-05:00,6858.5,6860.5,6856.75,6858.5
2025-12-03T08:45:00-05:00,6858.5,6860.5,6855.25,6855.5
2025-12-03T09:00:00-05:00,6855.5,6856.5,6817.5,6820
2025-12-03T09:15:00-05:00,6820,6831.5,6818,6829.5
2025-12-03T09:30:00-05:00,6829.25,6838.75,6822.75,6832.5
2025-12-03T09:45:00-05:00,6832.25,6835.5,6820.25,6832.75
2025-12-03T10:00:00-05:00,6832.75,6847.25,6831,6836
2025-12-03T10:15:00-05:00,6836,6845,6834,6840.5
2025-12-03T10:30:00-05:00,6840.25,6853.5,6837,6850.25
2025-12-03T10:45:00-05:00,6850.25,6853,6844.25,6847
2025-12-03T11:00:00-05:00,6847,6853.75,6840.25,6844.25
2025-12-03T11:15:00-05:00,6844,6852,6843,6847.75
2025-12-03T11:30:00-05:00,6847.75,6859.5,6846.5,6856
2025-12-03T11:45:00-05:00,6856,6857.25,6840,6845.75
2025-12-03T12:00:00-05:00,6846,6854.5,6844.75,6853.75
2025-12-03T12:15:00-05:00,6854,6861,6852.25,6859.5
2025-12-03T12:30:00-05:00,6859.5,6861.5,6856.5,6860.75
2025-12-03T12:45:00-05:00,6860.5,6865,6858.25,6863
2025-12-03T13:00:00-05:00,6862.75,6866,6861,6864.25
2025-12-03T13:15:00-05:00,6864.5,6864.75,6858.75,6863.5
2025-12-03T13:30:00-05:00,6863.5,6869.25,6863.25,6868.5
2025-12-03T13:45:00-05:00,6868.5,6869,6861.75,6863
2025-12-03T14:00:00-05:00,6863,6868.5,6862.25,6867.75
2025-12-03T14:15:00-05:00,6867.75,6868.5,6865,6867.25
2025-12-03T14:30:00-05:00,6867.25,6870.25,6865.5,6869.75
2025-12-03T14:45:00-05:00,6869.75,6871.75,6868.25,6870.25
2025-12-03T15:00:00-05:00,6870.25,6873.25,6868.5,6871.25
2025-12-03T15:15:00-05:00,6871.25,6872.25,6865.75,6869.25
2025-12-03T15:30:00-05:00,6869,6869.5,6865.5,6868.5
2025-12-03T15:45:00-05:00,6868.5,6870,6859.25,6862.5
2025-12-03T16:00:00-05:00,6862.5,6865,6861.5,6864.25
2025-12-03T16:15:00-05:00,6864,6864.75,6862.75,6862.75
2025-12-03T16:30:00-05:00,6862.5,6864.5,6862.25,6863.75
2025-12-03T16:45:00-05:00,6863.75,6865.25,6863.25,6864.75
2025-12-03T18:00:00-05:00,6866,6866,6861,6862.5
2025-12-03T18:15:00-05:00,6862.5,6864.75,6862.5,6864
2025-12-03T18:30:00-05:00,6863.5,6865,6863.25,6864.25
2025-12-03T18:45:00-05:00,6864.5,6864.5,6861.75,6863.5
2025-12-03T19:00:00-05:00,6863.5,6866.75,6862.25,6865
2025-12-03T19:15:00-05:00,6865,6865.75,6863.75,6864.25
2025-12-03T19:30:00-05:00,6864.25,6865.25,6864,6864
2025-12-03T19:45:00-05:00,6864,6864.25,6857.75,6859.5
2025-12-03T20:00:00-05:00,6859.5,6865,6858.75,6863.5
2025-12-03T20:15:00-05:00,6863.5,6865,6862.25,6865
2025-12-03T20:30:00-05:00,6864.75,6864.75,6861.5,6862.5
2025-12-03T20:45:00-05:00,6862.75,6863,6860,6861.25
2025-12-03T21:00:00-05:00,6861.25,6862.25,6858.25,6858.75
2025-12-03T21:15:00-05:00,6858.5,6861.5,6857.5,6860.5
2025-12-03T21:30:00-05:00,6860.5,6862,6860.25,6861
2025-12-03T21:45:00-05:00,6861.25,6864.5,6860.75,6863.25
2025-12-03T22:00:00-05:00,6863.25,6863.25,6860.25,6862
2025-12-03T22:15:00-05:00,6861.75,6861.75,6859,6859.5
2025-12-03T22:30:00-05:00,6859.5,6859.75,6857,6858.75
2025-12-03T22:45:00-05:00,6858.75,6860.75,6858.25,6860.5
2025-12-03T23:00:00-05:00,6860.25,6861.5,6859.5,6861
2025-12-03T23:15:00-05:00,6861.25,6861.25,6858.5,6860.5
2025-12-03T23:30:00-05:00,6860.5,6863,6860,6862.75
2025-12-03T23:45:00-05:00,6862.75,6863.5,6861.75,6862.75
2025-12-04T00:00:00-05:00,6863,6864.25,6862,6864
2025-12-04T00:15:00-05:00,6864,6864.5,6860.75,6861.25
2025-12-04T00:30:00-05:00,6861.25,6863,6861,6862.5
2025-12-04T00:45:00-05:00,6862.25,6863.5,6862,6862.75
2025-12-04T01:00:00-05:00,6863,6865,6862.75,6863.25
2025-12-04T01:15:00-05:00,6863,6864.5,6861.75,6864.25
2025-12-04T01:30:00-05:00,6864.5,6865.25,6863.75,6864.5
2025-12-04T01:45:00-05:00,6864.5,6866.25,6864.25,6865.25
2025-12-04T02:00:00-05:00,6865.25,6868.5,6864.5,6865
2025-12-04T02:15:00-05:00,6865,6867.75,6865,6866.5
2025-12-04T02:30:00-05:00,6866.5,6866.5,6864.5,6865
2025-12-04T02:45:00-05:00,6865.25,6867,6864.5,6865.5
2025-12-04T03:00:00-05:00,6865.5,6865.5,6859,6861
2025-12-04T03:15:00-05:00,6861,6862.75,6854.25,6857
2025-12-04T03:30:00-05:00,6856.75,6861.75,6855.75,6860
2025-12-04T03:45:00-05:00,6860.25,6861.75,6858,6858.75
2025-12-04T04:00:00-05:00,6859,6862.75,6858,6859.75
2025-12-04T04:15:00-05:00,6859.5,6862.5,6855.75,6862.5
2025-12-04T04:30:00-05:00,6862.75,6870,6862.5,6868.25
2025-12-04T04:45:00-05:00,6868.5,6869.25,6866.25,6868.25
2025-12-04T05:00:00-05:00,6868.5,6869.25,6866.75,6867
2025-12-04T05:15:00-05:00,6867,6868.25,6866.5,6867.75
2025-12-04T05:30:00-05:00,6867.5,6867.5,6863,6863.75
2025-12-04T05:45:00-05:00,6863.75,6864.5,6861.5,6862.5
2025-12-04T06:00:00-05:00,6862.5,6864.25,6860.5,6862.25
2025-12-04T06:15:00-05:00,6862,6862.75,6860,6861.5
2025-12-04T06:30:00-05:00,6861.5,6864.5,6860.75,6862.25
2025-12-04T06:45:00-05:00,6862.25,6865.75,6861.5,6865.25
2025-12-04T07:00:00-05:00,6865.5,6868.5,6864.5,6868.25
2025-12-04T07:15:00-05:00,6868.25,6869.5,6867.25,6868.25
2025-12-04T07:30:00-05:00,6868.25,6870.25,6867,6869.75
2025-12-04T07:45:00-05:00,6869.5,6871.25,6867.5,6868.25
2025-12-04T08:00:00-05:00,6868.25,6868.25,6864.5,6864.75
2025-12-04T08:15:00-05:00,6864.75,6869,6864.5,6868
2025-12-04T08:30:00-05:00,6868,6871,6863,6864.75
2025-12-04T08:45:00-05:00,6864.75,6865.75,6862,6864.25
2025-12-04T09:00:00-05:00,6864.25,6880,6864.25,6879.75
2025-12-04T09:15:00-05:00,6880,6880.75,6874.25,6876.25
2025-12-04T09:30:00-05:00,6876.25,6876.75,6859.5,6861.5
2025-12-04T09:45:00-05:00,6861.5,6864.25,6850.25,6853.5
2025-12-04T10:00:00-05:00,6853.5,6858.25,6849.25,6854.5
2025-12-04T10:15:00-05:00,6854.5,6861.25,6844.5,6858.75
2025-12-04T10:30:00-05:00,6859,6868.75,6856.75,6865.25
2025-12-04T10:45:00-05:00,6865.5,6866.5,6854.25,6855.75
2025-12-04T11:00:00-05:00,6856,6859,6845,6853.25
2025-12-04T11:15:00-05:00,6853.5,6860.5,6851,6856.5
2025-12-04T11:30:00-05:00,6856.25,6859.5,6851.5,6852.75
2025-12-04T11:45:00-05:00,6852.75,6868.75,6852.75,6867.25
2025-12-04T12:00:00-05:00,6867,6868.75,6856.5,6864.25
2025-12-04T12:15:00-05:00,6864.25,6866.25,6861.25,6863.25
2025-12-04T12:30:00-05:00,6863.5,6866.75,6859,6864.75
2025-12-04T12:45:00-05:00,6865,6868,6863.5,6866
2025-12-04T13:00:00-05:00,6866,6867.25,6857.75,6863.5
2025-12-04T13:15:00-05:00,6863.5,6871,6862.75,6870
2025-12-04T13:30:00-05:00,6869.75,6870.75,6862.25,6864.25
2025-12-04T13:45:00-05:00,6864.25,6866.75,6863.25,6864.25
2025-12-04T14:00:00-05:00,6864.25,6865.5,6857,6859.5
2025-12-04T14:15:00-05:00,6859.5,6859.5,6836.25,6844.75
2025-12-04T14:30:00-05:00,6845,6862.75,6842.75,6857
2025-12-04T14:45:00-05:00,6857.25,6861.25,6853.5,6855.5
2025-12-04T15:00:00-05:00,6855.25,6857.5,6846,6855.75
2025-12-04T15:15:00-05:00,6855.75,6856.5,6850.5,6850.5
2025-12-04T15:30:00-05:00,6850.5,6856,6850,6852.25
2025-12-04T15:45:00-05:00,6852.5,6869,6850.5,6867.5
2025-12-04T16:00:00-05:00,6867.25,6868.5,6864,6865.75
2025-12-04T16:15:00-05:00,6865.75,6868.25,6865.5,6867.5
2025-12-04T16:30:00-05:00,6867.25,6867.75,6866.25,6867
2025-12-04T16:45:00-05:00,6867,6867,6865,6865.75
2025-12-04T18:00:00-05:00,6865.5,6869.5,6865,6865.75
2025-12-04T18:15:00-05:00,6865.75,6866.75,6864.5,6865.75
2025-12-04T18:30:00-05:00,6866,6866.25,6862.5,6863
2025-12-04T18:45:00-05:00,6863,6865.25,6861.25,6863.75
2025-12-04T19:00:00-05:00,6863.5,6865,6862,6863.25
2025-12-04T19:15:00-05:00,6863.25,6869.25,6863.25,6868.25
2025-12-04T19:30:00-05:00,6868,6871.5,6866.75,6870
2025-12-04T19:45:00-05:00,6870,6871,6868.5,6870.75
2025-12-04T20:00:00-05:00,6871,6874,6870,6872.25
2025-12-04T20:15:00-05:00,6872.5,6873.75,6871.5,6872.75
2025-12-04T20:30:00-05:00,6872.5,6875.25,6872.25,6874.5
2025-12-04T20:45:00-05:00,6874.25,6875.75,6874,6875.5
2025-12-04T21:00:00-05:00,6875.5,6876.75,6874.5,6876.5
2025-12-04T21:15:00-05:00,6876.75,6881.25,6875.75,6880.5
2025-12-04T21:30:00-05:00,6880.5,6880.75,6876.75,6877
2025-12-04T21:45:00-05:00,6877.25,6877.75,6874.5,6876.25
2025-12-04T22:00:00-05:00,6876.25,6877.25,6875,6875.75
2025-12-04T22:15:00-05:00,6875.75,6878,6875.75,6876.5
2025-12-04T22:30:00-05:00,6876.75,6877.5,6874.75,6876.5
2025-12-04T22:45:00-05:00,6876.5,6879.25,6876.25,6878
2025-12-04T23:00:00-05:00,6878,6881,6877.5,6880.25
2025-12-04T23:15:00-05:00,6880.25,6880.25,6877.75,6879.5
2025-12-04T23:30:00-05:00,6879.5,6880.25,6878.25,6878.25
2025-12-04T23:45:00-05:00,6878.25,6880.5,6878,6880
2025-12-05T00:00:00-05:00,6880,6881.5,6879.75,6880.5
2025-12-05T00:15:00-05:00,6880.5,6881.25,6879.5,6880
2025-12-05T00:30:00-05:00,6880,6881.25,6879.25,6881
2025-12-05T00:45:00-05:00,6881,6882,6880.25,6882
2025-12-05T01:00:00-05:00,6882,6883.75,6881.5,6882.5
2025-12-05T01:15:00-05:00,6882.75,6884,6881,6881.25
2025-12-05T01:30:00-05:00,6881.5,6882.5,6879.25,6881.5
2025-12-05T01:45:00-05:00,6881.25,6882,6879.75,6880.5
2025-12-05T02:00:00-05:00,6880.75,6883.75,6879.5,6881.25
2025-12-05T02:15:00-05:00,6881,6883.25,6880.25,6883
2025-12-05T02:30:00-05:00,6883,6884,6881.25,6881.5
2025-12-05T02:45:00-05:00,6881.5,6882.75,6880.5,6881.75
2025-12-05T03:00:00-05:00,6882,6884.5,6880.75,6883.5
2025-12-05T03:15:00-05:00,6883.25,6886.25,6880.5,6881.75
2025-12-05T03:30:00-05:00,6881.75,6883.5,6880.75,6882.5
2025-12-05T03:45:00-05:00,6882.5,6883,6878.5,6878.5
2025-12-05T04:00:00-05:00,6878.5,6881,6877.5,6878.5
2025-12-05T04:15:00-05:00,6878.25,6881.25,6877.75,6881
2025-12-05T04:30:00-05:00,6881,6881,6876.5,6877.5
2025-12-05T04:45:00-05:00,6877.5,6879,6877.5,6878.5
2025-12-05T05:00:00-05:00,6878.75,6881.5,6877.5,6879.5
2025-12-05T05:15:00-05:00,6879.75,6880.5,6878.5,6879.5
2025-12-05T05:30:00-05:00,6879.5,6880.75,6878.75,6880.5
2025-12-05T05:45:00-05:00,6880.25,6880.25,6877.25,6877.75
2025-12-05T06:00:00-05:00,6877.75,6880.5,6876,6879
2025-12-05T06:15:00-05:00,6879,6881.25,6877.25,6880.5
2025-12-05T06:30:00-05:00,6880.75,6882,6879.5,6880.5
2025-12-05T06:45:00-05:00,6880.25,6880.5,6879.75,6880.25
2025-12-05T07:00:00-05:00,6880.25,6882.25,6879.75,6880.5
2025-12-05T07:15:00-05:00,6880.25,6881,6876,6879.25
2025-12-05T07:30:00-05:00,6879.25,6880.75,6878.75,6878.75
2025-12-05T07:45:00-05:00,6879,6879.75,6877.25,6879.25
2025-12-05T08:00:00-05:00,6879.25,6880.75,6879,6879.25
2025-12-05T08:15:00-05:00,6879.25,6879.75,6875,6876.25
2025-12-05T08:30:00-05:00,6876.25,6877,6861.5,6863.5
2025-12-05T08:45:00-05:00,6863.25,6865.5,6856.75,6864
2025-12-05T09:00:00-05:00,6864,6869.75,6863.75,6869.75
2025-12-05T09:15:00-05:00,6869.75,6875.75,6869.25,6875.25
2025-12-05T09:30:00-05:00,6875.25,6886.25,6874,6879.25
2025-12-05T09:45:00-05:00,6879.25,6891.25,6878.75,6889.75
2025-12-05T10:00:00-05:00,6889.75,6903.5,6888,6903.25
2025-12-05T10:15:00-05:00,6903.25,6904,6896.75,6899.75
2025-12-05T10:30:00-05:00,6899.75,6905,6896.75,6898.25
2025-12-05T10:45:00-05:00,6898.25,6902.75,6883.25,6887.5
2025-12-05T11:00:00-05:00,6887.5,6892.25,6881.5,6882
2025-12-05T11:15:00-05:00,6881.75,6888.5,6877.75,6880.5
2025-12-05T11:30:00-05:00,6880.25,6880.5,6870.5,6874.5
2025-12-05T11:45:00-05:00,6874.5,6887.25,6873.5,6880.75
2025-12-05T12:00:00-05:00,6880.75,6883.5,6873.25,6874
2025-12-05T12:15:00-05:00,6874,6877.75,6873.25,6874.5
2025-12-05T12:30:00-05:00,6874.75,6876,6866.5,6873.25
2025-12-05T12:45:00-05:00,6873.25,6885,6871.25,6883.5
2025-12-05T13:00:00-05:00,6883.25,6888,6883,6883.5
2025-12-05T13:15:00-05:00,6883.75,6887.5,6875.75,6886.25
2025-12-05T13:30:00-05:00,6886.25,6890.5,6881.5,6884.75
2025-12-05T13:45:00-05:00,6884.75,6886.5,6881.75,6882.5
2025-12-05T14:00:00-05:00,6882.75,6885,6879,6884.25
2025-12-05T14:15:00-05:00,6884.5,6884.5,6877.25,6880.25
2025-12-05T14:30:00-05:00,6880.25,6882,6876.25,6878.25
2025-12-05T14:45:00-05:00,6878.25,6884.5,6876.5,6883.25
2025-12-05T15:00:00-05:00,6883.25,6883.75,6876.5,6880.5
2025-12-05T15:15:00-05:00,6880.5,6883.5,6878.25,6881
2025-12-05T15:30:00-05:00,6880.75,6880.75,6875.75,6879.25
2025-12-05T15:45:00-05:00,6879.5,6880.75,6866.75,6876.75
2025-12-05T16:00:00-05:00,6876.75,6881.5,6876.25,6880.25
2025-12-05T16:15:00-05:00,6880.5,6881.75,6879.75,6880.25
2025-12-05T16:30:00-05:00,6880.25,6881.25,6880,6880.25
2025-12-05T16:45:00-05:00,6880.25,6881.5,6879.25,6879.5
2025-12-07T18:00:00-05:00,6883,6886.25,6877.25,6878.5
2025-12-07T18:15:00-05:00,6878.5,6882.75,6877.75,6881.75
2025-12-07T18:30:00-05:00,6881.5,6883.5,6880.5,6881.75
2025-12-07T18:45:00-05:00,6881.5,6882.75,6880.5,6881
2025-12-07T19:00:00-05:00,6881.25,6881.25,6872.75,6874.75
2025-12-07T19:15:00-05:00,6874.75,6878.75,6874.25,6878
2025-12-07T19:30:00-05:00,6878,6879.75,6877,6879.25
2025-12-07T19:45:00-05:00,6879.25,6882,6878.5,6881
2025-12-07T20:00:00-05:00,6881,6884.25,6880.5,6880.75
2025-12-07T20:15:00-05:00,6880.75,6882.25,6880,6880.5
2025-12-07T20:30:00-05:00,6880.5,6884,6880.5,6883
2025-12-07T20:45:00-05:00,6883,6884.25,6882.75,6883.5
2025-12-07T21:00:00-05:00,6883.5,6884.5,6882.5,6884
2025-12-07T21:15:00-05:00,6884.25,6886.5,6884,6885.75
2025-12-07T21:30:00-05:00,6885.75,6886.75,6884.5,6885.5
2025-12-07T21:45:00-05:00,6885.75,6887.75,6884.75,6887.75
2025-12-07T22:00:00-05:00,6887.5,6888,6886.5,6888
2025-12-07T22:15:00-05:00,6887.75,6889.5,6887.5,6888.5
2025-12-07T22:30:00-05:00,6888.25,6890,6888,6888.25
2025-12-07T22:45:00-05:00,6888.5,6889,6887.5,6888.5
2025-12-07T23:00:00-05:00,6888.5,6890.25,6888.5,6890
2025-12-07T23:15:00-05:00,6890,6891,6889.5,6890.5
2025-12-07T23:30:00-05:00,6890.5,6891,6889.5,6890.5
2025-12-07T23:45:00-05:00,6890.5,6891.5,6890,6890.75
2025-12-08T00:00:00-05:00,6890.75,6891.5,6889.75,6891
2025-12-08T00:15:00-05:00,6891,6892,6890.5,6891.5
2025-12-08T00:30:00-05:00,6891.5,6892,6890.75,6891.5
2025-12-08T00:45:00-05:00,6891.5,6892,6889.25,6890
2025-12-08T01:00:00-05:00,6890.25,6892,6888.5,6892
2025-12-08T01:15:00-05:00,6891.75,6892.25,6890.5,6891
2025-12-08T01:30:00-05:00,6891,6892.25,6889.25,6889.5
2025-12-08T01:45:00-05:00,6889.75,6890.75,6887.75,6888
2025-12-08T02:00:00-05:00,6888,6889.25,6886.5,6889
2025-12-08T02:15:00-05:00,6889,6893.25,6888.75,6892.25
2025-12-08T02:30:00-05:00,6892,6893.75,6890.75,6892.75
2025-12-08T02:45:00-05:00,6892.75,6892.75,6890,6890.75
2025-12-08T03:00:00-05:00,6890.75,6891,6887.25,6887.75
2025-12-08T03:15:00-05:00,6887.5,6890.5,6886.75,6887.75
2025-12-08T03:30:00-05:00,6888,6888.75,6885.5,6886.5
2025-12-08T03:45:00-05:00,6886.25,6886.25,6883.25,6884.5
2025-12-08T04:00:00-05:00,6884.5,6887.5,6884.25,6887.5
2025-12-08T04:15:00-05:00,6887.25,6889,6885.5,6888.75
2025-12-08T04:30:00-05:00,6888.75,6889.75,6886.5,6887
2025-12-08T04:45:00-05:00,6887,6887,6884,6884.5
2025-12-08T05:00:00-05:00,6884.5,6885.5,6882.25,6884.75
2025-12-08T05:15:00-05:00,6884.5,6887,6882.5,6886.75
2025-12-08T05:30:00-05:00,6886.75,6888.25,6885.5,6887
2025-12-08T05:45:00-05:00,6887,6888.25,6886.5,6887.25
2025-12-08T06:00:00-05:00,6887,6887,6883.25,6885.75
2025-12-08T06:15:00-05:00,6885.5,6886,6881.5,6882
2025-12-08T06:30:00-05:00,6882,6883.75,6881.25,6883.75
2025-12-08T06:45:00-05:00,6883.5,6883.75,6882,6882.75
2025-12-08T07:00:00-05:00,6882.75,6885.25,6880.75,6884.5
2025-12-08T07:15:00-05:00,6884.25,6886.5,6884.25,6885.25
2025-12-08T07:30:00-05:00,6885,6887.75,6885,6887.5
2025-12-08T07:45:00-05:00,6887.25,6889.5,6886.75,6887.5
2025-12-08T08:00:00-05:00,6887.5,6890,6886.75,6889.5
2025-12-08T08:15:00-05:00,6889.5,6893.25,6887.5,6889.25
2025-12-08T08:30:00-05:00,6889.25,6890.25,6885,6887
2025-12-08T08:45:00-05:00,6887,6889.25,6886.75,6888.75
2025-12-08T09:00:00-05:00,6888.75,6891.75,6888.25,6891
2025-12-08T09:15:00-05:00,6891,6891.5,6885.5,6885.5
2025-12-08T09:30:00-05:00,6885.75,6886.25,6872.25,6878.75
2025-12-08T09:45:00-05:00,6878.75,6880.75,6869.25,6874
2025-12-08T10:00:00-05:00,6873.75,6877.25,6867.75,6868.5
2025-12-08T10:15:00-05:00,6868.75,6871.75,6858,6865
2025-12-08T10:30:00-05:00,6864.75,6869.75,6859.75,6860
2025-12-08T10:45:00-05:00,6860,6864.75,6855.25,6856.25
2025-12-08T11:00:00-05:00,6856.5,6858.5,6848.5,6853.75
2025-12-08T11:15:00-05:00,6853.5,6860.75,6852,6860.5
2025-12-08T11:30:00-05:00,6860.25,6860.75,6854,6857.75
2025-12-08T11:45:00-05:00,6857.75,6858.25,6849.75,6853.25
2025-12-08T12:00:00-05:00,6853.25,6853.25,6844.25,6848.25
2025-12-08T12:15:00-05:00,6848.25,6851,6841.25,6846.25
2025-12-08T12:30:00-05:00,6846.25,6850.75,6845.25,6848
2025-12-08T12:45:00-05:00,6848.25,6862.75,6846.25,6860.75
2025-12-08T13:00:00-05:00,6860.75,6863.5,6855.5,6857.75
2025-12-08T13:15:00-05:00,6857.75,6860,6847.75,6848
2025-12-08T13:30:00-05:00,6847.75,6851,6842.5,6849.5
2025-12-08T13:45:00-05:00,6849.5,6850.75,6835.25,6841
2025-12-08T14:00:00-05:00,6841,6842.75,6836.25,6838.75
2025-12-08T14:15:00-05:00,6838.75,6845.75,6838.75,6842
2025-12-08T14:30:00-05:00,6841.75,6847.25,6841.25,6846
2025-12-08T14:45:00-05:00,6846,6848,6841,6843
2025-12-08T15:00:00-05:00,6843,6845.75,6841.25,6845.25
2025-12-08T15:15:00-05:00,6845.25,6847.25,6843.5,6846
2025-12-08T15:30:00-05:00,6846,6846.75,6840,6846.5
2025-12-08T15:45:00-05:00,6846.5,6857.75,6843,6856.5
2025-12-08T16:00:00-05:00,6856.25,6857.5,6853,6854.75
2025-12-08T16:15:00-05:00,6854.75,6859.75,6853.75,6859.5
2025-12-08T16:30:00-05:00,6859.25,6863,6858.25,6862.5
2025-12-08T16:45:00-05:00,6862.25,6864.75,6860,6864.5
2025-12-08T18:00:00-05:00,6865,6866.75,6862.25,6862.5
2025-12-08T18:15:00-05:00,6862.5,6864,6861.25,6862.25
2025-12-08T18:30:00-05:00,6862.25,6863.75,6860.25,6862.5
2025-12-08T18:45:00-05:00,6862.75,6868.5,6862.25,6868.5
2025-12-08T19:00:00-05:00,6868.25,6868.5,6866,6866.75
2025-12-08T19:15:00-05:00,6866.5,6866.75,6865.25,6865.5
2025-12-08T19:30:00-05:00,6865.75,6866.5,6864.75,6865.75
2025-12-08T19:45:00-05:00,6865.75,6867.75,6864.75,6866.75
2025-12-08T20:00:00-05:00,6866.75,6867,6863,6867
2025-12-08T20:15:00-05:00,6867,6868,6863.5,6863.5
2025-12-08T20:30:00-05:00,6863.75,6865,6859.75,6861.75
2025-12-08T20:45:00-05:00,6861.75,6863,6861.25,6861.5
2025-12-08T21:00:00-05:00,6861.75,6862.75,6859,6862
2025-12-08T21:15:00-05:00,6862,6865,6862,6862.75
2025-12-08T21:30:00-05:00,6863,6863.25,6860.25,6862.5
2025-12-08T21:45:00-05:00,6862.5,6863.5,6861.75,6862.5
2025-12-08T22:00:00-05:00,6862.25,6863.25,6860.75,6862
2025-12-08T22:15:00-05:00,6862,6863.25,6861.25,6862.25
2025-12-08T22:30:00-05:00,6862.25,6863.5,6861.25,6862
2025-12-08T22:45:00-05:00,6861.75,6863.5,6860.75,6862.75
2025-12-08T23:00:00-05:00,6862.75,6863,6861.75,6862
2025-12-08T23:15:00-05:00,6861.75,6862.75,6861.25,6862
2025-12-08T23:30:00-05:00,6862,6862.25,6860.25,6861.75
2025-12-08T23:45:00-05:00,6862,6862,6861,6861
2025-12-09T00:00:00-05:00,6861.25,6861.5,6858.25,6859.25
2025-12-09T00:15:00-05:00,6859,6859.5,6858,6858.25
2025-12-09T00:30:00-05:00,6858.25,6859.75,6858,6859
2025-12-09T00:45:00-05:00,6859,6860.5,6857.75,6858
2025-12-09T01:00:00-05:00,6857.75,6858,6855,6856.5
2025-12-09T01:15:00-05:00,6856.5,6857.75,6855.75,6857.25
2025-12-09T01:30:00-05:00,6857.5,6861.75,6857,6861.75
2025-12-09T01:45:00-05:00,6862,6863.25,6860.25,6862
2025-12-09T02:00:00-05:00,6862,6863.75,6861.75,6862.5
2025-12-09T02:15:00-05:00,6862.5,6863.25,6861.5,6862.75
2025-12-09T02:30:00-05:00,6862.75,6864,6860.75,6863.5
2025-12-09T02:45:00-05:00,6863.25,6865,6863,6864.25
2025-12-09T03:00:00-05:00,6864,6866.25,6863,6865
2025-12-09T03:15:00-05:00,6865.25,6868.25,6864.25,6864.5
2025-12-09T03:30:00-05:00,6864.5,6865.5,6862,6864.25
2025-12-09T03:45:00-05:00,6864,6865.25,6863.25,6863.5
2025-12-09T04:00:00-05:00,6863.75,6863.75,6860,6861.75
2025-12-09T04:15:00-05:00,6862,6862.25,6858,6859.75
2025-12-09T04:30:00-05:00,6859.5,6861.75,6856.25,6857.25
2025-12-09T04:45:00-05:00,6857.5,6859.5,6856.5,6857.25
2025-12-09T05:00:00-05:00,6857.25,6860.75,6856.5,6859.75
2025-12-09T05:15:00-05:00,6859.75,6863,6858.75,6862.5
2025-12-09T05:30:00-05:00,6862.5,6863,6844.75,6858.25
2025-12-09T05:45:00-05:00,6858.5,6862,6854.25,6861
2025-12-09T06:00:00-05:00,6861,6861.5,6854.5,6856.25
2025-12-09T06:15:00-05:00,6856.5,6860.75,6852.75,6860.25
2025-12-09T06:30:00-05:00,6860.5,6862.25,6858.75,6860.75
2025-12-09T06:45:00-05:00,6860.75,6862.5,6860.25,6861.5
2025-12-09T07:00:00-05:00,6861.75,6862.25,6859.75,6860.5
2025-12-09T07:15:00-05:00,6860.5,6861,6859,6860
2025-12-09T07:30:00-05:00,6860.25,6860.75,6856.5,6857.25
2025-12-09T07:45:00-05:00,6857.25,6861.25,6855,6859
2025-12-09T08:00:00-05:00,6858.75,6860.5,6856.25,6858.5
2025-12-09T08:15:00-05:00,6858.5,6859.5,6854.75,6857.25
2025-12-09T08:30:00-05:00,6857.25,6857.25,6849.25,6852.25
2025-12-09T08:45:00-05:00,6852.25,6855.25,6848.75,6850.5
2025-12-09T09:00:00-05:00,6850.5,6852,6846.75,6847.75
2025-12-09T09:15:00-05:00,6847.75,6850.75,6845,6850.5
2025-12-09T09:30:00-05:00,6850.5,6860.5,6847.25,6856
2025-12-09T09:45:00-05:00,6856,6864.5,6853.5,6863
2025-12-09T10:00:00-05:00,6863.25,6868.5,6858.5,6861
2025-12-09T10:15:00-05:00,6861,6863.5,6856.25,6861
2025-12-09T10:30:00-05:00,6861,6864.25,6857.25,6863.5
2025-12-09T10:45:00-05:00,6863.75,6864.75,6854.5,6864
2025-12-09T11:00:00-05:00,6863.75,6868,6863.25,6867.5
2025-12-09T11:15:00-05:00,6867.5,6872.25,6866.5,6866.75
2025-12-09T11:30:00-05:00,6867,6872.75,6864,6865
2025-12-09T11:45:00-05:00,6864.75,6872,6864.75,6868.75
2025-12-09T12:00:00-05:00,6868.5,6872.5,6867,6868.5
2025-12-09T12:15:00-05:00,6868.75,6868.75,6861.5,6865.5
2025-12-09T12:30:00-05:00,6865.5,6867.5,6857.75,6859.75
2025-12-09T12:45:00-05:00,6859.5,6862,6855,6861.75
2025-12-09T13:00:00-05:00,6861.5,6863.75,6857.75,6861.5
2025-12-09T13:15:00-05:00,6861.5,6864,6860,6861.25
2025-12-09T13:30:00-05:00,6861.5,6862.5,6855.5,6855.5
2025-12-09T13:45:00-05:00,6855.5,6862.25,6852.5,6859.5
2025-12-09T14:00:00-05:00,6859.5,6860.25,6855,6856.75
2025-12-09T14:15:00-05:00,6856.75,6859,6855.75,6856
2025-12-09T14:30:00-05:00,6856.25,6856.75,6850.75,6852.75
2025-12-09T14:45:00-05:00,6852.5,6857,6852,6855.25
2025-12-09T15:00:00-05:00,6855,6857.5,6853.75,6853.75
2025-12-09T15:15:00-05:00,6854,6855.5,6851.5,6851.75
2025-12-09T15:30:00-05:00,6851.75,6853.5,6849,6852.25
2025-12-09T15:45:00-05:00,6852.25,6854.75,6844.5,6849.25
2025-12-09T16:00:00-05:00,6849.5,6850,6845.25,6846.75
2025-12-09T16:15:00-05:00,6846.75,6846.75,6844,6845.5
2025-12-09T16:30:00-05:00,6845.5,6847.25,6845,6845.75
2025-12-09T16:45:00-05:00,6845.75,6847.75,6845.5,6846.25
2025-12-09T18:00:00-05:00,6847.25,6849,6847,6847.75
2025-12-09T18:15:00-05:00,6847.75,6848,6846.5,6847.75
2025-12-09T18:30:00-05:00,6847.75,6848,6847,6847.75
2025-12-09T18:45:00-05:00,6847.75,6848.25,6846.25,6846.5
2025-12-09T19:00:00-05:00,6846.5,6851,6846,6849
2025-12-09T19:15:00-05:00,6849,6849.5,6845.25,6847.25
2025-12-09T19:30:00-05:00,6847.5,6848,6846.75,6847
2025-12-09T19:45:00-05:00,6847,6847,6843.25,6843.25
2025-12-09T20:00:00-05:00,6843.25,6846,6842.25,6843.25
2025-12-09T20:15:00-05:00,6843.5,6844.25,6842.25,6844
2025-12-09T20:30:00-05:00,6844.25,6845.25,6842.5,6844.5
2025-12-09T20:45:00-05:00,6844.5,6845.25,6843,6843.75
2025-12-09T21:00:00-05:00,6843.75,6845.75,6843.75,6845.75
2025-12-09T21:15:00-05:00,6845.5,6848,6845,6847
2025-12-09T21:30:00-05:00,6847,6848.5,6846.5,6846.5
2025-12-09T21:45:00-05:00,6846.5,6848.25,6846.25,6847.5
2025-12-09T22:00:00-05:00,6847.25,6849.25,6847.25,6847.75
2025-12-09T22:15:00-05:00,6847.75,6847.75,6845.25,6845.75
2025-12-09T22:30:00-05:00,6845.5,6847,6845,6846
2025-12-09T22:45:00-05:00,6846,6847.25,6845.25,6847.25
2025-12-09T23:00:00-05:00,6847.25,6850.25,6847.25,6849.5
2025-12-09T23:15:00-05:00,6849.25,6849.5,6848.25,6849.5
2025-12-09T23:30:00-05:00,6849.75,6854.25,6849.75,6851
2025-12-09T23:45:00-05:00,6851,6852.25,6850.75,6851.5
2025-12-10T00:00:00-05:00,6851.25,6851.5,6845.75,6847
2025-12-10T00:15:00-05:00,6846.75,6848.25,6846.5,6847.5
2025-12-10T00:30:00-05:00,6847.5,6849,6847,6848.5
2025-12-10T00:45:00-05:00,6848.25,6848.75,6847.75,6848
2025-12-10T01:00:00-05:00,6848,6852.75,6848,6852
2025-12-10T01:15:00-05:00,6852,6852.25,6850.5,6851.25
2025-12-10T01:30:00-05:00,6851.5,6853,6850.75,6851.5
2025-12-10T01:45:00-05:00,6851.25,6851.75,6850.25,6851.75
2025-12-10T02:00:00-05:00,6851.5,6852.25,6850,6851.75
2025-12-10T02:15:00-05:00,6851.75,6853.75,6851.5,6853
2025-12-10T02:30:00-05:00,6853,6855.75,6852.5,6855.5
2025-12-10T02:45:00-05:00,6855.5,6856,6854,6855.25
2025-12-10T03:00:00-05:00,6855.25,6859.25,6854,6856.75
2025-12-10T03:15:00-05:00,6856.75,6859.25,6856,6856.25
2025-12-10T03:30:00-05:00,6856.75,6858,6853.25,6854.25
2025-12-10T03:45:00-05:00,6854.5,6856.25,6851.75,6854.5
2025-12-10T04:00:00-05:00,6854.5,6857.5,6853.5,6853.75
2025-12-10T04:15:00-05:00,6853.5,6853.75,6850.25,6852.5
2025-12-10T04:30:00-05:00,6852.75,6853.25,6851.25,6852.25
2025-12-10T04:45:00-05:00,6852.25,6854.75,6852,6852.5
2025-12-10T05:00:00-05:00,6852.25,6857.75,6849.75,6851.75
2025-12-10T05:15:00-05:00,6851.5,6852.5,6837.25,6837.5
2025-12-10T05:30:00-05:00,6837.5,6843.25,6834.25,6841.75
2025-12-10T05:45:00-05:00,6841.75,6844.75,6840.5,6840.75
2025-12-10T06:00:00-05:00,6840.75,6850,6839,6845.25
2025-12-10T06:15:00-05:00,6845,6846.5,6843.25,6844.5
2025-12-10T06:30:00-05:00,6844.25,6845.75,6842.75,6843
2025-12-10T06:45:00-05:00,6842.75,6846.25,6842.5,6845.25
2025-12-10T07:00:00-05:00,6845,6845.75,6839.5,6841.5
2025-12-10T07:15:00-05:00,6841.75,6842.25,6839.25,6841.75
2025-12-10T07:30:00-05:00,6841.75,6843.25,6838.25,6839.75
2025-12-10T07:45:00-05:00,6839.75,6843.5,6839,6843
2025-12-10T08:00:00-05:00,6843.25,6846,6841.5,6845.75
2025-12-10T08:15:00-05:00,6845.75,6856.25,6845,6854.25
2025-12-10T08:30:00-05:00,6854.25,6856,6848.25,6848.75
2025-12-10T08:45:00-05:00,6849,6849.75,6846.5,6846.75
2025-12-10T09:00:00-05:00,6847,6848.25,6842.5,6843.5
2025-12-10T09:15:00-05:00,6843.5,6844.75,6840,6843.25
2025-12-10T09:30:00-05:00,6843.5,6848.5,6830.75,6844.25
2025-12-10T09:45:00-05:00,6844.25,6851,6840.75,6849
2025-12-10T10:00:00-05:00,6849,6852,6845,6848
2025-12-10T10:15:00-05:00,6848,6852.5,6845.5,6847.5
2025-12-10T10:30:00-05:00,6847.5,6848.25,6834.25,6841.25
2025-12-10T10:45:00-05:00,6841.5,6850,6838,6840.25
2025-12-10T11:00:00-05:00,6840,6849,6832.25,6848.75
2025-12-10T11:15:00-05:00,6849,6856.5,6847.75,6855.25
2025-12-10T11:30:00-05:00,6855,6856.25,6849.5,6850.5
2025-12-10T11:45:00-05:00,6850.5,6855,6847.75,6853.75
2025-12-10T12:00:00-05:00,6853.5,6854.75,6848.5,6850.5
2025-12-10T12:15:00-05:00,6850.25,6852.25,6847.25,6849.25
2025-12-10T12:30:00-05:00,6849.25,6853.25,6847,6848.5
2025-12-10T12:45:00-05:00,6848.5,6860,6848,6856.25
2025-12-10T13:00:00-05:00,6856.25,6858.5,6854.25,6856.25
2025-12-10T13:15:00-05:00,6856.25,6857.25,6844.75,6846.75
2025-12-10T13:30:00-05:00,6846.5,6851.5,6844.5,6844.5
2025-12-10T13:45:00-05:00,6844.5,6848.75,6842.25,6846.25
2025-12-10T14:00:00-05:00,6846,6875.25,6844.75,6865.5
2025-12-10T14:15:00-05:00,6865.25,6873.75,6850,6860
2025-12-10T14:30:00-05:00,6859.75,6886.75,6850.5,6861
2025-12-10T14:45:00-05:00,6861,6898.5,6860,6896.75
2025-12-10T15:00:00-05:00,6896.75,6904.25,6888.75,6903
2025-12-10T15:15:00-05:00,6903,6906.75,6896.25,6899.5
2025-12-10T15:30:00-05:00,6899.25,6908,6897.75,6901.75
2025-12-10T15:45:00-05:00,6901.5,6905,6889.5,6892
2025-12-10T16:00:00-05:00,6892.25,6895.25,6885,6891.25
2025-12-10T16:15:00-05:00,6891.25,6893.75,6888.5,6892.25
2025-12-10T16:30:00-05:00,6892,6893.5,6890.25,6893.25
2025-12-10T16:45:00-05:00,6893.25,6896,6891.5,6893.25
2025-12-10T18:00:00-05:00,6887,6891.25,6884.25,6885
2025-12-10T18:15:00-05:00,6884.75,6884.75,6880.5,6881.75
2025-12-10T18:30:00-05:00,6881.5,6882.5,6881,6881.5
2025-12-10T18:45:00-05:00,6881.5,6884.25,6881,6882.75
2025-12-10T19:00:00-05:00,6882.75,6883,6878,6881
2025-12-10T19:15:00-05:00,6881,6882.5,6879.5,6881.5
2025-12-10T19:30:00-05:00,6881.25,6881.25,6876,6876.75
2025-12-10T19:45:00-05:00,6876.75,6877,6871.75,6874.5
2025-12-10T20:00:00-05:00,6874.5,6874.75,6871.5,6873.5
2025-12-10T20:15:00-05:00,6873.75,6875.25,6872.25,6874
2025-12-10T20:30:00-05:00,6874,6875.25,6872.75,6872.75
2025-12-10T20:45:00-05:00,6872.75,6873,6868.75,6869.75
2025-12-10T21:00:00-05:00,6869.75,6869.75,6862.5,6864.5
2025-12-10T21:15:00-05:00,6864.5,6865.75,6858.75,6859.75
2025-12-10T21:30:00-05:00,6859.75,6860.5,6852.25,6856
2025-12-10T21:45:00-05:00,6856.25,6856.5,6847,6851.5
2025-12-10T22:00:00-05:00,6851.25,6851.5,6817.5,6829.5
2025-12-10T22:15:00-05:00,6829.5,6836,6827.75,6834
2025-12-10T22:30:00-05:00,6834,6835,6826.25,6833.25
2025-12-10T22:45:00-05:00,6833.25,6837,6831.25,6834.75
2025-12-10T23:00:00-05:00,6835,6841.5,6832.5,6838.25
2025-12-10T23:15:00-05:00,6838.25,6840,6834,6836
2025-12-10T23:30:00-05:00,6836,6839.75,6833.5,6837.5
2025-12-10T23:45:00-05:00,6837.75,6839.75,6836,6837.25
2025-12-11T00:00:00-05:00,6837,6838.5,6833.5,6833.75
2025-12-11T00:15:00-05:00,6833.75,6835.5,6830.5,6830.75
2025-12-11T00:30:00-05:00,6830.75,6833,6829.5,6831.25
2025-12-11T00:45:00-05:00,6831.25,6837.5,6831,6836
2025-12-11T01:00:00-05:00,6836,6838,6832.75,6834.25
2025-12-11T01:15:00-05:00,6834.25,6834.75,6828.25,6828.75
2025-12-11T01:30:00-05:00,6828.75,6836.5,6828.5,6836.25
2025-12-11T01:45:00-05:00,6836,6838,6834,6837.5
2025-12-11T02:00:00-05:00,6837.25,6837.75,6829.25,6836
2025-12-11T02:15:00-05:00,6835.75,6838,6833.75,6837.75
2025-12-11T02:30:00-05:00,6837.75,6841.25,6837.25,6839.25
2025-12-11T02:45:00-05:00,6839.25,6842.5,6838.25,6841.5
2025-12-11T03:00:00-05:00,6841.25,6842,6830.75,6833.25
2025-12-11T03:15:00-05:00,6833,6836,6830,6831
2025-12-11T03:30:00-05:00,6831,6834.5,6828.5,6831.25
2025-12-11T03:45:00-05:00,6830.75,6842.75,6830,6841.75
2025-12-11T04:00:00-05:00,6841.75,6846,6840,6845.5
2025-12-11T04:15:00-05:00,6845.5,6851.5,6844.75,6848.25
2025-12-11T04:30:00-05:00,6848,6853.25,6847.5,6850.25
2025-12-11T04:45:00-05:00,6850,6858,6850,6855.25
2025-12-11T05:00:00-05:00,6855.25,6856.5,6851.5,6853.5