time,open,high,low,close,Plot
2025-10-14T08:15:00-04:00,24653.25,24661.5,24627.75,24652.75,NaN
2025-10-14T08:30:00-04:00,24652,24654.75,24555.5,24574.25,NaN
2025-10-14T08:45:00-04:00,24573.5,24626,24573.25,24620.5,NaN
2025-10-14T09:00:00-04:00,24620.75,24656.25,24618.25,24646,NaN
2025-10-14T09:15:00-04:00,24645.75,24647.25,24604.75,24637.75,NaN
2025-10-14T09:30:00-04:00,24638.75,24641.5,24430.75,24452.25,NaN
2025-10-14T09:45:00-04:00,24452.5,24588,24421,24576.25,NaN
2025-10-14T10:00:00-04:00,24575,24633.75,24556.75,24625.75,NaN
2025-10-14T10:15:00-04:00,24625,24725,24602.25,24720.75,NaN
2025-10-14T10:30:00-04:00,24721,24736.5,24680.25,24720,NaN
2025-10-14T10:45:00-04:00,24719.5,24743.75,24670.25,24690,NaN
2025-10-14T11:00:00-04:00,24689.5,24768.5,24689.5,24716.5,NaN
2025-10-14T11:15:00-04:00,24717,24731.5,24684.25,24704,NaN
2025-10-14T11:30:00-04:00,24704.25,24793,24700,24777.75,NaN
2025-10-14T11:45:00-04:00,24777.25,24839.25,24777,24805,NaN
2025-10-14T12:00:00-04:00,24805,24815.25,24762,24795.25,NaN
2025-10-14T12:15:00-04:00,24795.75,24878,24790,24870.5,NaN
2025-10-14T12:30:00-04:00,24871.5,24917.5,24868.25,24911.25,NaN
2025-10-14T12:45:00-04:00,24911.75,24947.5,24890.5,24892.25,NaN
2025-10-14T13:00:00-04:00,24892,24931.25,24858,24913.5,NaN
2025-10-14T13:15:00-04:00,24913.25,24938,24896,24927.25,NaN
2025-10-14T13:30:00-04:00,24927.5,24935.5,24880.5,24918,NaN
2025-10-14T13:45:00-04:00,24917.25,24934,24893.5,24899.5,NaN
2025-10-14T14:00:00-04:00,24900.25,24919,24882,24903.75,NaN
2025-10-14T14:15:00-04:00,24903.25,24925.5,24888,24916,NaN
2025-10-14T14:30:00-04:00,24915,24926.75,24881.5,24895.5,NaN
2025-10-14T14:45:00-04:00,24895.5,24920.5,24890,24899.25,NaN
2025-10-14T15:00:00-04:00,24899.25,24921.25,24892.25,24896,NaN
2025-10-14T15:15:00-04:00,24896.5,24927,24896,24901.5,NaN
2025-10-14T15:30:00-04:00,24901.5,24903,24698.75,24717.5,NaN
2025-10-14T15:45:00-04:00,24717.5,24776,24685.75,24757.25,NaN
2025-10-14T16:00:00-04:00,24757.25,24789.75,24701,24730.25,NaN
2025-10-14T16:15:00-04:00,24730,24730.5,24697.25,24718.5,NaN
2025-10-14T16:30:00-04:00,24718,24738.25,24715.25,24737.75,NaN
2025-10-14T16:45:00-04:00,24738,24763.5,24730.25,24756.25,NaN
2025-10-14T18:00:00-04:00,24754,24816.25,24752,24773.75,NaN
2025-10-14T18:15:00-04:00,24774.5,24784.5,24750.5,24776.75,NaN
2025-10-14T18:30:00-04:00,24775.75,24783.75,24757.25,24775.5,NaN
2025-10-14T18:45:00-04:00,24776.75,24781.5,24769,24779.25,NaN
2025-10-14T19:00:00-04:00,24777.75,24803.5,24768.75,24800.75,NaN
2025-10-14T19:15:00-04:00,24801.5,24817.75,24787,24793,NaN
2025-10-14T19:30:00-04:00,24792.5,24802.25,24786.5,24792,NaN
2025-10-14T19:45:00-04:00,24790.75,24800,24772.25,24773.25,NaN
2025-10-14T20:00:00-04:00,24772,24782.75,24741,24747.5,NaN
2025-10-14T20:15:00-04:00,24747.25,24771.75,24740.5,24770.25,NaN
2025-10-14T20:30:00-04:00,24771.5,24784.5,24755,24781.75,NaN
2025-10-14T20:45:00-04:00,24782,24799.5,24778,24798,NaN
2025-10-14T21:00:00-04:00,24797,24798.75,24762.75,24785.25,NaN
2025-10-14T21:15:00-04:00,24786,24814.75,24784,24805.5,NaN
2025-10-14T21:30:00-04:00,24805.25,24811,24792,24804,NaN
2025-10-14T21:45:00-04:00,24803.25,24804.5,24792.75,24801.25,NaN
2025-10-14T22:00:00-04:00,24801.5,24829,24799.75,24825,NaN
2025-10-14T22:15:00-04:00,24824.5,24855.75,24824,24845.75,NaN
2025-10-14T22:30:00-04:00,24845,24850.75,24817.75,24823.25,NaN
2025-10-14T22:45:00-04:00,24824.75,24824.75,24806.75,24813,NaN
2025-10-14T23:00:00-04:00,24812.5,24819.5,24805.5,24813,NaN
2025-10-14T23:15:00-04:00,24812.5,24829,24788.75,24828.75,NaN
2025-10-14T23:30:00-04:00,24829,24830.5,24807.5,24808.25,NaN
2025-10-14T23:45:00-04:00,24807.25,24818.75,24796.5,24809,NaN
2025-10-15T00:00:00-04:00,24809.25,24820,24802,24817.75,NaN
2025-10-15T00:15:00-04:00,24819,24843,24816.25,24833.5,NaN
2025-10-15T00:30:00-04:00,24833.25,24842,24830.75,24840.25,NaN
2025-10-15T00:45:00-04:00,24840.75,24847.75,24837.5,24843.5,NaN
2025-10-15T01:00:00-04:00,24844.25,24896.5,24844.25,24893.75,NaN
2025-10-15T01:15:00-04:00,24894.25,24920,24890.5,24896.25,NaN
2025-10-15T01:30:00-04:00,24896,24896.5,24878.75,24893.25,NaN
2025-10-15T01:45:00-04:00,24892,24895,24875.5,24885,NaN
2025-10-15T02:00:00-04:00,24885,24891,24871.5,24890,NaN
2025-10-15T02:15:00-04:00,24889.75,24895.25,24868.5,24891.25,NaN
2025-10-15T02:30:00-04:00,24890.75,24908.75,24882,24900.25,NaN
2025-10-15T02:45:00-04:00,24898.5,24906.25,24886.75,24902,NaN
2025-10-15T03:00:00-04:00,24901.5,24921.75,24889.5,24907.25,NaN
2025-10-15T03:15:00-04:00,24907.75,24926.5,24887.5,24889.5,NaN
2025-10-15T03:30:00-04:00,24889.25,24901.5,24881.75,24888.25,NaN
2025-10-15T03:45:00-04:00,24888,24905.75,24876.5,24899.5,NaN
2025-10-15T04:00:00-04:00,24900.25,24927.25,24898.25,24919,NaN
2025-10-15T04:15:00-04:00,24919.75,24934.75,24908,24925.75,NaN
2025-10-15T04:30:00-04:00,24926.75,24931,24908.25,24926.75,NaN
2025-10-15T04:45:00-04:00,24926,24930,24915,24929.5,NaN
2025-10-15T05:00:00-04:00,24928.5,24989,24925.25,24987.25,NaN
2025-10-15T05:15:00-04:00,24987.25,24991.5,24944.25,24947.5,NaN
2025-10-15T05:30:00-04:00,24947,24972.75,24943.5,24956.25,NaN
2025-10-15T05:45:00-04:00,24955.5,24978.25,24951.75,24972.5,NaN
2025-10-15T06:00:00-04:00,24972,24975.5,24956.5,24961.75,NaN
2025-10-15T06:15:00-04:00,24960.5,24967.75,24950.25,24965.25,NaN
2025-10-15T06:30:00-04:00,24966.75,24968.5,24949.25,24962.5,NaN
2025-10-15T06:45:00-04:00,24961.25,24980,24960.25,24966.75,NaN
2025-10-15T07:00:00-04:00,24965.25,24970.75,24952.25,24957.75,NaN
2025-10-15T07:15:00-04:00,24958.5,24960.5,24941,24947,NaN
2025-10-15T07:30:00-04:00,24945.25,24966.25,24937.75,24964.25,NaN
2025-10-15T07:45:00-04:00,24964.25,24972,24958.25,24960,NaN
2025-10-15T08:00:00-04:00,24960.5,25010.75,24955,25007.5,NaN
2025-10-15T08:15:00-04:00,25007.5,25024.5,24987.25,24995.5,NaN
2025-10-15T08:30:00-04:00,24993.75,25019.5,24984,25005.75,NaN
2025-10-15T08:45:00-04:00,25006.5,25025.5,24986,25021.75,NaN
2025-10-15T09:00:00-04:00,25022.5,25022.5,25001,25004.75,NaN
2025-10-15T09:15:00-04:00,25003.5,25018.5,24992.75,25001.75,NaN
2025-10-15T09:30:00-04:00,25002.5,25003.5,24920.5,24941.5,NaN
2025-10-15T09:45:00-04:00,24941.75,25023.5,24897,25014,NaN
2025-10-15T10:00:00-04:00,25013.75,25110.5,25013,25078.75,NaN
2025-10-15T10:15:00-04:00,25078.5,25113.25,25072.75,25101,NaN
2025-10-15T10:30:00-04:00,25102,25115,25079.25,25094,NaN
2025-10-15T10:45:00-04:00,25094.5,25113,25075,25100,NaN
2025-10-15T11:00:00-04:00,25100.25,25109.75,25056.5,25077.25,NaN
2025-10-15T11:15:00-04:00,25076.5,25085.25,25046.5,25053,NaN
2025-10-15T11:30:00-04:00,25053.5,25059.25,24934,24960.25,NaN
2025-10-15T11:45:00-04:00,24960,24961.25,24877.25,24934.25,NaN
2025-10-15T12:00:00-04:00,24934.5,24980.5,24924,24960.75,NaN
2025-10-15T12:15:00-04:00,24960.25,24992.25,24925.5,24959.5,NaN
2025-10-15T12:30:00-04:00,24958.25,24967,24927.75,24937.5,NaN
2025-10-15T12:45:00-04:00,24937.25,24938.5,24892.25,24903,NaN
2025-10-15T13:00:00-04:00,24902.75,24903.75,24701,24703,NaN
2025-10-15T13:15:00-04:00,24703.5,24793,24663.25,24747.75,NaN
2025-10-15T13:30:00-04:00,24747,24840.5,24739,24838,NaN
2025-10-15T13:45:00-04:00,24837.5,24914,24836.75,24903.5,NaN
2025-10-15T14:00:00-04:00,24903.75,24916.5,24859,24895.5,NaN
2025-10-15T14:15:00-04:00,24895.25,24924.75,24885.75,24891.75,NaN
2025-10-15T14:30:00-04:00,24891.75,24950,24885.75,24926.5,NaN
2025-10-15T14:45:00-04:00,24927.25,24959,24914,24953,NaN
2025-10-15T15:00:00-04:00,24952.75,24956.25,24903.75,24924.75,NaN
2025-10-15T15:15:00-04:00,24924.25,24955.75,24922.25,24943,NaN
2025-10-15T15:30:00-04:00,24943.5,24948.75,24876.25,24912.25,NaN
2025-10-15T15:45:00-04:00,24911.75,24931.25,24845,24924.5,NaN
2025-10-15T16:00:00-04:00,24924.75,24964.25,24921.25,24942.25,NaN
2025-10-15T16:15:00-04:00,24942.75,24960.75,24923,24932,NaN
2025-10-15T16:30:00-04:00,24931.5,24934,24912.5,24918.75,NaN
2025-10-15T16:45:00-04:00,24918.5,24954.75,24917,24941.25,NaN
2025-10-15T18:00:00-04:00,24937,24987.25,24936.5,24980.25,NaN
2025-10-15T18:15:00-04:00,24981.25,24992.25,24965,24975.25,NaN
2025-10-15T18:30:00-04:00,24974,24981,24954.5,24956.5,NaN
2025-10-15T18:45:00-04:00,24957.25,24980.5,24944.75,24976.25,NaN
2025-10-15T19:00:00-04:00,24976.25,24979.25,24957,24963.5,NaN
2025-10-15T19:15:00-04:00,24963,24963.75,24935.5,24941,NaN
2025-10-15T19:30:00-04:00,24939.75,24953.5,24925,24940.25,NaN
2025-10-15T19:45:00-04:00,24940,24948,24925.25,24943.25,NaN
2025-10-15T20:00:00-04:00,24943,24956.25,24924.5,24925.5,NaN
2025-10-15T20:15:00-04:00,24927,24936.5,24909,24915,NaN
2025-10-15T20:30:00-04:00,24915,24916,24874.75,24887.75,NaN
2025-10-15T20:45:00-04:00,24887.25,24917.5,24885.75,24913.75,NaN
2025-10-15T21:00:00-04:00,24913,24939,24905.75,24923.75,NaN
2025-10-15T21:15:00-04:00,24923.25,24944,24922,24930.25,NaN
2025-10-15T21:30:00-04:00,24928.25,24946.25,24926.5,24935.75,NaN
2025-10-15T21:45:00-04:00,24936.5,24943.5,24919.5,24937.5,NaN
2025-10-15T22:00:00-04:00,24938.75,24949.5,24931.25,24935,NaN
2025-10-15T22:15:00-04:00,24934.5,24936.25,24913.5,24915,NaN
2025-10-15T22:30:00-04:00,24915,24918.5,24895.5,24907.5,NaN
2025-10-15T22:45:00-04:00,24907.75,24941.5,24906,24936.75,NaN
2025-10-15T23:00:00-04:00,24937.75,24947.5,24923.75,24924,NaN
2025-10-15T23:15:00-04:00,24924,24933.5,24908.75,24923,NaN
2025-10-15T23:30:00-04:00,24922.75,24926.5,24906.75,24917.5,NaN
2025-10-15T23:45:00-04:00,24916,24922,24913.5,24915.5,NaN
2025-10-16T00:00:00-04:00,24915.25,24935.5,24911,24935,NaN
2025-10-16T00:15:00-04:00,24935.25,24940.5,24925.75,24928.5,NaN
2025-10-16T00:30:00-04:00,24928.75,24939.75,24916.5,24932.75,NaN
2025-10-16T00:45:00-04:00,24932.75,24940.5,24922.5,24929.25,NaN
2025-10-16T01:00:00-04:00,24929.75,24933,24919,24933,NaN
2025-10-16T01:15:00-04:00,24933.25,24941.5,24930.5,24936,NaN
2025-10-16T01:30:00-04:00,24935.75,24976,24926,24962.75,NaN
2025-10-16T01:45:00-04:00,24962.5,24962.5,24934.25,24953.75,NaN
2025-10-16T02:00:00-04:00,24954.25,24991,24953.25,24985.75,NaN
2025-10-16T02:15:00-04:00,24985,25002.75,24971,25001,NaN
2025-10-16T02:30:00-04:00,25001.25,25017,24998.25,25010.75,NaN
2025-10-16T02:45:00-04:00,25010.5,25028.25,25009.5,25025.5,NaN
2025-10-16T03:00:00-04:00,25024.5,25042,24995.25,25017.75,NaN
2025-10-16T03:15:00-04:00,25017,25023,24999.5,24999.75,NaN
2025-10-16T03:30:00-04:00,25001,25004,24973.25,24999,NaN
2025-10-16T03:45:00-04:00,24998,25055.75,24996,25039,NaN
2025-10-16T04:00:00-04:00,25039,25057,25030.25,25047.5,NaN
2025-10-16T04:15:00-04:00,25047,25056.5,25011.25,25013.25,NaN
2025-10-16T04:30:00-04:00,25014.25,25033.25,25005.25,25020.5,NaN
2025-10-16T04:45:00-04:00,25021.5,25026,25015.5,25019,NaN
2025-10-16T05:00:00-04:00,25020,25035,25017.75,25021,NaN
2025-10-16T05:15:00-04:00,25020.5,25039.75,25013,25038.25,NaN
2025-10-16T05:30:00-04:00,25037.75,25037.75,25006,25022,NaN
2025-10-16T05:45:00-04:00,25022,25046,25020,25041.5,NaN
2025-10-16T06:00:00-04:00,25042.5,25066,25039.5,25060.5,NaN
2025-10-16T06:15:00-04:00,25060.5,25069.5,25050.5,25065.75,NaN
2025-10-16T06:30:00-04:00,25065,25071.5,25051.5,25057.5,NaN
2025-10-16T06:45:00-04:00,25057.5,25059,25042,25053,NaN
2025-10-16T07:00:00-04:00,25053.5,25070.75,25045.75,25063.25,NaN
2025-10-16T07:15:00-04:00,25063.25,25085.25,25062.5,25081.25,NaN
2025-10-16T07:30:00-04:00,25081.5,25082,25061.75,25064.5,NaN
2025-10-16T07:45:00-04:00,25064.25,25070,25058,25065.25,NaN
2025-10-16T08:00:00-04:00,25064.25,25074,25031,25032,NaN
2025-10-16T08:15:00-04:00,25032.25,25050,25030,25049.25,NaN
2025-10-16T08:30:00-04:00,25045.5,25097.25,25020,25095.75,NaN
2025-10-16T08:45:00-04:00,25095.5,25099.5,25078.25,25080,NaN
2025-10-16T09:00:00-04:00,25080.25,25090,25062.25,25079.5,NaN
2025-10-16T09:15:00-04:00,25079,25088.5,25044.25,25045.5,NaN
2025-10-16T09:30:00-04:00,25045.25,25106.5,25038,25092,NaN
2025-10-16T09:45:00-04:00,25091.75,25125.5,25026.75,25062.25,NaN
2025-10-16T10:00:00-04:00,25062.25,25088.25,25013.75,25043.75,NaN
2025-10-16T10:15:00-04:00,25043.75,25113.75,25030.25,25081,NaN
2025-10-16T10:30:00-04:00,25081.5,25179,25081.5,25170,NaN
2025-10-16T10:45:00-04:00,25169.75,25179.5,25096,25106.5,NaN
2025-10-16T11:00:00-04:00,25107.25,25131.25,25074.25,25123.75,NaN
2025-10-16T11:15:00-04:00,25123,25127.5,25018.5,25038.5,NaN
2025-10-16T11:30:00-04:00,25038.25,25073.25,24976,24998,NaN
2025-10-16T11:45:00-04:00,24999,25017.75,24946,24972.5,NaN
2025-10-16T12:00:00-04:00,24972.25,24996.5,24933.75,24979.75,NaN
2025-10-16T12:15:00-04:00,24979.25,24996.25,24868.5,24876,NaN
2025-10-16T12:30:00-04:00,24876.75,24877.75,24750,24800.75,NaN
2025-10-16T12:45:00-04:00,24799.5,24934,24732,24927.5,NaN
2025-10-16T13:00:00-04:00,24927.25,24937.75,24826.25,24887.75,NaN
2025-10-16T13:15:00-04:00,24888.5,24967,24874.75,24930,NaN
2025-10-16T13:30:00-04:00,24927.75,24960,24851.5,24873,NaN
2025-10-16T13:45:00-04:00,24873.5,24886,24828,24865.5,NaN
2025-10-16T14:00:00-04:00,24864.5,24871.5,24696.25,24709,NaN
2025-10-16T14:15:00-04:00,24707.75,24739.25,24660.75,24696.75,NaN
2025-10-16T14:30:00-04:00,24697.5,24781.5,24643.5,24765.25,NaN
2025-10-16T14:45:00-04:00,24765.75,24801.5,24744.25,24798.5,NaN
2025-10-16T15:00:00-04:00,24797,24820.75,24753,24756.5,NaN
2025-10-16T15:15:00-04:00,24756.5,24767.25,24692.5,24736.25,NaN
2025-10-16T15:30:00-04:00,24736,24782.25,24708.5,24773.75,NaN
2025-10-16T15:45:00-04:00,24774,24846,24753,24830.75,NaN
2025-10-16T16:00:00-04:00,24830.5,24854.5,24752,24754.25,NaN
2025-10-16T16:15:00-04:00,24753.5,24788,24745.5,24769.25,NaN
2025-10-16T16:30:00-04:00,24769,24790.25,24761.75,24784.5,NaN
2025-10-16T16:45:00-04:00,24785.25,24803,24781,24794.25,NaN
2025-10-16T18:00:00-04:00,24793.75,24858.5,24782,24825.25,NaN
2025-10-16T18:15:00-04:00,24825,24825,24790,24812.25,NaN
2025-10-16T18:30:00-04:00,24811.5,24824.25,24774.75,24784.5,NaN
2025-10-16T18:45:00-04:00,24784,24797.5,24740.25,24741.5,NaN
2025-10-16T19:00:00-04:00,24742.75,24755.5,24723,24737.25,NaN
2025-10-16T19:15:00-04:00,24736.25,24768.5,24725,24727,NaN
2025-10-16T19:30:00-04:00,24725.75,24746.25,24720,24734.25,NaN
2025-10-16T19:45:00-04:00,24733.75,24761.5,24731.5,24758.25,NaN
2025-10-16T20:00:00-04:00,24759.25,24795,24745.25,24763.75,NaN
2025-10-16T20:15:00-04:00,24763.5,24785.75,24758.25,24775,NaN
2025-10-16T20:30:00-04:00,24774.25,24791.75,24771.5,24789,NaN
2025-10-16T20:45:00-04:00,24789,24791,24766.5,24778,NaN
2025-10-16T21:00:00-04:00,24778.5,24835.75,24778,24814.25,NaN
2025-10-16T21:15:00-04:00,24813.25,24827.5,24809.25,24818.5,NaN
2025-10-16T21:30:00-04:00,24818.75,24824.75,24804.25,24811.5,NaN
2025-10-16T21:45:00-04:00,24810.5,24813.75,24729.5,24758.75,NaN
2025-10-16T22:00:00-04:00,24758.5,24767,24729.25,24762.25,NaN
2025-10-16T22:15:00-04:00,24763,24763.75,24731.5,24744.25,NaN
2025-10-16T22:30:00-04:00,24742.75,24762,24740.75,24760,NaN
2025-10-16T22:45:00-04:00,24759,24772.75,24758.5,24765.25,NaN
2025-10-16T23:00:00-04:00,24764.5,24768,24745.75,24745.75,NaN
2025-10-16T23:15:00-04:00,24746.25,24762.75,24740.75,24760.25,NaN
2025-10-16T23:30:00-04:00,24761.5,24768.25,24724,24727.75,NaN
2025-10-16T23:45:00-04:00,24727.75,24741,24705.25,24732.25,NaN
2025-10-17T00:00:00-04:00,24732.25,24740.5,24726,24730.75,NaN
2025-10-17T00:15:00-04:00,24730.75,24734.25,24715,24720.5,NaN
2025-10-17T00:30:00-04:00,24721,24729.5,24713.5,24715,NaN
2025-10-17T00:45:00-04:00,24714.5,24716.75,24700.25,24706.75,NaN
2025-10-17T01:00:00-04:00,24706.75,24711.25,24664.25,24666.25,NaN
2025-10-17T01:15:00-04:00,24666.5,24684,24650.25,24673.25,NaN
2025-10-17T01:30:00-04:00,24674,24678.25,24616.25,24623.75,NaN
2025-10-17T01:45:00-04:00,24622.75,24674.75,24621.5,24660.5,NaN
2025-10-17T02:00:00-04:00,24661.5,24690.75,24656,24664.5,NaN
2025-10-17T02:15:00-04:00,24665.5,24669.75,24628,24639,NaN
2025-10-17T02:30:00-04:00,24636.75,24648,24586.25,24608.75,NaN
2025-10-17T02:45:00-04:00,24607.5,24616.25,24570,24580.75,NaN
2025-10-17T03:00:00-04:00,24581.75,24588.5,24495,24498.25,NaN
2025-10-17T03:15:00-04:00,24498.25,24527.75,24451.25,24492.5,NaN
2025-10-17T03:30:00-04:00,24493,24505.5,24428,24490.5,NaN
2025-10-17T03:45:00-04:00,24490.25,24516.25,24473.25,24475.5,NaN
2025-10-17T04:00:00-04:00,24478.25,24492.25,24417.75,24437.5,NaN
2025-10-17T04:15:00-04:00,24438.5,24483.25,24410,24479.25,NaN
2025-10-17T04:30:00-04:00,24481,24527.75,24465.75,24487.25,NaN
2025-10-17T04:45:00-04:00,24488.5,24509.25,24474.75,24492.25,NaN
2025-10-17T05:00:00-04:00,24491.75,24531.25,24486,24526.5,NaN
2025-10-17T05:15:00-04:00,24526.25,24561.5,24523.5,24535,NaN
2025-10-17T05:30:00-04:00,24534,24561,24498.5,24517.25,NaN
2025-10-17T05:45:00-04:00,24517.25,24531,24492.25,24496.5,NaN
2025-10-17T06:00:00-04:00,24497,24548.25,24496.25,24510.25,NaN
2025-10-17T06:15:00-04:00,24513,24525.75,24483,24488.25,NaN
2025-10-17T06:30:00-04:00,24487.25,24550,24487.25,24541.5,NaN
2025-10-17T06:45:00-04:00,24541.75,24575.5,24506.75,24574.25,NaN
2025-10-17T07:00:00-04:00,24574.5,24725,24568.5,24716.5,NaN
2025-10-17T07:15:00-04:00,24714,24730.25,24669.5,24706,NaN
2025-10-17T07:30:00-04:00,24704.75,24733.5,24672,24709.5,NaN
2025-10-17T07:45:00-04:00,24708,24730,24669.5,24729,NaN
2025-10-17T08:00:00-04:00,24728.5,24790,24710.5,24756.25,NaN
2025-10-17T08:15:00-04:00,24755,24802.75,24747.25,24768.75,NaN
2025-10-17T08:30:00-04:00,24769.25,24796.5,24745.25,24755,NaN
2025-10-17T08:45:00-04:00,24754.25,24775,24731,24738.25,NaN
2025-10-17T09:00:00-04:00,24737,24774,24733,24735.5,NaN
2025-10-17T09:15:00-04:00,24736.75,24768.25,24718.5,24736,NaN
2025-10-17T09:30:00-04:00,24736.25,24818.5,24672.5,24694,NaN
2025-10-17T09:45:00-04:00,24693,24889.75,24678,24822.25,NaN
2025-10-17T10:00:00-04:00,24822,24938.75,24777,24930.5,NaN
2025-10-17T10:15:00-04:00,24931.25,24960.75,24876,24908.75,NaN
2025-10-17T10:30:00-04:00,24909,24914.5,24783.25,24807,NaN
2025-10-17T10:45:00-04:00,24807,24868,24749,24764,NaN
2025-10-17T11:00:00-04:00,24764.5,24856.75,24741.25,24742,NaN
2025-10-17T11:15:00-04:00,24741.25,24792.25,24700.75,24734.75,NaN
2025-10-17T11:30:00-04:00,24735.5,24798,24675,24790.5,NaN
2025-10-17T11:45:00-04:00,24790.25,24873.5,24779,24849.5,NaN
2025-10-17T12:00:00-04:00,24849.5,24931.5,24849,24918,NaN
2025-10-17T12:15:00-04:00,24918,24956.75,24902,24948.5,NaN
2025-10-17T12:30:00-04:00,24949,24973.25,24902.5,24917,NaN
2025-10-17T12:45:00-04:00,24917.25,24973,24869.25,24902.75,NaN
2025-10-17T13:00:00-04:00,24903.25,24908.75,24848.25,24883.5,NaN
2025-10-17T13:15:00-04:00,24882.5,24887.75,24829,24859.25,NaN
2025-10-17T13:30:00-04:00,24860.25,24915.75,24847.5,24853.25,NaN
2025-10-17T13:45:00-04:00,24854.25,24946.5,24833.25,24936.5,NaN
2025-10-17T14:00:00-04:00,24935.25,24981.75,24935,24967.25,NaN
2025-10-17T14:15:00-04:00,24967,25030,24965.5,25015.75,NaN
2025-10-17T14:30:00-04:00,25016.25,25028.25,24984,24989.25,NaN
2025-10-17T14:45:00-04:00,24989.25,25007.5,24978,24996.75,NaN
2025-10-17T15:00:00-04:00,24997.75,25055.75,24995.5,25046.5,NaN
2025-10-17T15:15:00-04:00,25046.75,25052.5,25020.75,25025,NaN
2025-10-17T15:30:00-04:00,25025.25,25025.75,24984,25003.75,NaN
2025-10-17T15:45:00-04:00,25003.25,25010.25,24979.25,24989,NaN
2025-10-17T16:00:00-04:00,24988.75,25016,24976,25010.75,NaN
2025-10-17T16:15:00-04:00,25009.75,25038.5,25000.25,25031.25,NaN
2025-10-17T16:30:00-04:00,25030.75,25043,25025.75,25029.75,NaN
2025-10-17T16:45:00-04:00,25028.75,25036.5,25027,25033.5,NaN
2025-10-19T18:00:00-04:00,25065.75,25099.25,25050,25074,NaN
2025-10-19T18:15:00-04:00,25072.75,25074.25,25045.5,25049,NaN
2025-10-19T18:30:00-04:00,25048.5,25064,25039.75,25060,NaN
2025-10-19T18:45:00-04:00,25059,25065.75,25056.25,25060.25,NaN
2025-10-19T19:00:00-04:00,25061.5,25064,25034.5,25035.75,NaN
2025-10-19T19:15:00-04:00,25036,25043,24987.25,24994.75,NaN
2025-10-19T19:30:00-04:00,24994.25,25010,24992,24996,NaN
2025-10-19T19:45:00-04:00,24994.25,25016,24990,25012,NaN
2025-10-19T20:00:00-04:00,25011.75,25016.5,24988,24991.5,NaN
2025-10-19T20:15:00-04:00,24991.25,24997.5,24955.75,24976.75,NaN
2025-10-19T20:30:00-04:00,24977.5,25019.75,24965,25018.5,NaN
2025-10-19T20:45:00-04:00,25018,25056,25016,25047,NaN
2025-10-19T21:00:00-04:00,25047.75,25062.25,25042.5,25046,NaN
2025-10-19T21:15:00-04:00,25045.25,25076.5,25043.25,25062,NaN
2025-10-19T21:30:00-04:00,25062.5,25068,25046.5,25064.25,NaN
2025-10-19T21:45:00-04:00,25065.5,25065.5,25030.75,25046.75,NaN
2025-10-19T22:00:00-04:00,25046.25,25048.75,25028.5,25033,NaN
2025-10-19T22:15:00-04:00,25033.5,25047,25026.75,25037.75,NaN
2025-10-19T22:30:00-04:00,25038,25053.25,25034.5,25049.25,NaN
2025-10-19T22:45:00-04:00,25049,25059,25046.75,25051.75,NaN
2025-10-19T23:00:00-04:00,25053.5,25063,25051.5,25061.25,NaN
2025-10-19T23:15:00-04:00,25060.5,25066.25,25059.5,25065,NaN
2025-10-19T23:30:00-04:00,25064.5,25075.5,25060,25073.5,NaN
2025-10-19T23:45:00-04:00,25073.75,25099,25073.5,25095.25,NaN
2025-10-20T00:00:00-04:00,25095.75,25114.25,25093.25,25105,NaN
2025-10-20T00:15:00-04:00,25105,25119.75,25098,25115.25,NaN
2025-10-20T00:30:00-04:00,25116,25118.5,25085,25102,NaN
2025-10-20T00:45:00-04:00,25102.25,25114.75,25094.5,25111.75,NaN
2025-10-20T01:00:00-04:00,25112,25115.5,25107.25,25111.5,NaN
2025-10-20T01:15:00-04:00,25110.5,25121.75,25095.25,25117.5,NaN
2025-10-20T01:30:00-04:00,25118.25,25123,25100.75,25121.5,NaN
2025-10-20T01:45:00-04:00,25120.5,25127.75,25105,25113,NaN
2025-10-20T02:00:00-04:00,25112.25,25112.75,25088,25093.75,NaN
2025-10-20T02:15:00-04:00,25093.5,25113.5,25087.25,25107.25,NaN
2025-10-20T02:30:00-04:00,25107.5,25125.75,25106.5,25119.25,NaN
2025-10-20T02:45:00-04:00,25119.25,25125,25097.5,25111.25,NaN
2025-10-20T03:00:00-04:00,25111.25,25132,25098.5,25117.5,NaN
2025-10-20T03:15:00-04:00,25118.5,25135,25116.75,25133,NaN
2025-10-20T03:30:00-04:00,25133,25152.5,25126.5,25138.25,NaN
2025-10-20T03:45:00-04:00,25138.75,25139,25111,25121.25,NaN
2025-10-20T04:00:00-04:00,25121.75,25133.25,25102.25,25118.25,NaN
2025-10-20T04:15:00-04:00,25118,25121,25089.75,25101,NaN
2025-10-20T04:30:00-04:00,25100.5,25110.75,25083,25088.25,NaN
2025-10-20T04:45:00-04:00,25089.25,25098.75,25066.5,25074.5,NaN
2025-10-20T05:00:00-04:00,25074.75,25087.5,25061.75,25083.5,NaN
2025-10-20T05:15:00-04:00,25083.25,25099.5,25083.25,25092.25,NaN
2025-10-20T05:30:00-04:00,25091.75,25096.5,25072,25077.25,NaN
2025-10-20T05:45:00-04:00,25076.75,25088,25067.5,25087,NaN
2025-10-20T06:00:00-04:00,25087.25,25095.25,25066.5,25073.75,NaN
2025-10-20T06:15:00-04:00,25072.75,25081.75,25062.75,25071.5,NaN
2025-10-20T06:30:00-04:00,25071,25102.75,25069.75,25071.5,NaN
2025-10-20T06:45:00-04:00,25070.5,25074.25,25040,25041.5,NaN
2025-10-20T07:00:00-04:00,25040.75,25074.75,25038,25070.75,NaN
2025-10-20T07:15:00-04:00,25070.75,25084,25068.5,25080.75,NaN
2025-10-20T07:30:00-04:00,25079.75,25080.75,25065,25067.75,NaN
2025-10-20T07:45:00-04:00,25067,25090,25061.75,25084.5,NaN
2025-10-20T08:00:00-04:00,25083.5,25093,25076,25089.5,NaN
2025-10-20T08:15:00-04:00,25088,25095.75,25077,25086.5,NaN
2025-10-20T08:30:00-04:00,25087,25106.25,25087,25101.5,NaN
2025-10-20T08:45:00-04:00,25101,25132.25,25101,25129.5,NaN
2025-10-20T09:00:00-04:00,25129.5,25145,25129.25,25132.75,NaN
2025-10-20T09:15:00-04:00,25133.25,25152,25118,25118.5,NaN
2025-10-20T09:30:00-04:00,25119,25225,25114.75,25189,NaN
2025-10-20T09:45:00-04:00,25188.5,25240,25181.75,25222,NaN
2025-10-20T10:00:00-04:00,25222.5,25253,25211.75,25237.75,NaN
2025-10-20T10:15:00-04:00,25238,25283.5,25215.25,25281.75,NaN
2025-10-20T10:30:00-04:00,25281.75,25304.5,25265.75,25296.75,NaN
2025-10-20T10:45:00-04:00,25296.25,25322,25294.75,25314.25,NaN
2025-10-20T11:00:00-04:00,25314.25,25322.5,25291.25,25291.25,NaN
2025-10-20T11:15:00-04:00,25291.25,25327.75,25289.25,25320.75,NaN
2025-10-20T11:30:00-04:00,25321.5,25326.75,25307.5,25313.5,NaN
2025-10-20T11:45:00-04:00,25313,25345.5,25298,25316.75,NaN
2025-10-20T12:00:00-04:00,25318.75,25327.75,25297,25301,NaN
2025-10-20T12:15:00-04:00,25300.5,25320,25296.25,25311.5,NaN
2025-10-20T12:30:00-04:00,25311.75,25315.5,25290.75,25305.25,NaN
2025-10-20T12:45:00-04:00,25305.5,25319.5,25297,25314.5,NaN
2025-10-20T13:00:00-04:00,25314.25,25340.5,25311.5,25332,NaN
2025-10-20T13:15:00-04:00,25332,25350,25330.75,25335.75,NaN
2025-10-20T13:30:00-04:00,25335.75,25354.5,25333.25,25347.75,NaN
2025-10-20T13:45:00-04:00,25347.25,25353.5,25330.75,25336.75,NaN
2025-10-20T14:00:00-04:00,25336.25,25353,25334,25349.75,NaN
2025-10-20T14:15:00-04:00,25350,25353.25,25331.75,25337.25,NaN
2025-10-20T14:30:00-04:00,25337.25,25339.25,25320,25324.5,NaN
2025-10-20T14:45:00-04:00,25324.25,25332.75,25306.5,25327.25,NaN
2025-10-20T15:00:00-04:00,25327.5,25336.5,25317.75,25318.5,NaN
2025-10-20T15:15:00-04:00,25319,25326,25297,25321.25,NaN
2025-10-20T15:30:00-04:00,25321.75,25330.5,25309,25311.75,NaN
2025-10-20T15:45:00-04:00,25312,25335.25,25298.25,25300.25,NaN
2025-10-20T16:00:00-04:00,25300.25,25324.5,25289.75,25316.5,NaN
2025-10-20T16:15:00-04:00,25316.5,25322,25313.5,25320.75,NaN
2025-10-20T16:30:00-04:00,25320.5,25322,25316,25317.5,NaN
2025-10-20T16:45:00-04:00,25317.5,25327.75,25316.25,25326.75,NaN
2025-10-20T18:00:00-04:00,25326.75,25330,25308,25309.75,NaN
2025-10-20T18:15:00-04:00,25309.25,25329.25,25308.25,25322.5,NaN
2025-10-20T18:30:00-04:00,25323,25326,25312,25321.5,NaN
2025-10-20T18:45:00-04:00,25322.5,25324.75,25316.75,25320.5,NaN
2025-10-20T19:00:00-04:00,25321,25345,25320.25,25336.5,NaN
2025-10-20T19:15:00-04:00,25336.75,25339,25324.25,25339,NaN
2025-10-20T19:30:00-04:00,25339.25,25343,25326.25,25329,NaN
2025-10-20T19:45:00-04:00,25326.75,25326.75,25316.5,25323.25,NaN
2025-10-20T20:00:00-04:00,25323.5,25332,25310.75,25322.25,NaN
2025-10-20T20:15:00-04:00,25322.25,25339.25,25321.25,25334.25,NaN
2025-10-20T20:30:00-04:00,25335,25342.25,25331,25339.25,NaN
2025-10-20T20:45:00-04:00,25339.5,25343.25,25336.75,25341.75,NaN
2025-10-20T21:00:00-04:00,25342,25349.5,25340,25345.25,NaN
2025-10-20T21:15:00-04:00,25346.25,25359.25,25336.5,25340.5,NaN
2025-10-20T21:30:00-04:00,25340.25,25342.75,25330,25338.5,NaN
2025-10-20T21:45:00-04:00,25337.75,25351,25337,25344.5,NaN
2025-10-20T22:00:00-04:00,25344.25,25356.5,25342.25,25355.5,NaN
2025-10-20T22:15:00-04:00,25355.5,25365.25,25354.5,25364.75,NaN
2025-10-20T22:30:00-04:00,25365,25368,25348.25,25348.25,NaN
2025-10-20T22:45:00-04:00,25348.25,25353,25343,25347.5,NaN
2025-10-20T23:00:00-04:00,25346.75,25355.75,25346.5,25354.25,NaN
2025-10-20T23:15:00-04:00,25354.5,25355.75,25345,25345.5,NaN
2025-10-20T23:30:00-04:00,25345.5,25351,25333.75,25338.5,NaN
2025-10-20T23:45:00-04:00,25338.75,25338.75,25318.25,25328.75,NaN
2025-10-21T00:00:00-04:00,25329.25,25331.5,25315.5,25322.5,NaN
2025-10-21T00:15:00-04:00,25323,25327.75,25318.5,25325.75,NaN
2025-10-21T00:30:00-04:00,25326,25326.5,25313.25,25320,NaN
2025-10-21T00:45:00-04:00,25320.75,25322.75,25295.25,25308,NaN
2025-10-21T01:00:00-04:00,25308.5,25314,25290.5,25304.75,NaN
2025-10-21T01:15:00-04:00,25304.5,25317.5,25293.75,25297.75,NaN
2025-10-21T01:30:00-04:00,25297.25,25306.25,25292.25,25292.5,NaN
2025-10-21T01:45:00-04:00,25293,25298.5,25275.75,25297,NaN
2025-10-21T02:00:00-04:00,25297.75,25298,25266.25,25270.75,NaN
2025-10-21T02:15:00-04:00,25270.25,25290.75,25266.25,25279,NaN
2025-10-21T02:30:00-04:00,25278.5,25287,25272.75,25279.75,NaN
2025-10-21T02:45:00-04:00,25279.75,25294.25,25276,25278.75,NaN
2025-10-21T03:00:00-04:00,25278.75,25280.5,25261.25,25262.25,NaN
2025-10-21T03:15:00-04:00,25262,25288.75,25262,25286.5,NaN
2025-10-21T03:30:00-04:00,25287.25,25291,25270.5,25270.5,NaN
2025-10-21T03:45:00-04:00,25270.25,25279.5,25262.5,25277,NaN
2025-10-21T04:00:00-04:00,25278,25284.5,25270.5,25275.25,NaN
2025-10-21T04:15:00-04:00,25274.75,25274.75,25253,25263.75,NaN
2025-10-21T04:30:00-04:00,25264,25274,25256.75,25268.25,NaN
2025-10-21T04:45:00-04:00,25269.25,25274.75,25264,25267.75,NaN
2025-10-21T05:00:00-04:00,25267.5,25287.75,25265.75,25284.5,NaN
2025-10-21T05:15:00-04:00,25283.75,25290,25275,25288.25,NaN
2025-10-21T05:30:00-04:00,25287.25,25296,25280.75,25286.5,NaN
2025-10-21T05:45:00-04:00,25286.5,25296,25279.5,25281.5,NaN
2025-10-21T06:00:00-04:00,25282,25287,25272.25,25273,NaN
2025-10-21T06:15:00-04:00,25272.75,25275.25,25258.75,25274.5,NaN
2025-10-21T06:30:00-04:00,25275.25,25282,25267.25,25277.5,NaN
2025-10-21T06:45:00-04:00,25277,25288.25,25273,25279.25,NaN
2025-10-21T07:00:00-04:00,25279.5,25295.5,25274,25294.5,NaN
2025-10-21T07:15:00-04:00,25294.25,25305.5,25294.25,25304,NaN
2025-10-21T07:30:00-04:00,25304.75,25305.25,25285.25,25296.5,NaN
2025-10-21T07:45:00-04:00,25296.25,25308.5,25295.25,25307.5,NaN
2025-10-21T08:00:00-04:00,25306.75,25314.25,25299.25,25307,NaN
2025-10-21T08:15:00-04:00,25307,25315.25,25300.75,25308,NaN
2025-10-21T08:30:00-04:00,25307.5,25311,25291,25305.25,NaN
2025-10-21T08:45:00-04:00,25305.75,25310.5,25293.25,25298.25,NaN
2025-10-21T09:00:00-04:00,25298.5,25305.75,25271.5,25288.5,NaN
2025-10-21T09:15:00-04:00,25289,25301.5,25275.5,25301,NaN
2025-10-21T09:30:00-04:00,25300.75,25304.5,25233,25256.5,NaN
2025-10-21T09:45:00-04:00,25256,25270.75,25211.5,25234.75,NaN
2025-10-21T10:00:00-04:00,25235,25254,25212,25248.5,NaN
2025-10-21T10:15:00-04:00,25248.25,25286,25205.25,25221.25,NaN
2025-10-21T10:30:00-04:00,25220.75,25267,25203.25,25247.25,NaN
2025-10-21T10:45:00-04:00,25247.25,25302,25230.25,25298,NaN
2025-10-21T11:00:00-04:00,25297.75,25303.75,25269.5,25286.25,NaN
2025-10-21T11:15:00-04:00,25285.75,25285.75,25241.75,25275.5,NaN
2025-10-21T11:30:00-04:00,25275.5,25293.75,25257.5,25281.5,NaN
2025-10-21T11:45:00-04:00,25281.25,25326.75,25281,25322.75,NaN
2025-10-21T12:00:00-04:00,25322.25,25344,25316,25328,NaN
2025-10-21T12:15:00-04:00,25328,25337.5,25315.75,25336.25,NaN
2025-10-21T12:30:00-04:00,25336.25,25342.25,25322.25,25333,NaN
2025-10-21T12:45:00-04:00,25332.75,25348.5,25277.5,25285.5,NaN
2025-10-21T13:00:00-04:00,25285.75,25309.75,25250,25306.75,NaN
2025-10-21T13:15:00-04:00,25306.25,25309,25258,25283.75,NaN
2025-10-21T13:30:00-04:00,25283.75,25304,25272.75,25290.5,NaN
2025-10-21T13:45:00-04:00,25290.5,25317.5,25285,25313.25,NaN
2025-10-21T14:00:00-04:00,25313.5,25318.5,25306.5,25311,NaN
2025-10-21T14:15:00-04:00,25311,25327,25290,25316.25,NaN
2025-10-21T14:30:00-04:00,25316,25321.25,25298.75,25299.5,NaN
2025-10-21T14:45:00-04:00,25300,25316,25297,25309.75,NaN
2025-10-21T15:00:00-04:00,25309.25,25315,25300,25313,NaN
2025-10-21T15:15:00-04:00,25313,25324.25,25305,25308.75,NaN
2025-10-21T15:30:00-04:00,25308.5,25312,25298.75,25312,NaN
2025-10-21T15:45:00-04:00,25311.5,25334.25,25286.75,25291.25,NaN
2025-10-21T16:00:00-04:00,25291,25299.25,25228.75,25244.75,NaN
2025-10-21T16:15:00-04:00,25245,25261.5,25244.75,25258.25,NaN
2025-10-21T16:30:00-04:00,25257.5,25272.5,25255,25266,NaN
2025-10-21T16:45:00-04:00,25266.5,25269.25,25256.5,25265.25,NaN
2025-10-21T18:00:00-04:00,25283.75,25285.5,25257.75,25262,NaN
2025-10-21T18:15:00-04:00,25261.75,25276.75,25261.75,25274.75,NaN
2025-10-21T18:30:00-04:00,25275.5,25279,25263.75,25268,NaN
2025-10-21T18:45:00-04:00,25268,25272.75,25262.25,25270.5,NaN
2025-10-21T19:00:00-04:00,25271,25271.75,25246.75,25252.75,NaN
2025-10-21T19:15:00-04:00,25253.75,25268.5,25249,25255.25,NaN
2025-10-21T19:30:00-04:00,25255.25,25257,25247.5,25249.75,NaN
2025-10-21T19:45:00-04:00,25251,25253.75,25240.25,25245.75,NaN
2025-10-21T20:00:00-04:00,25246.5,25255.75,25229.25,25247,NaN
2025-10-21T20:15:00-04:00,25246.75,25247.5,25226.75,25239,NaN
2025-10-21T20:30:00-04:00,25240.25,25244.75,25223,25223,NaN
2025-10-21T20:45:00-04:00,25224.25,25230.75,25221,25225.5,NaN
2025-10-21T21:00:00-04:00,25225.5,25245,25214.5,25242,NaN
2025-10-21T21:15:00-04:00,25241.25,25248.75,25236,25245.25,NaN
2025-10-21T21:30:00-04:00,25244.75,25250,25239.5,25245.25,NaN
2025-10-21T21:45:00-04:00,25245,25268.75,25242,25266,NaN
2025-10-21T22:00:00-04:00,25266,25274,25253,25273,NaN
2025-10-21T22:15:00-04:00,25272.25,25282.25,25270,25281.75,NaN
2025-10-21T22:30:00-04:00,25282,25282.25,25271,25275.25,NaN
2025-10-21T22:45:00-04:00,25275.25,25276,25269.5,25273.5,NaN
2025-10-21T23:00:00-04:00,25273,25274.25,25257.25,25259.5,NaN
2025-10-21T23:15:00-04:00,25259.25,25262.5,25246,25252.25,NaN
2025-10-21T23:30:00-04:00,25252.25,25256.5,25244,25250,NaN
2025-10-21T23:45:00-04:00,25250.75,25292.75,25250,25290.75,NaN
2025-10-22T00:00:00-04:00,25290.75,25331.75,25289,25320,NaN
2025-10-22T00:15:00-04:00,25320.5,25333,25318.5,25320,NaN
2025-10-22T00:30:00-04:00,25319.25,25325.5,25317.5,25323.5,NaN
2025-10-22T00:45:00-04:00,25322.75,25324,25310.75,25317,NaN
2025-10-22T01:00:00-04:00,25317.5,25326,25314.25,25322,NaN
2025-10-22T01:15:00-04:00,25322.75,25323.5,25303.25,25311.75,NaN
2025-10-22T01:30:00-04:00,25311.5,25316.5,25297.75,25299,NaN
2025-10-22T01:45:00-04:00,25298.75,25313,25298.75,25307.5,NaN
2025-10-22T02:00:00-04:00,25309,25324.5,25294,25321.25,NaN
2025-10-22T02:15:00-04:00,25321.75,25330.5,25316.5,25317,NaN
2025-10-22T02:30:00-04:00,25317.5,25337.25,25306.75,25333.5,NaN
2025-10-22T02:45:00-04:00,25333.5,25338.25,25317.5,25318,NaN
2025-10-22T03:00:00-04:00,25318.5,25321,25275.75,25279.75,NaN
2025-10-22T03:15:00-04:00,25279.25,25302.75,25270,25302.25,NaN
2025-10-22T03:30:00-04:00,25302.75,25306.25,25293.25,25295.75,NaN
2025-10-22T03:45:00-04:00,25295.75,25304,25293.25,25297.75,NaN
2025-10-22T04:00:00-04:00,25297.5,25299,25262.75,25267.5,NaN
2025-10-22T04:15:00-04:00,25269,25269.25,25255.25,25267,NaN
2025-10-22T04:30:00-04:00,25267.75,25275.5,25255,25260.75,NaN
2025-10-22T04:45:00-04:00,25260,25274.25,25251,25267.25,NaN
2025-10-22T05:00:00-04:00,25266.75,25267.25,25237.5,25246.5,NaN
2025-10-22T05:15:00-04:00,25246.75,25262.25,25231.5,25257.75,NaN
2025-10-22T05:30:00-04:00,25257.75,25268,25245.75,25252.75,NaN
2025-10-22T05:45:00-04:00,25253.5,25274,25246.5,25271.5,NaN
2025-10-22T06:00:00-04:00,25272,25274,25263.5,25271,NaN
2025-10-22T06:15:00-04:00,25271,25289.25,25270,25285.75,NaN
2025-10-22T06:30:00-04:00,25285.25,25305.5,25282.5,25304.25,NaN
2025-10-22T06:45:00-04:00,25304.75,25305,25284,25286.25,NaN
2025-10-22T07:00:00-04:00,25286.5,25290.5,25227.5,25250.25,NaN
2025-10-22T07:15:00-04:00,25248.5,25261,25229.5,25236.25,NaN
2025-10-22T07:30:00-04:00,25237,25247.25,25207.5,25216,NaN
2025-10-22T07:45:00-04:00,25215.75,25240.75,25206.5,25225,NaN
2025-10-22T08:00:00-04:00,25224.75,25256.75,25218.25,25251.5,NaN
2025-10-22T08:15:00-04:00,25252,25263.25,25247.5,25253.5,NaN
2025-10-22T08:30:00-04:00,25254,25264.75,25242.75,25262,NaN
2025-10-22T08:45:00-04:00,25262.75,25268.25,25257,25260.5,NaN
2025-10-22T09:00:00-04:00,25260.75,25275.75,25250,25272.75,NaN
2025-10-22T09:15:00-04:00,25273.25,25278.5,25261.5,25265,NaN
2025-10-22T09:30:00-04:00,25265.5,25271.5,25172.25,25259.5,NaN
2025-10-22T09:45:00-04:00,25260,25289.25,25236.25,25258,NaN
2025-10-22T10:00:00-04:00,25258,25280.75,25209.75,25211.25,NaN
2025-10-22T10:15:00-04:00,25211,25245,25114.25,25125.25,NaN
2025-10-22T10:30:00-04:00,25125.25,25142.25,25071.25,25074.25,NaN
2025-10-22T10:45:00-04:00,25074,25176.5,25050.5,25173,NaN
2025-10-22T11:00:00-04:00,25173.75,25192.25,25120.75,25142,NaN
2025-10-22T11:15:00-04:00,25141.25,25154.25,25023.5,25028,NaN
2025-10-22T11:30:00-04:00,25028,25074,25003.25,25061.25,NaN
2025-10-22T11:45:00-04:00,25061.5,25131.75,25060.25,25100.75,NaN
2025-10-22T12:00:00-04:00,25101,25110,25045.25,25065.25,NaN
2025-10-22T12:15:00-04:00,25066.25,25090.25,25007.25,25028.75,NaN
2025-10-22T12:30:00-04:00,25028.25,25052.5,24867,24990.25,NaN
2025-10-22T12:45:00-04:00,24991.25,25036.5,24951.5,24992.75,NaN
2025-10-22T13:00:00-04:00,24991.5,25011.25,24932,24933.5,NaN
2025-10-22T13:15:00-04:00,24933,24942,24875.75,24909.25,NaN
2025-10-22T13:30:00-04:00,24909.25,24927.5,24820.5,24829.75,NaN
2025-10-22T13:45:00-04:00,24830.5,24874.25,24804.75,24874,NaN
2025-10-22T14:00:00-04:00,24873.75,24911.25,24853.75,24858.5,NaN
2025-10-22T14:15:00-04:00,24858.25,24944,24827,24916.25,NaN
2025-10-22T14:30:00-04:00,24916,24947.25,24889.25,24931.75,NaN
2025-10-22T14:45:00-04:00,24931,24960,24903,24957.5,NaN
2025-10-22T15:00:00-04:00,24957.75,25009.75,24923.25,24981,NaN
2025-10-22T15:15:00-04:00,24980.5,25017.5,24980.25,25009.25,NaN
2025-10-22T15:30:00-04:00,25009.5,25058.25,25008,25026,NaN
2025-10-22T15:45:00-04:00,25026.25,25047.75,25010.5,25040.5,NaN
2025-10-22T16:00:00-04:00,25041,25076.5,25031,25054.5,NaN
2025-10-22T16:15:00-04:00,25054,25056,25024,25029.75,NaN
2025-10-22T16:30:00-04:00,25030,25046,25023.5,25044,NaN
2025-10-22T16:45:00-04:00,25044.5,25048,25033.5,25040,NaN
2025-10-22T18:00:00-04:00,25012.25,25040.5,25000.25,25040.5,NaN
2025-10-22T18:15:00-04:00,25040.75,25059.5,25034,25040,NaN
2025-10-22T18:30:00-04:00,25039.75,25049.5,25034.25,25044,NaN
2025-10-22T18:45:00-04:00,25043.25,25056.25,25038.5,25044.5,NaN
2025-10-22T19:00:00-04:00,25044.25,25064.5,25039,25056.75,NaN
2025-10-22T19:15:00-04:00,25056,25057.75,25042.25,25044.25,NaN
2025-10-22T19:30:00-04:00,25044.75,25050,25026,25029.75,NaN
2025-10-22T19:45:00-04:00,25028.5,25032.25,24992,24997,NaN
2025-10-22T20:00:00-04:00,24996,25006.5,24951.25,25003.5,NaN
2025-10-22T20:15:00-04:00,25002.5,25030.75,25002.5,25027.5,NaN
2025-10-22T20:30:00-04:00,25026.75,25045.5,25014,25022.75,NaN
2025-10-22T20:45:00-04:00,25023.75,25055,25015,25048.5,NaN
2025-10-22T21:00:00-04:00,25048.75,25069,25047.25,25065,NaN
2025-10-22T21:15:00-04:00,25064.25,25081,25063.25,25072,NaN
2025-10-22T21:30:00-04:00,25071.25,25105,25069.75,25094.25,NaN
2025-10-22T21:45:00-04:00,25093.25,25099,25084.25,25099,NaN
2025-10-22T22:00:00-04:00,25099,25106.5,25091.5,25091.75,NaN
2025-10-22T22:15:00-04:00,25092,25107.5,25090.25,25103,NaN
2025-10-22T22:30:00-04:00,25102,25107.25,25095.5,25102,NaN
2025-10-22T22:45:00-04:00,25103,25111.5,25098,25099,NaN
2025-10-22T23:00:00-04:00,25099.75,25111,25098,25109.75,NaN
2025-10-22T23:15:00-04:00,25109.75,25113.25,25089.75,25090.75,NaN
2025-10-22T23:30:00-04:00,25091.25,25099.5,25074,25087,NaN
2025-10-22T23:45:00-04:00,25088,25093.5,25080,25086.25,NaN
2025-10-23T00:00:00-04:00,25086.5,25094.75,25070.75,25072.5,NaN
2025-10-23T00:15:00-04:00,25073.25,25087.75,25062,25080.75,NaN
2025-10-23T00:30:00-04:00,25081.25,25082.5,25062,25067,NaN
2025-10-23T00:45:00-04:00,25067.25,25075.5,25064,25071.25,NaN
2025-10-23T01:00:00-04:00,25072.75,25078.5,25064.75,25073.5,NaN
2025-10-23T01:15:00-04:00,25072.75,25073.25,25053.5,25065.5,NaN
2025-10-23T01:30:00-04:00,25065,25077,25061.5,25071.25,NaN
2025-10-23T01:45:00-04:00,25070.75,25093.75,25067.75,25091,NaN
2025-10-23T02:00:00-04:00,25091,25096.75,25075.25,25081.25,NaN
2025-10-23T02:15:00-04:00,25081,25096.5,25078.75,25084.5,NaN
2025-10-23T02:30:00-04:00,25085.75,25096.25,25077,25092.25,NaN
2025-10-23T02:45:00-04:00,25093.5,25112.25,25092,25104.75,NaN
2025-10-23T03:00:00-04:00,25104.5,25128,25102.75,25120,NaN
2025-10-23T03:15:00-04:00,25119.25,25121,25069,25086.75,NaN
2025-10-23T03:30:00-04:00,25086.5,25101.25,25081.25,25092.75,NaN
2025-10-23T03:45:00-04:00,25093,25102,25085.25,25091.75,NaN
2025-10-23T04:00:00-04:00,25091.75,25115.5,25087.5,25096,NaN
2025-10-23T04:15:00-04:00,25096.5,25102.25,25089,25091.25,NaN
2025-10-23T04:30:00-04:00,25090.25,25102.5,25084,25088,NaN
2025-10-23T04:45:00-04:00,25088.5,25089.75,25069.5,25084,NaN
2025-10-23T05:00:00-04:00,25083.75,25092.5,25045,25065.5,NaN
2025-10-23T05:15:00-04:00,25065.5,25065.5,25030,25048.25,NaN
2025-10-23T05:30:00-04:00,25047.5,25054.75,25039.25,25044.25,NaN
2025-10-23T05:45:00-04:00,25044.75,25063.25,25025.25,25059,NaN
2025-10-23T06:00:00-04:00,25059.5,25067.5,25055.25,25058.75,NaN
2025-10-23T06:15:00-04:00,25059,25067,25051.25,25054.75,NaN
2025-10-23T06:30:00-04:00,25055.75,25064.25,25046,25047.25,NaN
2025-10-23T06:45:00-04:00,25046.5,25053,25035.25,25048.75,NaN
2025-10-23T07:00:00-04:00,25049,25053,24987.75,25002,NaN
2025-10-23T07:15:00-04:00,25002.75,25019.5,24995.75,25017.75,NaN
2025-10-23T07:30:00-04:00,25016.75,25017,24983.75,24988.5,NaN
2025-10-23T07:45:00-04:00,24987.5,24991,24962.75,24973.25,NaN
2025-10-23T08:00:00-04:00,24973.25,24974.5,24955,24960,NaN
2025-10-23T08:15:00-04:00,24959.5,24975.25,24940,24970,NaN
2025-10-23T08:30:00-04:00,24969.5,24971.25,24937,24963.5,NaN
2025-10-23T08:45:00-04:00,24963,25011.75,24960.5,25008.25,NaN
2025-10-23T09:00:00-04:00,25008,25013.5,24940.75,24979.25,NaN
2025-10-23T09:15:00-04:00,24978.5,25019.25,24974,25016,NaN
2025-10-23T09:30:00-04:00,25016.25,25092.25,24999,25092.25,NaN
2025-10-23T09:45:00-04:00,25092,25179.75,25091.25,25160.5,NaN
2025-10-23T10:00:00-04:00,25160.75,25176.5,25102,25137,NaN
2025-10-23T10:15:00-04:00,25136.5,25168.75,25084,25147.25,NaN
2025-10-23T10:30:00-04:00,25147,25190.25,25133.75,25164.5,NaN
2025-10-23T10:45:00-04:00,25164.25,25198.5,25142.75,25190,NaN
2025-10-23T11:00:00-04:00,25189.75,25194.25,25160.5,25173,NaN
2025-10-23T11:15:00-04:00,25172.75,25185.5,25140.5,25179.75,NaN
2025-10-23T11:30:00-04:00,25180,25205.25,25119.5,25128.5,NaN
2025-10-23T11:45:00-04:00,25128.5,25216.5,25123,25193.75,NaN
2025-10-23T12:00:00-04:00,25194.75,25224.75,25187.25,25222.75,NaN
2025-10-23T12:15:00-04:00,25223.25,25226.75,25183.75,25200.5,NaN
2025-10-23T12:30:00-04:00,25200.75,25230.25,25198.25,25228.25,NaN
2025-10-23T12:45:00-04:00,25228.5,25241.25,25216,25240,NaN
2025-10-23T13:00:00-04:00,25240,25248.5,25189.5,25236.5,NaN
2025-10-23T13:15:00-04:00,25236.25,25242.5,25199,25207,NaN
2025-10-23T13:30:00-04:00,25207.25,25274.5,25204.75,25266.25,NaN
2025-10-23T13:45:00-04:00,25266.5,25283.25,25265.5,25278.75,NaN
2025-10-23T14:00:00-04:00,25279.5,25282.75,25257.75,25261.75,NaN
2025-10-23T14:15:00-04:00,25261.5,25278,25245.5,25276.25,NaN
2025-10-23T14:30:00-04:00,25276.25,25288,25256.75,25264.5,NaN
2025-10-23T14:45:00-04:00,25264.5,25277.25,25254.25,25273.75,NaN
2025-10-23T15:00:00-04:00,25274.25,25281,25262.5,25276.5,NaN
2025-10-23T15:15:00-04:00,25276.75,25282.5,25266.25,25275,NaN
2025-10-23T15:30:00-04:00,25275,25275,25253.25,25256.5,NaN
2025-10-23T15:45:00-04:00,25256.5,25268.75,25230.5,25253,NaN
2025-10-23T16:00:00-04:00,25252.5,25281,25247.5,25268,NaN
2025-10-23T16:15:00-04:00,25268,25275.25,25264,25273,NaN
2025-10-23T16:30:00-04:00,25272.75,25296,25270.25,25282.5,NaN
2025-10-23T16:45:00-04:00,25282,25285,25265.25,25278,NaN
2025-10-23T18:00:00-04:00,25283.25,25300.75,25276,25292.5,NaN
2025-10-23T18:15:00-04:00,25292.25,25299.75,25289.5,25292,NaN
2025-10-23T18:30:00-04:00,25294.25,25303,25292.25,25295.25,NaN
2025-10-23T18:45:00-04:00,25297,25298,25288.25,25291.75,NaN
2025-10-23T19:00:00-04:00,25291.75,25301.75,25291,25299,NaN
2025-10-23T19:15:00-04:00,25297.75,25300.5,25294.5,25297.75,NaN
2025-10-23T19:30:00-04:00,25297.5,25301.75,25296,25297.25,NaN
2025-10-23T19:45:00-04:00,25298.5,25304.5,25294.25,25297.25,NaN
2025-10-23T20:00:00-04:00,25298.25,25305.5,25284.75,25290.75,NaN
2025-10-23T20:15:00-04:00,25291,25296.75,25289.5,25292.5,NaN
2025-10-23T20:30:00-04:00,25292.75,25304.25,25292.5,25299.25,NaN
2025-10-23T20:45:00-04:00,25300,25301.5,25292.75,25301,NaN
2025-10-23T21:00:00-04:00,25300.25,25318.75,25299.5,25318,NaN
2025-10-23T21:15:00-04:00,25318.25,25321.25,25302.5,25303.75,NaN
2025-10-23T21:30:00-04:00,25303,25307.25,25297,25307,NaN
2025-10-23T21:45:00-04:00,25307,25319.5,25306.5,25318.25,NaN
2025-10-23T22:00:00-04:00,25317.5,25319.75,25311.5,25318,NaN
2025-10-23T22:15:00-04:00,25317.75,25326.25,25315.5,25323,NaN
2025-10-23T22:30:00-04:00,25322.5,25323.25,25303,25304.75,NaN
2025-10-23T22:45:00-04:00,25304.5,25316.75,25304,25309.5,NaN
2025-10-23T23:00:00-04:00,25310,25313.25,25304.5,25308.75,NaN
2025-10-23T23:15:00-04:00,25309.25,25328,25309.25,25326.25,NaN
2025-10-23T23:30:00-04:00,25326,25329.75,25324.5,25327,NaN
2025-10-23T23:45:00-04:00,25325.75,25330,25324,25329,NaN
2025-10-24T00:00:00-04:00,25328.5,25331.75,25319.75,25329.75,NaN
2025-10-24T00:15:00-04:00,25330,25335,25325.5,25328.25,NaN
2025-10-24T00:30:00-04:00,25327.25,25329.25,25323.25,25327,NaN
2025-10-24T00:45:00-04:00,25327.5,25335.25,25326.25,25332.75,NaN
2025-10-24T01:00:00-04:00,25332,25336,25329,25329.5,NaN
2025-10-24T01:15:00-04:00,25329.5,25345.25,25327.5,25343,NaN
2025-10-24T01:30:00-04:00,25342.75,25344.25,25335.25,25343.75,NaN
2025-10-24T01:45:00-04:00,25342.75,25347.5,25340.25,25346.25,NaN
2025-10-24T02:00:00-04:00,25346.75,25370.25,25345,25366,NaN
2025-10-24T02:15:00-04:00,25366.75,25381.5,25366.5,25378.5,NaN
2025-10-24T02:30:00-04:00,25378.75,25378.75,25355.25,25357.5,NaN
2025-10-24T02:45:00-04:00,25358,25364.75,25354.75,25360.75,NaN
2025-10-24T03:00:00-04:00,25361.75,25366.5,25350,25353.5,NaN
2025-10-24T03:15:00-04:00,25353.25,25356.75,25341,25346.5,NaN
2025-10-24T03:30:00-04:00,25347.5,25368.5,25344.5,25356,NaN
2025-10-24T03:45:00-04:00,25355,25356.75,25333.5,25337.25,NaN
2025-10-24T04:00:00-04:00,25338,25342.75,25324,25334.75,NaN
2025-10-24T04:15:00-04:00,25334,25346.75,25332.5,25345.5,NaN
2025-10-24T04:30:00-04:00,25346,25352.75,25335,25352.75,NaN
2025-10-24T04:45:00-04:00,25353.25,25371.5,25349.5,25353.75,NaN
2025-10-24T05:00:00-04:00,25352,25359.75,25352,25359,NaN
2025-10-24T05:15:00-04:00,25359.25,25381.25,25354,25377.5,NaN
2025-10-24T05:30:00-04:00,25378.25,25393.5,25377.5,25390,NaN
2025-10-24T05:45:00-04:00,25389.5,25390.25,25375,25377,NaN
2025-10-24T06:00:00-04:00,25377.25,25389.75,25368.25,25387.5,NaN
2025-10-24T06:15:00-04:00,25387.75,25391,25371.5,25375.5,NaN
2025-10-24T06:30:00-04:00,25375.25,25386.5,25371.75,25374.75,NaN
2025-10-24T06:45:00-04:00,25375,25380.25,25364.5,25366.75,NaN
2025-10-24T07:00:00-04:00,25366,25381.5,25364.5,25379.5,NaN
2025-10-24T07:15:00-04:00,25380,25380.5,25363,25370,NaN
2025-10-24T07:30:00-04:00,25370,25376.5,25363.75,25369.5,NaN
2025-10-24T07:45:00-04:00,25369.5,25386.25,25369,25374.25,NaN
2025-10-24T08:00:00-04:00,25374.5,25384.25,25371.75,25375.75,NaN
2025-10-24T08:15:00-04:00,25375.25,25380.5,25364.25,25367.25,NaN
2025-10-24T08:30:00-04:00,25365,25523.25,25344,25470.25,NaN
2025-10-24T08:45:00-04:00,25471.5,25487.5,25446.25,25457.75,NaN
2025-10-24T09:00:00-04:00,25459,25479,25453.5,25475.5,NaN
2025-10-24T09:15:00-04:00,25475.75,25493.5,25464.75,25466.75,NaN
2025-10-24T09:30:00-04:00,25466.5,25530.5,25429.75,25512.25,NaN
2025-10-24T09:45:00-04:00,25506.75,25535,25464,25506,NaN
2025-10-24T10:00:00-04:00,25506,25548.75,25493.25,25537.75,NaN
2025-10-24T10:15:00-04:00,25538.5,25539.75,25494,25499.75,NaN
2025-10-24T10:30:00-04:00,25499.25,25536,25469,25531.25,NaN
2025-10-24T10:45:00-04:00,25531.25,25533.5,25431.5,25468,NaN
2025-10-24T11:00:00-04:00,25467.75,25503.5,25456.75,25502,NaN
2025-10-24T11:15:00-04:00,25502.5,25543.75,25502.5,25534.5,NaN
2025-10-24T11:30:00-04:00,25535.25,25546.5,25513.25,25521.25,NaN
2025-10-24T11:45:00-04:00,25521.25,25536.25,25500.75,25523,NaN
2025-10-24T12:00:00-04:00,25522.5,25542.5,25521,25539.25,NaN
2025-10-24T12:15:00-04:00,25538.5,25563,25532.25,25536.75,NaN
2025-10-24T12:30:00-04:00,25537,25547,25520,25527.5,NaN
2025-10-24T12:45:00-04:00,25527.5,25561.75,25521.75,25551,NaN
2025-10-24T13:00:00-04:00,25551,25558,25541,25543,NaN
2025-10-24T13:15:00-04:00,25542.75,25557.75,25538.75,25546,NaN
2025-10-24T13:30:00-04:00,25546,25561.25,25541.25,25556.25,NaN
2025-10-24T13:45:00-04:00,25556.75,25570.75,25547.5,25549.25,NaN
2025-10-24T14:00:00-04:00,25549,25555,25534.25,25547.75,NaN
2025-10-24T14:15:00-04:00,25548,25553.75,25540,25545.75,NaN
2025-10-24T14:30:00-04:00,25545.25,25555,25538.25,25539.5,NaN
2025-10-24T14:45:00-04:00,25539.5,25546,25528.25,25544,NaN
2025-10-24T15:00:00-04:00,25543.75,25565,25542.75,25556.75,NaN
2025-10-24T15:15:00-04:00,25557.25,25566.75,25550.75,25561,NaN
2025-10-24T15:30:00-04:00,25560.75,25561.75,25538.5,25542.75,NaN
2025-10-24T15:45:00-04:00,25542.75,25550.75,25497.5,25509.5,NaN
2025-10-24T16:00:00-04:00,25509,25523,25497.5,25506.5,NaN
2025-10-24T16:15:00-04:00,25506.75,25522.75,25504.25,25518.25,NaN
2025-10-24T16:30:00-04:00,25518.5,25525.75,25510.75,25512.75,NaN
2025-10-24T16:45:00-04:00,25512.5,25515.5,25508.5,25510.25,NaN
2025-10-26T18:00:00-04:00,25723.5,25768.25,25703.75,25711.5,NaN
2025-10-26T18:15:00-04:00,25711.5,25744.25,25700,25742,NaN
2025-10-26T18:30:00-04:00,25742,25752.5,25722,25725.75,NaN
2025-10-26T18:45:00-04:00,25726,25735.5,25716.25,25721.25,NaN
2025-10-26T19:00:00-04:00,25722,25742,25722,25724.25,NaN
2025-10-26T19:15:00-04:00,25725.25,25730.75,25718.5,25721,NaN
2025-10-26T19:30:00-04:00,25720.75,25734.25,25720,25727.25,NaN
2025-10-26T19:45:00-04:00,25727.25,25727.75,25709.75,25717.75,NaN
2025-10-26T20:00:00-04:00,25717,25743.75,25706.75,25743,NaN
2025-10-26T20:15:00-04:00,25742,25743.75,25721.5,25730.5,NaN
2025-10-26T20:30:00-04:00,25730.5,25743.5,25730.5,25737,NaN
2025-10-26T20:45:00-04:00,25736.75,25738.5,25721.5,25722.75,NaN
2025-10-26T21:00:00-04:00,25723,25725.75,25711.5,25712.5,NaN
2025-10-26T21:15:00-04:00,25711.75,25728.25,25711,25723.25,NaN
2025-10-26T21:30:00-04:00,25724,25732,25721.5,25725.5,NaN
2025-10-26T21:45:00-04:00,25726,25726.75,25713.75,25717.75,NaN
2025-10-26T22:00:00-04:00,25718.25,25727.25,25712.5,25719.5,NaN
2025-10-26T22:15:00-04:00,25719.5,25729.75,25719,25724.5,NaN
2025-10-26T22:30:00-04:00,25725,25742,25724.5,25740,NaN
2025-10-26T22:45:00-04:00,25740.25,25751,25740.25,25750.25,NaN
2025-10-26T23:00:00-04:00,25750.5,25759,25747.75,25759,NaN
2025-10-26T23:15:00-04:00,25759.25,25772.5,25759,25769,NaN
2025-10-26T23:30:00-04:00,25768.5,25773,25759.25,25761.25,NaN
2025-10-26T23:45:00-04:00,25762,25763.5,25756,25761.25,NaN
2025-10-27T00:00:00-04:00,25760.75,25766.5,25753,25758.5,NaN
2025-10-27T00:15:00-04:00,25758.75,25767.5,25755,25766.75,NaN
2025-10-27T00:30:00-04:00,25766.25,25768.75,25759,25764.5,NaN
2025-10-27T00:45:00-04:00,25764.5,25766,25757.25,25762,NaN
2025-10-27T01:00:00-04:00,25764,25780.5,25761.25,25774.5,NaN
2025-10-27T01:15:00-04:00,25774,25784,25770.5,25781,NaN
2025-10-27T01:30:00-04:00,25781,25782.75,25772,25776.25,NaN
2025-10-27T01:45:00-04:00,25775.5,25789.75,25775.5,25782.5,NaN
2025-10-27T02:00:00-04:00,25783,25797,25780,25789.25,NaN
2025-10-27T02:15:00-04:00,25788,25801.75,25787.25,25798.25,NaN
2025-10-27T02:30:00-04:00,25797.5,25802,25786.5,25791.75,NaN
2025-10-27T02:45:00-04:00,25792.25,25796.75,25782,25783.75,NaN
2025-10-27T03:00:00-04:00,25782.5,25801.75,25779.25,25798,NaN
2025-10-27T03:15:00-04:00,25798.75,25816.5,25798.5,25807.75,NaN
2025-10-27T03:30:00-04:00,25807.75,25814.5,25799.5,25800.25,NaN
2025-10-27T03:45:00-04:00,25799.75,25803.5,25792,25792.5,NaN
2025-10-27T04:00:00-04:00,25793,25799,25782.5,25791,NaN
2025-10-27T04:15:00-04:00,25791.5,25796.25,25771.25,25777,NaN
2025-10-27T04:30:00-04:00,25776.5,25795.75,25768.5,25793.25,NaN
2025-10-27T04:45:00-04:00,25793.5,25807.25,25793,25802.5,NaN
2025-10-27T05:00:00-04:00,25803.25,25805,25795.75,25800.25,NaN
2025-10-27T05:15:00-04:00,25800.75,25804.5,25790,25792.25,NaN
2025-10-27T05:30:00-04:00,25792,25826,25791.5,25824.75,NaN
2025-10-27T05:45:00-04:00,25825.25,25839.5,25823.25,25839.5,NaN
2025-10-27T06:00:00-04:00,25839.5,25841.75,25829.25,25837.75,NaN
2025-10-27T06:15:00-04:00,25838.25,25847.75,25836.25,25844,NaN
2025-10-27T06:30:00-04:00,25844.25,25851.5,25838.75,25845.75,NaN
2025-10-27T06:45:00-04:00,25846.25,25852.5,25837.25,25838.5,NaN
2025-10-27T07:00:00-04:00,25838,25848.5,25830.25,25833.25,NaN
2025-10-27T07:15:00-04:00,25833,25839.5,25828.25,25836,NaN
2025-10-27T07:30:00-04:00,25835.5,25837.75,25820,25821.5,NaN
2025-10-27T07:45:00-04:00,25821.25,25823.75,25811,25819.75,NaN
2025-10-27T08:00:00-04:00,25819.5,25844.75,25817.25,25841.25,NaN
2025-10-27T08:15:00-04:00,25841.5,25845.75,25832.5,25837.25,NaN
2025-10-27T08:30:00-04:00,25835.5,25837.5,25824.25,25833,NaN
2025-10-27T08:45:00-04:00,25833.25,25837.75,25828.75,25831,NaN
2025-10-27T09:00:00-04:00,25830.75,25842.5,25827.5,25833.75,NaN
2025-10-27T09:15:00-04:00,25834.25,25839.5,25814.25,25815.75,NaN
2025-10-27T09:30:00-04:00,25815.75,25859.5,25796.5,25838.25,NaN
2025-10-27T09:45:00-04:00,25838.75,25854.5,25808.5,25848.75,NaN
2025-10-27T10:00:00-04:00,25849,25875.75,25842.5,25859.5,NaN
2025-10-27T10:15:00-04:00,25860.25,25870,25823,25868.5,NaN
2025-10-27T10:30:00-04:00,25868.5,25890.25,25857.25,25889,NaN
2025-10-27T10:45:00-04:00,25889.5,25892,25851.25,25857.5,NaN
2025-10-27T11:00:00-04:00,25857.75,25895,25855.5,25893.25,NaN
2025-10-27T11:15:00-04:00,25893.25,25901.5,25874.25,25898.25,NaN
2025-10-27T11:30:00-04:00,25898.25,25910,25892.5,25907.5,NaN
2025-10-27T11:45:00-04:00,25907.5,25908.25,25888,25893,NaN
2025-10-27T12:00:00-04:00,25893,25912,25889,25907,NaN
2025-10-27T12:15:00-04:00,25906.75,25908.25,25897,25903,NaN
2025-10-27T12:30:00-04:00,25903.25,25918,25901.25,25905.75,NaN
2025-10-27T12:45:00-04:00,25906,25917.25,25899.5,25913.75,NaN
2025-10-27T13:00:00-04:00,25913.5,25916,25897.5,25909,NaN
2025-10-27T13:15:00-04:00,25908.75,25911.5,25891,25900.5,NaN
2025-10-27T13:30:00-04:00,25900.75,25927.75,25895.75,25924,NaN
2025-10-27T13:45:00-04:00,25923.5,25929,25920.5,25926.5,NaN
2025-10-27T14:00:00-04:00,25926.75,25931.5,25919.5,25929.25,NaN
2025-10-27T14:15:00-04:00,25929.5,25935,25927.25,25930,NaN
2025-10-27T14:30:00-04:00,25930,25938,25923,25935.5,NaN
2025-10-27T14:45:00-04:00,25936,25946.25,25928,25941.5,NaN
2025-10-27T15:00:00-04:00,25941.75,25943.25,25930,25932.75,NaN
2025-10-27T15:15:00-04:00,25932.75,25933,25920.5,25927,NaN
2025-10-27T15:30:00-04:00,25927.25,25945.75,25924.5,25936.75,NaN
2025-10-27T15:45:00-04:00,25937,25981.25,25935.5,25961,NaN
2025-10-27T16:00:00-04:00,25960.75,25975.5,25960,25973.75,NaN
2025-10-27T16:15:00-04:00,25974.5,25998.5,25972.25,25996,NaN
2025-10-27T16:30:00-04:00,25996,26003.25,25996,26002.25,NaN
2025-10-27T16:45:00-04:00,26001.75,26013.5,26000.5,26003.75,NaN
2025-10-27T18:00:00-04:00,26002.5,26002.75,25986,25989.75,NaN
2025-10-27T18:15:00-04:00,25990,26000.25,25988.25,25994.25,NaN
2025-10-27T18:30:00-04:00,25994.25,25998.75,25990,25993.75,NaN
2025-10-27T18:45:00-04:00,25994,25998.5,25991,25996,NaN
2025-10-27T19:00:00-04:00,25996.5,26005.75,25994.25,26003.75,NaN
2025-10-27T19:15:00-04:00,26003,26017.75,26002.25,26013.75,NaN
2025-10-27T19:30:00-04:00,26012.75,26018.75,26005,26007.25,NaN
2025-10-27T19:45:00-04:00,26005,26013,25993.5,25995,NaN
2025-10-27T20:00:00-04:00,25994,25995.5,25977,25988.75,NaN
2025-10-27T20:15:00-04:00,25988.75,25990.5,25981,25984,NaN
2025-10-27T20:30:00-04:00,25983.75,25989.75,25977.5,25983.5,NaN
2025-10-27T20:45:00-04:00,25982.75,25983.75,25974,25975.5,NaN
2025-10-27T21:00:00-04:00,25975.25,25977.75,25963.75,25966.75,NaN
2025-10-27T21:15:00-04:00,25967.5,25977,25961.5,25968.75,NaN
2025-10-27T21:30:00-04:00,25968.5,25981.5,25965.75,25972.75,NaN
2025-10-27T21:45:00-04:00,25973.75,25976,25966.75,25969.5,NaN
2025-10-27T22:00:00-04:00,25968.75,25980.75,25968.25,25976.25,NaN
2025-10-27T22:15:00-04:00,25975.5,25981.25,25970,25977.5,NaN
2025-10-27T22:30:00-04:00,25977,25977.25,25967.75,25971.5,NaN
2025-10-27T22:45:00-04:00,25971.75,25980.5,25963.5,25977,NaN
2025-10-27T23:00:00-04:00,25977.5,25985.25,25967.25,25970,NaN
2025-10-27T23:15:00-04:00,25970,25979.5,25969.25,25978.5,NaN
2025-10-27T23:30:00-04:00,25979.25,25979.5,25972.5,25979,NaN
2025-10-27T23:45:00-04:00,25978.5,25989,25977,25982.5,NaN
2025-10-28T00:00:00-04:00,25981.25,25983.5,25973,25978.75,NaN
2025-10-28T00:15:00-04:00,25978.75,25979,25965,25969,NaN
2025-10-28T00:30:00-04:00,25969.25,25971,25962.5,25962.75,NaN
2025-10-28T00:45:00-04:00,25963.75,25967,25956,25957.25,NaN
2025-10-28T01:00:00-04:00,25957.5,25962.75,25946.5,25948.5,NaN
2025-10-28T01:15:00-04:00,25949,25955.75,25947.75,25953,NaN
2025-10-28T01:30:00-04:00,25952.75,25954.5,25946.5,25950.25,NaN
2025-10-28T01:45:00-04:00,25950,25967.25,25950,25961,NaN
2025-10-28T02:00:00-04:00,25961.5,25970.75,25956.75,25960.5,NaN
2025-10-28T02:15:00-04:00,25959.75,25969.25,25953.75,25966.5,NaN
2025-10-28T02:30:00-04:00,25966.75,25985.5,25966.75,25969.75,NaN
2025-10-28T02:45:00-04:00,25968.5,25972,25957,25957.5,NaN
2025-10-28T03:00:00-04:00,25958.5,25980.75,25956.75,25961.25,NaN
2025-10-28T03:15:00-04:00,25961.25,25978.5,25959.75,25973.75,NaN
2025-10-28T03:30:00-04:00,25973.5,25975.5,25965.25,25968.5,NaN
2025-10-28T03:45:00-04:00,25967,25969.5,25951.75,25957.75,NaN
2025-10-28T04:00:00-04:00,25958.75,25962.5,25943,25947.25,NaN
2025-10-28T04:15:00-04:00,25947.25,25959.5,25943.25,25950.5,NaN
2025-10-28T04:30:00-04:00,25951,25961,25946,25954.5,NaN
2025-10-28T04:45:00-04:00,25954,25973.5,25953.75,25968,NaN
2025-10-28T05:00:00-04:00,25968.75,25975,25968,25971,NaN
2025-10-28T05:15:00-04:00,25971.5,25978.5,25964,25969.5,NaN
2025-10-28T05:30:00-04:00,25970.5,25972.75,25962.5,25970.75,NaN
2025-10-28T05:45:00-04:00,25970.5,25981.75,25969.5,25975.75,NaN
2025-10-28T06:00:00-04:00,25975.5,25985,25967.75,25973.25,NaN
2025-10-28T06:15:00-04:00,25973.75,25989.5,25972,25985.5,NaN
2025-10-28T06:30:00-04:00,25986,25989,25976,25978.75,NaN
2025-10-28T06:45:00-04:00,25979.25,25981,25971,25977.5,NaN
2025-10-28T07:00:00-04:00,25978,25992.5,25977.75,25987,NaN
2025-10-28T07:15:00-04:00,25986.75,26003.5,25977.25,25995.25,NaN
2025-10-28T07:30:00-04:00,25995,26004,25990.25,26002,NaN
2025-10-28T07:45:00-04:00,26002.75,26003.5,25990.75,25993.75,NaN
2025-10-28T08:00:00-04:00,25993.75,26010.25,25992.5,26009.25,NaN
2025-10-28T08:15:00-04:00,26009,26025,26005.75,26019.5,NaN
2025-10-28T08:30:00-04:00,26019.75,26020,26005,26007,NaN
2025-10-28T08:45:00-04:00,26006.75,26013.5,26001,26012.5,NaN
2025-10-28T09:00:00-04:00,26012.5,26063.5,26008.25,26056.75,NaN
2025-10-28T09:15:00-04:00,26057.5,26060.75,26034.25,26051.75,NaN
2025-10-28T09:30:00-04:00,26051.5,26094.75,26041.5,26077.5,NaN
2025-10-28T09:45:00-04:00,26077.5,26085.5,26029.5,26065,NaN
2025-10-28T10:00:00-04:00,26065,26076.5,26054.25,26071.25,NaN
2025-10-28T10:15:00-04:00,26071.75,26074.5,26033.5,26045.75,NaN
2025-10-28T10:30:00-04:00,26045.5,26052,26014.25,26024.25,NaN
2025-10-28T10:45:00-04:00,26023.5,26046.75,26008.75,26035,NaN
2025-10-28T11:00:00-04:00,26035.5,26056.75,26032,26040.25,NaN
2025-10-28T11:15:00-04:00,26041.25,26051.25,26032.75,26045,NaN
2025-10-28T11:30:00-04:00,26044.75,26054,26006,26035.75,NaN
2025-10-28T11:45:00-04:00,26035.5,26061.75,26032.75,26060.5,NaN
2025-10-28T12:00:00-04:00,26060.75,26087.5,26060.5,26074,NaN
2025-10-28T12:15:00-04:00,26074.75,26098,26067.5,26092.75,NaN
2025-10-28T12:30:00-04:00,26092.25,26146.75,26075.75,26117.5,NaN
2025-10-28T12:45:00-04:00,26117.75,26133,26106,26108.5,NaN
2025-10-28T13:00:00-04:00,26108.5,26137.75,26102.75,26130.5,NaN
2025-10-28T13:15:00-04:00,26131,26140.25,26116,26128.5,NaN
2025-10-28T13:30:00-04:00,26128.5,26150.75,26125.5,26144,NaN
2025-10-28T13:45:00-04:00,26143.75,26158.25,26134.5,26153.25,NaN
2025-10-28T14:00:00-04:00,26153.5,26161.5,26147.25,26157.75,NaN
2025-10-28T14:15:00-04:00,26157.5,26186.5,26155.25,26182,NaN
2025-10-28T14:30:00-04:00,26182,26190.75,26176.75,26184.75,NaN
2025-10-28T14:45:00-04:00,26184.75,26197,26179,26194.75,NaN
2025-10-28T15:00:00-04:00,26194.75,26211.5,26180,26207.75,NaN
2025-10-28T15:15:00-04:00,26207.75,26230.75,26194.5,26225.5,NaN
2025-10-28T15:30:00-04:00,26225.75,26231.5,26183.5,26194.25,NaN
2025-10-28T15:45:00-04:00,26194,26202.75,26157.75,26160,NaN
2025-10-28T16:00:00-04:00,26160,26173.5,26150.5,26157,NaN
2025-10-28T16:15:00-04:00,26156.75,26169.5,26155.75,26164.75,NaN
2025-10-28T16:30:00-04:00,26165,26174.5,26161.75,26168.5,NaN
2025-10-28T16:45:00-04:00,26168.25,26178,26162,26172.5,NaN
2025-10-28T18:00:00-04:00,26179.75,26188.75,26172.5,26188.75,NaN
2025-10-28T18:15:00-04:00,26189,26190.25,26184.25,26187.75,NaN
2025-10-28T18:30:00-04:00,26186.75,26189,26173.75,26175,NaN
2025-10-28T18:45:00-04:00,26174.25,26177.25,26168.5,26173.5,NaN
2025-10-28T19:00:00-04:00,26172.25,26176.25,26164.5,26174.75,NaN
2025-10-28T19:15:00-04:00,26175,26187,26175,26176.75,NaN
2025-10-28T19:30:00-04:00,26175.75,26184.25,26174,26178.25,NaN
2025-10-28T19:45:00-04:00,26177.75,26189.75,26177.5,26183.5,NaN
2025-10-28T20:00:00-04:00,26184.25,26185,26166,26173.5,NaN
2025-10-28T20:15:00-04:00,26173.75,26187.25,26170,26185.25,NaN
2025-10-28T20:30:00-04:00,26186,26194,26176,26178.25,NaN
2025-10-28T20:45:00-04:00,26178.75,26181,26167,26174.5,NaN
2025-10-28T21:00:00-04:00,26174.25,26191,26172.75,26187.25,NaN
2025-10-28T21:15:00-04:00,26186.5,26198.75,26186,26194.25,NaN
2025-10-28T21:30:00-04:00,26195.25,26219,26193.25,26201,NaN
2025-10-28T21:45:00-04:00,26200.25,26222.75,26190,26215.5,NaN
2025-10-28T22:00:00-04:00,26216,26239.75,26214.25,26230.75,NaN
2025-10-28T22:15:00-04:00,26230.25,26252.75,26226,26246.75,NaN
2025-10-28T22:30:00-04:00,26246.75,26251,26239.25,26241,NaN
2025-10-28T22:45:00-04:00,26241.5,26251.5,26238,26239.25,NaN
2025-10-28T23:00:00-04:00,26239.75,26245.25,26237,26238.5,NaN
2025-10-28T23:15:00-04:00,26238.25,26247,26231.75,26236.5,NaN
2025-10-28T23:30:00-04:00,26237,26247.25,26224.25,26244.5,NaN
2025-10-28T23:45:00-04:00,26244,26251,26240.5,26244.5,NaN
2025-10-29T00:00:00-04:00,26244.25,26244.25,26221,26223,NaN
2025-10-29T00:15:00-04:00,26222.75,26242,26222.75,26237.75,NaN
2025-10-29T00:30:00-04:00,26237.75,26247.5,26237,26246,NaN
2025-10-29T00:45:00-04:00,26245.25,26249.5,26244.25,26246.25,NaN
2025-10-29T01:00:00-04:00,26245.5,26254.5,26245,26249.5,NaN
2025-10-29T01:15:00-04:00,26249.75,26259.75,26247.5,26257.5,NaN
2025-10-29T01:30:00-04:00,26257.5,26262.5,26250,26259.25,NaN
2025-10-29T01:45:00-04:00,26259.25,26263.75,26251.5,26260.75,NaN
2025-10-29T02:00:00-04:00,26261.25,26273.75,26256.5,26271.5,NaN
2025-10-29T02:15:00-04:00,26270.75,26289.75,26267.25,26286.5,NaN
2025-10-29T02:30:00-04:00,26284.25,26291,26273.5,26276.25,NaN
2025-10-29T02:45:00-04:00,26275.75,26281,26274,26281,NaN
2025-10-29T03:00:00-04:00,26281,26284,26267,26280.75,NaN
2025-10-29T03:15:00-04:00,26281,26284.75,26261,26276.75,NaN
2025-10-29T03:30:00-04:00,26276,26299,26273.25,26294,NaN
2025-10-29T03:45:00-04:00,26293.5,26297.25,26281.25,26292.75,NaN
2025-10-29T04:00:00-04:00,26291.75,26306.25,26287.25,26289.5,NaN
2025-10-29T04:15:00-04:00,26288.5,26309.75,26284.25,26289.75,NaN
2025-10-29T04:30:00-04:00,26289,26300,26267,26275,NaN
2025-10-29T04:45:00-04:00,26275,26282.25,26260.25,26269.75,NaN
2025-10-29T05:00:00-04:00,26268.75,26271.25,26235.25,26241.75,NaN
2025-10-29T05:15:00-04:00,26241.5,26256,26232.5,26237,NaN
2025-10-29T05:30:00-04:00,26237.25,26242,26229.5,26234.75,NaN
2025-10-29T05:45:00-04:00,26234.25,26241,26226.5,26237.75,NaN
2025-10-29T06:00:00-04:00,26237,26252.25,26230.25,26248,NaN
2025-10-29T06:15:00-04:00,26248,26264.25,26242.5,26260.25,NaN
2025-10-29T06:30:00-04:00,26260.5,26261.25,26246.5,26252,NaN
2025-10-29T06:45:00-04:00,26251.5,26273.25,26249.5,26250.25,NaN
2025-10-29T07:00:00-04:00,26249.5,26275,26245.5,26274.25,NaN
2025-10-29T07:15:00-04:00,26274,26291.25,26266.25,26288.75,NaN
2025-10-29T07:30:00-04:00,26288.25,26296.75,26280.75,26289.75,NaN
2025-10-29T07:45:00-04:00,26290.5,26291,26271,26275.5,NaN
2025-10-29T08:00:00-04:00,26274.75,26284.25,26271.25,26282,NaN
2025-10-29T08:15:00-04:00,26281,26288,26261.5,26264.25,NaN
2025-10-29T08:30:00-04:00,26264.25,26267.25,26244,26247.5,NaN
2025-10-29T08:45:00-04:00,26247.75,26272.5,26247.25,26260.25,NaN
2025-10-29T09:00:00-04:00,26260.75,26276,26258.75,26269.75,NaN
2025-10-29T09:15:00-04:00,26269.75,26275.5,26258,26265.75,NaN
2025-10-29T09:30:00-04:00,26266,26292.75,26254.75,26276,NaN
2025-10-29T09:45:00-04:00,26276.5,26319.5,26265,26318.75,NaN
2025-10-29T10:00:00-04:00,26319,26326.5,26265.25,26285.75,NaN
2025-10-29T10:15:00-04:00,26286,26300.25,26276,26298,NaN
2025-10-29T10:30:00-04:00,26298.25,26308.5,26271.75,26277.75,NaN
2025-10-29T10:45:00-04:00,26278,26289.5,26243.5,26259.5,NaN
2025-10-29T11:00:00-04:00,26260.25,26278,26238.25,26255,NaN
2025-10-29T11:15:00-04:00,26254.75,26276.75,26238,26253.25,NaN
2025-10-29T11:30:00-04:00,26253.25,26259,26229.5,26233,NaN
2025-10-29T11:45:00-04:00,26233,26249.5,26218.5,26237.75,NaN
2025-10-29T12:00:00-04:00,26237.75,26241,26203.25,26224.25,NaN
2025-10-29T12:15:00-04:00,26224.25,26256,26221.25,26248.75,NaN
2025-10-29T12:30:00-04:00,26249.25,26259.25,26240,26254.5,NaN
2025-10-29T12:45:00-04:00,26254.75,26266.5,26240.5,26254.25,NaN
2025-10-29T13:00:00-04:00,26254,26266,26251.75,26259.75,NaN
2025-10-29T13:15:00-04:00,26260.25,26268.25,26219,26229.25,NaN
2025-10-29T13:30:00-04:00,26229.5,26257.75,26223,26255.75,NaN
2025-10-29T13:45:00-04:00,26255.5,26266.75,26241.25,26254,NaN
2025-10-29T14:00:00-04:00,26255,26290,26204.75,26224.75,NaN
2025-10-29T14:15:00-04:00,26225,26257,26212.75,26248,NaN
2025-10-29T14:30:00-04:00,26248.25,26283.5,26049.25,26070,NaN
2025-10-29T14:45:00-04:00,26070.5,26228,26061,26184.75,NaN
2025-10-29T15:00:00-04:00,26185.25,26224,26111.75,26196,NaN
2025-10-29T15:15:00-04:00,26197.25,26241.25,26153,26192.5,NaN
2025-10-29T15:30:00-04:00,26193.25,26219.5,26149.75,26196,NaN
2025-10-29T15:45:00-04:00,26196.25,26287.5,26192.5,26281.25,NaN
2025-10-29T16:00:00-04:00,26280.5,26379.75,26159.75,26230.25,NaN
2025-10-29T16:15:00-04:00,26229.25,26266.25,26182.5,26249.5,NaN
2025-10-29T16:30:00-04:00,26250,26271.5,26216.75,26266.5,NaN
2025-10-29T16:45:00-04:00,26265.75,26275.25,26221,26221,NaN
2025-10-29T18:00:00-04:00,26154.5,26255.75,26150,26206,NaN
2025-10-29T18:15:00-04:00,26208,26215,26179,26180.25,NaN
2025-10-29T18:30:00-04:00,26180.5,26212.5,26180.5,26198,NaN
2025-10-29T18:45:00-04:00,26197.75,26210,26195.75,26200,NaN
2025-10-29T19:00:00-04:00,26199.25,26209.5,26189.5,26195.25,NaN
2025-10-29T19:15:00-04:00,26195.25,26241.5,26190.75,26227,NaN
2025-10-29T19:30:00-04:00,26228,26230.5,26162.75,26183.5,NaN
2025-10-29T19:45:00-04:00,26184,26247.25,26182.75,26234.75,NaN
2025-10-29T20:00:00-04:00,26236.25,26280,26236.25,26277.25,NaN
2025-10-29T20:15:00-04:00,26277,26310.25,26271.75,26296.5,NaN
2025-10-29T20:30:00-04:00,26297.75,26318.25,26287,26288.75,NaN
2025-10-29T20:45:00-04:00,26289.75,26301.5,26276,26288.75,NaN
2025-10-29T21:00:00-04:00,26288.5,26308,26260,26289,NaN
2025-10-29T21:15:00-04:00,26287.25,26297.5,26273.75,26283.75,NaN
2025-10-29T21:30:00-04:00,26281.5,26311.5,26266.75,26306.75,NaN
2025-10-29T21:45:00-04:00,26307,26311,26292,26298.25,NaN
2025-10-29T22:00:00-04:00,26298.75,26343,26296,26342.75,NaN
2025-10-29T22:15:00-04:00,26342,26367.75,26341,26354.5,NaN
2025-10-29T22:30:00-04:00,26354.75,26371.75,26342.5,26361.25,NaN
2025-10-29T22:45:00-04:00,26361.25,26368,26345.5,26356,NaN
2025-10-29T23:00:00-04:00,26357,26382.75,26356.25,26377,NaN
2025-10-29T23:15:00-04:00,26377.25,26393.75,26372,26375.5,NaN
2025-10-29T23:30:00-04:00,26375.25,26392.75,26372.75,26384.5,NaN
2025-10-29T23:45:00-04:00,26383.25,26399,26367.75,26377.75,NaN
2025-10-30T00:00:00-04:00,26377.25,26382.75,26191.25,26209,NaN
2025-10-30T00:15:00-04:00,26209,26252.75,26140,26159,NaN
2025-10-30T00:30:00-04:00,26162.5,26306.5,26150.75,26216,NaN
2025-10-30T00:45:00-04:00,26215.25,26251.25,26196.25,26206,NaN
2025-10-30T01:00:00-04:00,26206.5,26250,26194.75,26245.75,NaN
2025-10-30T01:15:00-04:00,26246.5,26293.25,26229,26289,NaN
2025-10-30T01:30:00-04:00,26290,26328.25,26270,26282.75,NaN
2025-10-30T01:45:00-04:00,26284.5,26297,26254,26281.25,NaN
2025-10-30T02:00:00-04:00,26280.5,26283.5,26238,26247,NaN
2025-10-30T02:15:00-04:00,26246,26246.25,26211.75,26221.25,NaN
2025-10-30T02:30:00-04:00,26218.5,26244.75,26217.25,26243,NaN
2025-10-30T02:45:00-04:00,26243.5,26259,26219,26223.75,NaN
2025-10-30T03:00:00-04:00,26224.5,26269,26190,26267.25,NaN
2025-10-30T03:15:00-04:00,26265.75,26285.5,26235.25,26240.75,NaN
2025-10-30T03:30:00-04:00,26240.75,26261.75,26236.5,26261.25,NaN
2025-10-30T03:45:00-04:00,26261.75,26285,26257,26269.75,NaN
2025-10-30T04:00:00-04:00,26269.75,26290,26238,26239,NaN
2025-10-30T04:15:00-04:00,26239,26270.5,26232.75,26254.25,NaN
2025-10-30T04:30:00-04:00,26255,26277.75,26239.5,26274.75,NaN
2025-10-30T04:45:00-04:00,26277.5,26283.75,26262.25,26269.75,NaN
2025-10-30T05:00:00-04:00,26271.5,26291.25,26262,26275.75,NaN
2025-10-30T05:15:00-04:00,26276,26278,26220.25,26242,NaN
2025-10-30T05:30:00-04:00,26242,26247.5,26206.5,26218.75,NaN
2025-10-30T05:45:00-04:00,26218.75,26218.75,26195.25,26206.25,NaN
2025-10-30T06:00:00-04:00,26205.5,26224.5,26197,26215.5,NaN
2025-10-30T06:15:00-04:00,26213,26231,26202.75,26224.75,NaN
2025-10-30T06:30:00-04:00,26224.25,26244.5,26223.5,26228.5,NaN
2025-10-30T06:45:00-04:00,26228.5,26242.25,26218.25,26231.75,NaN
2025-10-30T07:00:00-04:00,26232.25,26251,26225,26249.5,NaN
2025-10-30T07:15:00-04:00,26247,26278.25,26245.25,26275.25,NaN
2025-10-30T07:30:00-04:00,26275.5,26287,26260.75,26283.5,NaN
2025-10-30T07:45:00-04:00,26283.5,26286,26256.5,26260.5,NaN
2025-10-30T08:00:00-04:00,26260.5,26272.5,26202.5,26203,NaN
2025-10-30T08:15:00-04:00,26204,26224.25,26154,26161.5,NaN
2025-10-30T08:30:00-04:00,26162,26175.75,26110.5,26118.5,NaN
2025-10-30T08:45:00-04:00,26120.75,26137.5,26086.25,26087.25,NaN
2025-10-30T09:00:00-04:00,26087,26133.25,26079.5,26117,NaN
2025-10-30T09:15:00-04:00,26116.75,26126.25,26092.5,26124.75,NaN
2025-10-30T09:30:00-04:00,26125.25,26127.5,25942.25,25974.75,NaN
2025-10-30T09:45:00-04:00,25974.75,26147.25,25963.75,26125,NaN
2025-10-30T10:00:00-04:00,26124.75,26182.5,26060,26108,NaN
2025-10-30T10:15:00-04:00,26108.25,26111.5,26006.75,26020.25,NaN
2025-10-30T10:30:00-04:00,26019.5,26098.75,26016,26081.25,NaN
2025-10-30T10:45:00-04:00,26082,26089,25979,26016.5,NaN
2025-10-30T11:00:00-04:00,26016.25,26075.5,26016,26071.5,NaN
2025-10-30T11:15:00-04:00,26071.5,26077,26044.5,26057.25,NaN
2025-10-30T11:30:00-04:00,26058,26063,25972.5,25999,NaN
2025-10-30T11:45:00-04:00,25998.5,26013.75,25965.25,25991,NaN
2025-10-30T12:00:00-04:00,25991.75,26095.5,25985.25,26091.75,NaN
2025-10-30T12:15:00-04:00,26092,26097,26065,26082.5,NaN
2025-10-30T12:30:00-04:00,26083,26083.75,26038,26061.5,NaN
2025-10-30T12:45:00-04:00,26062,26080.5,26046.5,26073.25,NaN
2025-10-30T13:00:00-04:00,26073.25,26073.25,25999,26009.5,NaN
2025-10-30T13:15:00-04:00,26009,26074,26006.25,26061.25,NaN
2025-10-30T13:30:00-04:00,26061.25,26061.25,26028.5,26048,NaN
2025-10-30T13:45:00-04:00,26047.5,26075.5,26046.75,26067.5,NaN
2025-10-30T14:00:00-04:00,26067.5,26067.5,26002.75,26006.75,NaN
2025-10-30T14:15:00-04:00,26006.25,26014,25983.5,25996.75,NaN
2025-10-30T14:30:00-04:00,25997,26023.25,25975.25,25984.75,NaN
2025-10-30T14:45:00-04:00,25984,26016,25980.75,25989,NaN
2025-10-30T15:00:00-04:00,25989,25993.75,25948,25949.75,NaN
2025-10-30T15:15:00-04:00,25949.75,25956.25,25881.75,25927.5,NaN
2025-10-30T15:30:00-04:00,25927.5,25961.5,25901,25910,NaN
2025-10-30T15:45:00-04:00,25910.25,25946.75,25869,25872,NaN
2025-10-30T16:00:00-04:00,25872,26006,25853,25996.75,NaN
2025-10-30T16:15:00-04:00,25997.5,26034,25993.5,26033.25,NaN
2025-10-30T16:30:00-04:00,26033,26138.75,25920,26132.25,NaN
2025-10-30T16:45:00-04:00,26131.75,26149.5,26121,26149.25,NaN
2025-10-30T18:00:00-04:00,26150.5,26192,26150.25,26160,NaN
2025-10-30T18:15:00-04:00,26159,26174.25,26152.5,26169,NaN
2025-10-30T18:30:00-04:00,26167.75,26172.75,26151.75,26155.25,NaN
2025-10-30T18:45:00-04:00,26155.75,26157.25,26134.5,26148.5,NaN
2025-10-30T19:00:00-04:00,26149.75,26162,26141,26143.75,NaN
2025-10-30T19:15:00-04:00,26143.25,26147.75,26127.25,26141.75,NaN
2025-10-30T19:30:00-04:00,26142,26159,26127.5,26157,NaN
2025-10-30T19:45:00-04:00,26157,26175,26151.5,26170.25,NaN
2025-10-30T20:00:00-04:00,26171.25,26172.5,26136.5,26154.75,NaN
2025-10-30T20:15:00-04:00,26154.5,26198.5,26152.25,26194.5,NaN
2025-10-30T20:30:00-04:00,26193.75,26199.75,26175.75,26184,NaN
2025-10-30T20:45:00-04:00,26184,26198,26180.25,26193.75,NaN
2025-10-30T21:00:00-04:00,26193,26201.5,26184,26187.75,NaN
2025-10-30T21:15:00-04:00,26188,26194.5,26170,26194,NaN
2025-10-30T21:30:00-04:00,26194.5,26207.75,26190,26198,NaN
2025-10-30T21:45:00-04:00,26199,26209,26189.5,26206.75,NaN
2025-10-30T22:00:00-04:00,26207.5,26213.5,26192.25,26196,NaN
2025-10-30T22:15:00-04:00,26195.75,26203.75,26187.75,26191.25,NaN
2025-10-30T22:30:00-04:00,26189.75,26190,26171.25,26174,NaN
2025-10-30T22:45:00-04:00,26172.25,26189.25,26164.75,26185.5,NaN
2025-10-30T23:00:00-04:00,26184.75,26193.75,26182,26189.5,NaN
2025-10-30T23:15:00-04:00,26189.75,26191.75,26160.75,26164.75,NaN
2025-10-30T23:30:00-04:00,26166,26189,26162.5,26185.75,NaN
2025-10-30T23:45:00-04:00,26185,26198.25,26184.25,26191,NaN
2025-10-31T00:00:00-04:00,26192.5,26210,26190.5,26203.75,NaN
2025-10-31T00:15:00-04:00,26205.25,26207.75,26193,26197.75,NaN
2025-10-31T00:30:00-04:00,26196.75,26203,26191.25,26198,NaN
2025-10-31T00:45:00-04:00,26199,26199.75,26186.75,26192.25,NaN
2025-10-31T01:00:00-04:00,26192,26194.25,26180,26182.75,NaN
2025-10-31T01:15:00-04:00,26182.75,26194,26175.5,26177.75,NaN
2025-10-31T01:30:00-04:00,26178,26183.75,26171.25,26181.25,NaN
2025-10-31T01:45:00-04:00,26181.75,26183.75,26160.25,26165.25,NaN
2025-10-31T02:00:00-04:00,26164.25,26179,26158.75,26176.5,NaN
2025-10-31T02:15:00-04:00,26176.75,26186,26160.75,26184.25,NaN
2025-10-31T02:30:00-04:00,26184,26192.25,26174,26177.75,NaN
2025-10-31T02:45:00-04:00,26177,26178.25,26154.75,26160.75,NaN
2025-10-31T03:00:00-04:00,26161,26163.5,26144,26154.75,NaN
2025-10-31T03:15:00-04:00,26154.25,26176,26153.75,26173.5,NaN
2025-10-31T03:30:00-04:00,26173.25,26212.25,26173.25,26205.5,NaN
2025-10-31T03:45:00-04:00,26206,26219.75,26201.75,26217.5,NaN
2025-10-31T04:00:00-04:00,26217,26218,26159.25,26160.5,NaN
2025-10-31T04:15:00-04:00,26159.75,26181,26157.5,26178.5,NaN
2025-10-31T04:30:00-04:00,26178.25,26184.5,26164,26182,NaN
2025-10-31T04:45:00-04:00,26181.75,26201.5,26178.5,26197.25,NaN
2025-10-31T05:00:00-04:00,26199.25,26210.75,26191.75,26208,NaN
2025-10-31T05:15:00-04:00,26207.5,26208,26188,26191,NaN
2025-10-31T05:30:00-04:00,26190.75,26196.75,26177.5,26182.5,NaN
2025-10-31T05:45:00-04:00,26182,26190.75,26177.5,26182,NaN
2025-10-31T06:00:00-04:00,26182.25,26187.5,26175,26178.25,NaN
2025-10-31T06:15:00-04:00,26179,26179.75,26161.75,26170.25,NaN
2025-10-31T06:30:00-04:00,26169.5,26192.5,26165.25,26187,NaN
2025-10-31T06:45:00-04:00,26187.75,26195.5,26180,26181,NaN
2025-10-31T07:00:00-04:00,26181.75,26200,26166.75,26192,NaN
2025-10-31T07:15:00-04:00,26191.5,26204.75,26180.75,26204.25,NaN
2025-10-31T07:30:00-04:00,26204.75,26207.5,26192.5,26203.5,NaN
2025-10-31T07:45:00-04:00,26203.75,26232.25,26203.5,26220.75,NaN
2025-10-31T08:00:00-04:00,26220.5,26242.25,26216.5,26241,NaN
2025-10-31T08:15:00-04:00,26240.75,26274,26240.5,26263,NaN
2025-10-31T08:30:00-04:00,26263.75,26268.75,26209.5,26219.75,NaN
2025-10-31T08:45:00-04:00,26219.25,26230.75,26204.25,26211.25,NaN
2025-10-31T09:00:00-04:00,26211,26217,26191.25,26210,NaN
2025-10-31T09:15:00-04:00,26209.25,26211.75,26191.5,26198.75,NaN
2025-10-31T09:30:00-04:00,26199.25,26199.5,26101.25,26118.25,NaN
2025-10-31T09:45:00-04:00,26118.75,26133.5,26080.25,26102.25,NaN
2025-10-31T10:00:00-04:00,26103.5,26117.75,26062.5,26084.75,NaN
2025-10-31T10:15:00-04:00,26084.75,26115.75,26060,26106.5,NaN
2025-10-31T10:30:00-04:00,26106.25,26168,26100.5,26163.5,NaN
2025-10-31T10:45:00-04:00,26163.5,26182,26148,26164.5,NaN
2025-10-31T11:00:00-04:00,26164,26175.25,26149.5,26170,NaN
2025-10-31T11:15:00-04:00,26169.5,26182.75,26131.25,26136.25,NaN
2025-10-31T11:30:00-04:00,26137.5,26154.5,26073.5,26120.75,NaN
2025-10-31T11:45:00-04:00,26120.5,26156,26050,26052.25,NaN
2025-10-31T12:00:00-04:00,26052.25,26053.5,25983.75,26007.75,NaN
2025-10-31T12:15:00-04:00,26007.5,26022.25,25955.5,26005,NaN
2025-10-31T12:30:00-04:00,26005,26036.75,25974.5,25983,NaN
2025-10-31T12:45:00-04:00,25983.25,26001.25,25929.75,25949.5,NaN
2025-10-31T13:00:00-04:00,25949.25,25959.5,25904,25916.25,NaN
2025-10-31T13:15:00-04:00,25916.25,25928.25,25892.75,25909.5,NaN
2025-10-31T13:30:00-04:00,25910.25,25953,25888.75,25941.75,NaN
2025-10-31T13:45:00-04:00,25942,25980.75,25941.75,25947.75,NaN
2025-10-31T14:00:00-04:00,25948,25999,25944.5,25994.5,NaN
2025-10-31T14:15:00-04:00,25994,26016,25978.75,26010,NaN
2025-10-31T14:30:00-04:00,26010.5,26020,25989.75,26011.25,NaN
2025-10-31T14:45:00-04:00,26011,26022.5,25970.75,26014,NaN
2025-10-31T15:00:00-04:00,26014.5,26041.75,25996.25,26032.75,NaN
2025-10-31T15:15:00-04:00,26032.5,26096,26025,26086,NaN
2025-10-31T15:30:00-04:00,26085.75,26118.25,26075.75,26094,NaN
2025-10-31T15:45:00-04:00,26094,26095.5,25992,25992.75,NaN
2025-10-31T16:00:00-04:00,25993.25,25998.5,25967,25984.25,NaN
2025-10-31T16:15:00-04:00,25983.5,25990,25972,25977.25,NaN
2025-10-31T16:30:00-04:00,25978.25,25986,25974,25978.25,NaN
2025-10-31T16:45:00-04:00,25978.25,25994.25,25975,25983,NaN
2025-11-02T18:00:00-05:00,26028.25,26072,26012.75,26070.5,NaN
2025-11-02T18:15:00-05:00,26070.75,26077.25,26049.75,26058,NaN
2025-11-02T18:30:00-05:00,26057.5,26087.5,26053.5,26076.75,NaN
2025-11-02T18:45:00-05:00,26076,26092.75,26075.5,26080.75,NaN
2025-11-02T19:00:00-05:00,26081.75,26097.75,26078.75,26090.25,NaN
2025-11-02T19:15:00-05:00,26091,26114,26089.5,26105,NaN
2025-11-02T19:30:00-05:00,26104.75,26115.25,26101.5,26112.75,NaN
2025-11-02T19:45:00-05:00,26112.75,26118,26110.5,26116,NaN
2025-11-02T20:00:00-05:00,26116.25,26121,26100.75,26110,NaN
2025-11-02T20:15:00-05:00,26111,26123,26100.5,26106.25,NaN
2025-11-02T20:30:00-05:00,26107,26109.25,26087.5,26099,NaN
2025-11-02T20:45:00-05:00,26099.5,26100,26088.25,26089.5,NaN
2025-11-02T21:00:00-05:00,26088.75,26096,26083,26094.5,NaN
2025-11-02T21:15:00-05:00,26094.75,26114.5,26092,26103.5,NaN
2025-11-02T21:30:00-05:00,26103.25,26104.5,26070,26085.25,NaN
2025-11-02T21:45:00-05:00,26086.25,26093,26078,26083,NaN
2025-11-02T22:00:00-05:00,26083,26084.75,26063.25,26065.5,NaN
2025-11-02T22:15:00-05:00,26066.25,26078.5,26050.75,26063.5,NaN
2025-11-02T22:30:00-05:00,26064.25,26081.5,26058.75,26071.75,NaN
2025-11-02T22:45:00-05:00,26070.75,26078.75,26062.75,26076,NaN
2025-11-02T23:00:00-05:00,26075.5,26076.5,26065.25,26071.5,NaN
2025-11-02T23:15:00-05:00,26072.75,26086.25,26066,26078.25,NaN
2025-11-02T23:30:00-05:00,26079,26085.75,26070.5,26074.25,NaN
2025-11-02T23:45:00-05:00,26075,26085.25,26074.5,26085.25,NaN
2025-11-03T00:00:00-05:00,26085,26088,26076.25,26079.25,NaN
2025-11-03T00:15:00-05:00,26078.25,26079.5,26056.5,26077.25,NaN
2025-11-03T00:30:00-05:00,26078,26087.25,26068.5,26082,NaN
2025-11-03T00:45:00-05:00,26082.5,26082.5,26056.5,26067.5,NaN
2025-11-03T01:00:00-05:00,26068.25,26081.75,26062,26062,NaN
2025-11-03T01:15:00-05:00,26061.5,26064.5,26033.75,26042,NaN
2025-11-03T01:30:00-05:00,26040.75,26060.5,26037.25,26043.25,NaN
2025-11-03T01:45:00-05:00,26044,26060.25,26031.75,26048,NaN
2025-11-03T02:00:00-05:00,26047.25,26049,26024.25,26030,NaN
2025-11-03T02:15:00-05:00,26030.25,26048.75,26023.5,26036.75,NaN
2025-11-03T02:30:00-05:00,26036.25,26039.75,26019.25,26019.5,NaN
2025-11-03T02:45:00-05:00,26019,26037.25,26017.25,26031,NaN
2025-11-03T03:00:00-05:00,26031.25,26054.25,26019.5,26051,NaN
2025-11-03T03:15:00-05:00,26051.5,26068.75,26039.75,26065.75,NaN
2025-11-03T03:30:00-05:00,26065,26079,26058.5,26079,NaN
2025-11-03T03:45:00-05:00,26079,26097,26074.75,26086,NaN
2025-11-03T04:00:00-05:00,26086.75,26123,26082.25,26121.5,NaN
2025-11-03T04:15:00-05:00,26122.5,26149.5,26119.5,26146.75,NaN
2025-11-03T04:30:00-05:00,26147,26156,26137,26146.5,NaN
2025-11-03T04:45:00-05:00,26147.25,26148.75,26125.25,26129.25,NaN
2025-11-03T05:00:00-05:00,26131.25,26140.25,26123.5,26134,NaN
2025-11-03T05:15:00-05:00,26133.25,26144.5,26128,26140.75,NaN
2025-11-03T05:30:00-05:00,26140.75,26154.25,26132.5,26153.5,NaN
2025-11-03T05:45:00-05:00,26153.75,26163,26132.25,26138.5,NaN
2025-11-03T06:00:00-05:00,26139,26168.5,26139,26158.75,NaN
2025-11-03T06:15:00-05:00,26159,26178.25,26156.5,26161.25,NaN
2025-11-03T06:30:00-05:00,26161.25,26168.5,26153.25,26160,NaN
2025-11-03T06:45:00-05:00,26160,26174,26149.75,26153.25,NaN
2025-11-03T07:00:00-05:00,26153,26182,26150.5,26179.25,NaN
2025-11-03T07:15:00-05:00,26179.25,26179.75,26152.25,26152.5,NaN
2025-11-03T07:30:00-05:00,26152.75,26166.5,26144,26156,NaN
2025-11-03T07:45:00-05:00,26157.75,26173.75,26150.75,26153,NaN
2025-11-03T08:00:00-05:00,26152.25,26157.25,26133,26148.75,NaN
2025-11-03T08:15:00-05:00,26149,26159.5,26140.25,26143.5,NaN
2025-11-03T08:30:00-05:00,26143.5,26180.75,26142.75,26175.75,NaN
2025-11-03T08:45:00-05:00,26176,26191.25,26165.75,26189,NaN
2025-11-03T09:00:00-05:00,26189.5,26259.75,26188.75,26212,NaN
2025-11-03T09:15:00-05:00,26212,26236,26208.25,26235.5,NaN
2025-11-03T09:30:00-05:00,26235.75,26266,26155,26167,NaN
2025-11-03T09:45:00-05:00,26166.5,26182.5,26118.75,26134.25,NaN
2025-11-03T10:00:00-05:00,26140.5,26155.75,26088.25,26126.25,NaN
2025-11-03T10:15:00-05:00,26125.75,26128,26033,26044.25,NaN
2025-11-03T10:30:00-05:00,26044,26103,26015.5,26090.5,NaN
2025-11-03T10:45:00-05:00,26090.5,26112,26054,26088.5,NaN
2025-11-03T11:00:00-05:00,26088.5,26095.5,26058.75,26081.75,NaN
2025-11-03T11:15:00-05:00,26082,26104.25,26046,26052.25,NaN
2025-11-03T11:30:00-05:00,26052.75,26100,26043.5,26078.5,NaN
2025-11-03T11:45:00-05:00,26079,26128,26055,26118.5,NaN
2025-11-03T12:00:00-05:00,26118.75,26132.75,26083.25,26132.25,NaN
2025-11-03T12:15:00-05:00,26132.5,26144,26089,26100.5,NaN
2025-11-03T12:30:00-05:00,26102,26149,26100,26137.75,NaN
2025-11-03T12:45:00-05:00,26138,26159.5,26135.25,26149.75,NaN
2025-11-03T13:00:00-05:00,26150,26160.5,26141.5,26156,NaN
2025-11-03T13:15:00-05:00,26155.5,26158.25,26136.75,26140.5,NaN
2025-11-03T13:30:00-05:00,26140.25,26166.25,26140,26157.75,NaN
2025-11-03T13:45:00-05:00,26158.25,26159.5,26123.75,26129.5,NaN
2025-11-03T14:00:00-05:00,26129,26138.5,26103.5,26112.75,NaN
2025-11-03T14:15:00-05:00,26112.25,26122,26086,26096.5,NaN
2025-11-03T14:30:00-05:00,26096,26113,26066.25,26090.5,NaN
2025-11-03T14:45:00-05:00,26090.5,26125.5,26089.25,26116.5,NaN
2025-11-03T15:00:00-05:00,26116.5,26124.5,26094.75,26106.5,NaN
2025-11-03T15:15:00-05:00,26106.25,26113,26088,26099.5,NaN
2025-11-03T15:30:00-05:00,26099.75,26106.25,26071.5,26106,NaN
2025-11-03T15:45:00-05:00,26106,26112,26072.25,26110.25,NaN
2025-11-03T16:00:00-05:00,26110,26180,26097.25,26125.25,NaN
2025-11-03T16:15:00-05:00,26125.75,26127.5,26104.75,26106.5,NaN
2025-11-03T16:30:00-05:00,26106.5,26117.5,26105.75,26112.25,NaN
2025-11-03T16:45:00-05:00,26112,26120.75,26107,26109.5,NaN
2025-11-03T18:00:00-05:00,26104.5,26104.5,26080,26080.25,NaN
2025-11-03T18:15:00-05:00,26081.75,26089,26075.25,26086.75,NaN
2025-11-03T18:30:00-05:00,26086.75,26087,26065.25,26066.25,NaN
2025-11-03T18:45:00-05:00,26065.5,26074,26060.75,26069.75,NaN
2025-11-03T19:00:00-05:00,26068,26068,26041.75,26043,NaN
2025-11-03T19:15:00-05:00,26043,26045,25981.25,25983.5,NaN
2025-11-03T19:30:00-05:00,25983.5,26013.5,25982.5,26005.75,NaN
2025-11-03T19:45:00-05:00,26006.25,26018.5,26002,26013.75,NaN
2025-11-03T20:00:00-05:00,26015,26016,25991.75,26004.75,NaN
2025-11-03T20:15:00-05:00,26005,26031,26001,26019.75,NaN
2025-11-03T20:30:00-05:00,26020.5,26020.5,26001.75,26010.5,NaN
2025-11-03T20:45:00-05:00,26011.5,26019.25,25988.75,26008.5,NaN
2025-11-03T21:00:00-05:00,26007.25,26008,25987.75,25991,NaN
2025-11-03T21:15:00-05:00,25990,25995.25,25975.25,25976,NaN
2025-11-03T21:30:00-05:00,25977.75,25981.75,25958,25960.5,NaN
2025-11-03T21:45:00-05:00,25959,25968,25940.25,25941.75,NaN
2025-11-03T22:00:00-05:00,25941.25,25975.75,25938,25971.75,NaN
2025-11-03T22:15:00-05:00,25972.25,25972.25,25954,25964.5,NaN
2025-11-03T22:30:00-05:00,25964.75,25966,25924.25,25937.5,NaN
2025-11-03T22:45:00-05:00,25937.5,25938.5,25926.25,25928.25,NaN
2025-11-03T23:00:00-05:00,25929,25941.75,25917.5,25925.25,NaN
2025-11-03T23:15:00-05:00,25926.5,25932,25908.5,25918.5,NaN
2025-11-03T23:30:00-05:00,25919,25926.25,25905.5,25910.25,NaN
2025-11-03T23:45:00-05:00,25910,25927.75,25909.25,25922.75,NaN
2025-11-04T00:00:00-05:00,25924.75,25927,25907,25908.25,NaN
2025-11-04T00:15:00-05:00,25907.75,25912.25,25870.25,25872,NaN
2025-11-04T00:30:00-05:00,25872.25,25886.5,25824.25,25824.25,NaN
2025-11-04T00:45:00-05:00,25824.75,25849.75,25807,25821.5,NaN
2025-11-04T01:00:00-05:00,25822,25825.5,25752.75,25788.25,NaN
2025-11-04T01:15:00-05:00,25789.5,25799,25765,25766.5,NaN
2025-11-04T01:30:00-05:00,25767.5,25784.75,25742,25773,NaN
2025-11-04T01:45:00-05:00,25771.25,25799.5,25769,25776,NaN
2025-11-04T02:00:00-05:00,25775.25,25779.75,25735.5,25751.5,NaN
2025-11-04T02:15:00-05:00,25750.25,25792.5,25738,25770,NaN
2025-11-04T02:30:00-05:00,25769.75,25801.5,25763.25,25774.75,NaN
2025-11-04T02:45:00-05:00,25774.5,25801.5,25766,25792.25,NaN
2025-11-04T03:00:00-05:00,25791.75,25791.75,25734.5,25738,NaN
2025-11-04T03:15:00-05:00,25737.75,25780.75,25729.75,25768,NaN
2025-11-04T03:30:00-05:00,25765.5,25791,25761.25,25781.5,NaN
2025-11-04T03:45:00-05:00,25783.5,25786.75,25755,25765,NaN
2025-11-04T04:00:00-05:00,25766.25,25789.5,25727.75,25751.75,NaN
2025-11-04T04:15:00-05:00,25750.25,25763.25,25721,25729,NaN
2025-11-04T04:30:00-05:00,25728.5,25752.25,25711,25717,NaN
2025-11-04T04:45:00-05:00,25718,25731,25668.25,25674.75,NaN
2025-11-04T05:00:00-05:00,25675,25694,25645,25685.25,NaN
2025-11-04T05:15:00-05:00,25683.25,25717.25,25671.25,25715.5,NaN
2025-11-04T05:30:00-05:00,25714.5,25763.5,25713.25,25760,NaN
2025-11-04T05:45:00-05:00,25761,25772.75,25749,25758.25,NaN
2025-11-04T06:00:00-05:00,25758.75,25767.75,25747.25,25758,NaN
2025-11-04T06:15:00-05:00,25758.5,25771.5,25755.5,25768.75,NaN
2025-11-04T06:30:00-05:00,25768.25,25792.5,25765.5,25781.25,NaN
2025-11-04T06:45:00-05:00,25779.5,25785,25761.75,25766.75,NaN
2025-11-04T07:00:00-05:00,25767.5,25771.75,25725,25744,NaN
2025-11-04T07:15:00-05:00,25743,25784.5,25742,25781.75,NaN
2025-11-04T07:30:00-05:00,25780.75,25790.75,25750,25754,NaN
2025-11-04T07:45:00-05:00,25753.75,25776,25745,25754.5,NaN
2025-11-04T08:00:00-05:00,25754.25,25766,25740.5,25743.25,NaN
2025-11-04T08:15:00-05:00,25743.5,25748.5,25704.25,25712.75,NaN
2025-11-04T08:30:00-05:00,25712.25,25718.5,25684.5,25712,NaN
2025-11-04T08:45:00-05:00,25711.5,25735.25,25696.25,25716.25,NaN
2025-11-04T09:00:00-05:00,25715.75,25725.75,25684,25716.5,NaN
2025-11-04T09:15:00-05:00,25716.25,25751.5,25716.25,25740.75,NaN
2025-11-04T09:30:00-05:00,25742,25782.25,25663,25775,NaN
2025-11-04T09:45:00-05:00,25774.75,25880.75,25735.25,25875.25,NaN
2025-11-04T10:00:00-05:00,25874.75,25885.75,25827.5,25851.75,NaN
2025-11-04T10:15:00-05:00,25852,25893.5,25844.25,25864,NaN
2025-11-04T10:30:00-05:00,25864,25890.25,25843,25871.25,NaN
2025-11-04T10:45:00-05:00,25870.75,25870.75,25763.75,25789.5,NaN
2025-11-04T11:00:00-05:00,25789,25822.75,25758.75,25783.25,NaN
2025-11-04T11:15:00-05:00,25783,25789.5,25738.25,25771.25,NaN
2025-11-04T11:30:00-05:00,25771.5,25796.5,25752,25773.5,NaN
2025-11-04T11:45:00-05:00,25773,25780.75,25723.25,25756.25,NaN
2025-11-04T12:00:00-05:00,25756.25,25757.75,25700.5,25705.25,NaN
2025-11-04T12:15:00-05:00,25705.5,25733.75,25642.25,25709.75,NaN
2025-11-04T12:30:00-05:00,25710,25718.25,25661.75,25678.5,NaN
2025-11-04T12:45:00-05:00,25679.25,25728.25,25662.75,25679.25,NaN
2025-11-04T13:00:00-05:00,25677.25,25682.5,25640.5,25659.75,NaN
2025-11-04T13:15:00-05:00,25658.5,25670,25609,25626.5,NaN
2025-11-04T13:30:00-05:00,25626.25,25652,25601.75,25651.25,NaN
2025-11-04T13:45:00-05:00,25649.75,25684.5,25629.25,25669.25,NaN
2025-11-04T14:00:00-05:00,25668,25688.25,25639.75,25652.75,NaN
2025-11-04T14:15:00-05:00,25652.75,25678.5,25642,25660.5,NaN
2025-11-04T14:30:00-05:00,25660.25,25665.5,25574.25,25592.25,NaN
2025-11-04T14:45:00-05:00,25592.5,25609.75,25575.75,25605.25,NaN
2025-11-04T15:00:00-05:00,25605.75,25627.5,25588.5,25623,NaN
2025-11-04T15:15:00-05:00,25622.75,25640,25581.75,25621,NaN
2025-11-04T15:30:00-05:00,25620.75,25634.25,25594.25,25629,NaN
2025-11-04T15:45:00-05:00,25629.25,25642.5,25544,25578,NaN
2025-11-04T16:00:00-05:00,25579.5,25593,25554.75,25567.25,NaN
2025-11-04T16:15:00-05:00,25565.75,25581.25,25525.75,25542.75,NaN
2025-11-04T16:30:00-05:00,25543.25,25563.75,25522.75,25562.75,NaN
2025-11-04T16:45:00-05:00,25564,25584.25,25558,25577,NaN
2025-11-04T18:00:00-05:00,25545,25574.25,25511.25,25528.75,NaN
2025-11-04T18:15:00-05:00,25528.5,25539.25,25515,25518.75,NaN
2025-11-04T18:30:00-05:00,25520,25537,25513,25526.75,NaN
2025-11-04T18:45:00-05:00,25527.5,25528,25501.75,25504.25,NaN
2025-11-04T19:00:00-05:00,25503.25,25503.25,25456.25,25491,NaN
2025-11-04T19:15:00-05:00,25492,25499,25450.5,25454,NaN
2025-11-04T19:30:00-05:00,25452.25,25455,25414,25418.75,NaN
2025-11-04T19:45:00-05:00,25420.25,25424.5,25407.5,25410.25,NaN
2025-11-04T20:00:00-05:00,25409.25,25411,25353.25,25385,NaN
2025-11-04T20:15:00-05:00,25383.5,25384.5,25317.5,25319.75,NaN
2025-11-04T20:30:00-05:00,25317.75,25333,25282,25296,NaN
2025-11-04T20:45:00-05:00,25295.25,25354.5,25292.5,25337.75,NaN
2025-11-04T21:00:00-05:00,25338.5,25363.25,25314.25,25334.25,NaN
2025-11-04T21:15:00-05:00,25334,25336.25,25296.75,25298,NaN
2025-11-04T21:30:00-05:00,25297.75,25369,25296,25369,NaN
2025-11-04T21:45:00-05:00,25368,25423.75,25366.5,25415.25,NaN
2025-11-04T22:00:00-05:00,25416,25469.5,25415.25,25466.25,NaN
2025-11-04T22:15:00-05:00,25464.5,25472,25431.5,25466,NaN
2025-11-04T22:30:00-05:00,25466.5,25489,25449.5,25488.5,NaN
2025-11-04T22:45:00-05:00,25487.5,25520,25487.25,25516.25,NaN
2025-11-04T23:00:00-05:00,25515.25,25517,25459,25473,NaN
2025-11-04T23:15:00-05:00,25473.25,25483,25455.5,25478,NaN
2025-11-04T23:30:00-05:00,25478.75,25492,25467.5,25488.5,NaN
2025-11-04T23:45:00-05:00,25488,25489.25,25442.75,25465.25,NaN
2025-11-05T00:00:00-05:00,25465.75,25530,25462.5,25524.75,NaN
2025-11-05T00:15:00-05:00,25524.25,25533.25,25505.25,25523,NaN
2025-11-05T00:30:00-05:00,25523.5,25535.5,25497.5,25499,NaN
2025-11-05T00:45:00-05:00,25499,25499.75,25463.75,25481.75,NaN
2025-11-05T01:00:00-05:00,25481,25512.5,25456,25505,NaN
2025-11-05T01:15:00-05:00,25506,25554,25506,25539.25,NaN
2025-11-05T01:30:00-05:00,25539.25,25550.75,25520.5,25538.75,NaN
2025-11-05T01:45:00-05:00,25537.25,25540.25,25523.75,25529,NaN
2025-11-05T02:00:00-05:00,25529.5,25535.75,25488,25488.5,NaN
2025-11-05T02:15:00-05:00,25488.75,25496.5,25470.25,25495,NaN
2025-11-05T02:30:00-05:00,25494.75,25503.5,25477.75,25497.25,NaN
2025-11-05T02:45:00-05:00,25497,25504,25473.75,25473.75,NaN
2025-11-05T03:00:00-05:00,25475.25,25531,25453.5,25522.5,NaN
2025-11-05T03:15:00-05:00,25523,25525.25,25491.25,25519.25,NaN
2025-11-05T03:30:00-05:00,25520,25533.5,25514.5,25528.25,NaN
2025-11-05T03:45:00-05:00,25528.5,25538,25510.75,25512.75,NaN
2025-11-05T04:00:00-05:00,25513.75,25552.25,25507.25,25518.5,NaN
2025-11-05T04:15:00-05:00,25518.75,25529,25500.75,25515,NaN
2025-11-05T04:30:00-05:00,25514.75,25516.25,25480.75,25505,NaN
2025-11-05T04:45:00-05:00,25504.5,25526.5,25494,25519.25,NaN
2025-11-05T05:00:00-05:00,25517.75,25536.75,25489,25502.25,NaN
2025-11-05T05:15:00-05:00,25501.25,25508.25,25492.5,25494.75,NaN
2025-11-05T05:30:00-05:00,25493,25496,25480,25485.5,NaN
2025-11-05T05:45:00-05:00,25485.25,25485.25,25412,25414,NaN
2025-11-05T06:00:00-05:00,25413,25441.5,25404,25435,NaN
2025-11-05T06:15:00-05:00,25435.75,25468.25,25434.25,25448.25,NaN
2025-11-05T06:30:00-05:00,25447.75,25480,25434.75,25471,NaN
2025-11-05T06:45:00-05:00,25471.75,25484.5,25468.5,25481.75,NaN
2025-11-05T07:00:00-05:00,25480,25489,25458.25,25478.25,NaN
2025-11-05T07:15:00-05:00,25478.75,25522.5,25478.25,25504,NaN
2025-11-05T07:30:00-05:00,25502.75,25536,25500.5,25531,NaN
2025-11-05T07:45:00-05:00,25530,25530.75,25499.25,25529,NaN
2025-11-05T08:00:00-05:00,25528,25541.75,25508.25,25520,NaN
2025-11-05T08:15:00-05:00,25520,25564.5,25514,25562.75,NaN
2025-11-05T08:30:00-05:00,25561.5,25596,25538.75,25590.75,NaN
2025-11-05T08:45:00-05:00,25590,25595.5,25579,25587,NaN
2025-11-05T09:00:00-05:00,25586.75,25588.5,25559.5,25569.25,NaN
2025-11-05T09:15:00-05:00,25569,25569.25,25530,25541.75,NaN
2025-11-05T09:30:00-05:00,25542.25,25576.5,25488,25526.25,NaN
2025-11-05T09:45:00-05:00,25528.25,25696,25522,25696,NaN
2025-11-05T10:00:00-05:00,25680.5,25716.5,25642.5,25648.5,NaN
2025-11-05T10:15:00-05:00,25648.75,25718.5,25615,25688.25,NaN
2025-11-05T10:30:00-05:00,25688.75,25730,25674.75,25703,NaN
2025-11-05T10:45:00-05:00,25703.25,25736,25677,25719.75,NaN
2025-11-05T11:00:00-05:00,25720,25732.5,25666.75,25679.25,NaN
2025-11-05T11:15:00-05:00,25679.5,25748.75,25658.25,25743,NaN
2025-11-05T11:30:00-05:00,25742.5,25768,25727.25,25765.75,NaN
2025-11-05T11:45:00-05:00,25766.25,25788.5,25758.5,25774.25,NaN
2025-11-05T12:00:00-05:00,25774,25784.25,25740.25,25766.25,NaN
2025-11-05T12:15:00-05:00,25765.25,25798.75,25755,25788.5,NaN
2025-11-05T12:30:00-05:00,25788.25,25825.75,25784.25,25825.75,NaN
2025-11-05T12:45:00-05:00,25825.5,25828.25,25801.5,25812.25,NaN
2025-11-05T13:00:00-05:00,25811.75,25821.5,25804.5,25818.75,NaN
2025-11-05T13:15:00-05:00,25818.25,25834,25809.75,25829,NaN
2025-11-05T13:30:00-05:00,25828.75,25861.75,25824.25,25856.75,NaN
2025-11-05T13:45:00-05:00,25857,25872.75,25852.5,25864.5,NaN
2025-11-05T14:00:00-05:00,25864.25,25864.25,25823.25,25849,NaN
2025-11-05T14:15:00-05:00,25849,25868,25846,25852.75,NaN
2025-11-05T14:30:00-05:00,25853,25872.25,25849.75,25860.75,NaN
2025-11-05T14:45:00-05:00,25860.5,25880,25853,25863.25,NaN
2025-11-05T15:00:00-05:00,25863.25,25877.75,25848.5,25861.25,NaN
2025-11-05T15:15:00-05:00,25861.75,25866.25,25828.25,25833.75,NaN
2025-11-05T15:30:00-05:00,25833.5,25834,25803.5,25809.5,NaN
2025-11-05T15:45:00-05:00,25809.5,25816.25,25729.5,25741,NaN
2025-11-05T16:00:00-05:00,25741,25764,25697.75,25704.75,NaN
2025-11-05T16:15:00-05:00,25704,25735,25694.5,25720,NaN
2025-11-05T16:30:00-05:00,25720,25733.75,25718.5,25730.75,NaN
2025-11-05T16:45:00-05:00,25730.5,25736.5,25725,25729,NaN
2025-11-05T18:00:00-05:00,25738.5,25756.5,25702.25,25732.75,NaN
2025-11-05T18:15:00-05:00,25733,25744.75,25712.75,25735.75,NaN
2025-11-05T18:30:00-05:00,25734.75,25772,25723.5,25771.25,NaN
2025-11-05T18:45:00-05:00,25769.5,25774,25743.75,25772.75,NaN
2025-11-05T19:00:00-05:00,25773,25775,25711,25719,NaN
2025-11-05T19:15:00-05:00,25721,25729,25653,25671.5,NaN
2025-11-05T19:30:00-05:00,25672.5,25711.5,25671.25,25699.5,NaN
2025-11-05T19:45:00-05:00,25698.75,25710.75,25681.25,25699.25,NaN
2025-11-05T20:00:00-05:00,25696.75,25697.75,25652.5,25682,NaN
2025-11-05T20:15:00-05:00,25682.25,25695,25617.25,25629.5,NaN
2025-11-05T20:30:00-05:00,25629,25674.25,25628,25674,NaN
2025-11-05T20:45:00-05:00,25673.75,25682.5,25658.25,25673.5,NaN
2025-11-05T21:00:00-05:00,25673,25676.75,25639.25,25648.5,NaN
2025-11-05T21:15:00-05:00,25649,25672.75,25647,25661.75,NaN
2025-11-05T21:30:00-05:00,25662.5,25715.25,25658.75,25702,NaN
2025-11-05T21:45:00-05:00,25701.75,25718.5,25691.25,25715.5,NaN
2025-11-05T22:00:00-05:00,25714.5,25727.5,25710.25,25725.25,NaN
2025-11-05T22:15:00-05:00,25724.5,25733.25,25704,25712,NaN
2025-11-05T22:30:00-05:00,25711.25,25730.5,25705.5,25725,NaN
2025-11-05T22:45:00-05:00,25724.75,25735.75,25700.25,25721,NaN
2025-11-05T23:00:00-05:00,25719.5,25725,25704.5,25725,NaN
2025-11-05T23:15:00-05:00,25724.25,25739,25722.5,25734.5,NaN
2025-11-05T23:30:00-05:00,25733.5,25741.75,25729,25738,NaN
2025-11-05T23:45:00-05:00,25737.75,25742,25725,25739.5,NaN
2025-11-06T00:00:00-05:00,25738.5,25742.5,25717.25,25725,NaN
2025-11-06T00:15:00-05:00,25725,25736.75,25721.5,25725,NaN
2025-11-06T00:30:00-05:00,25726.25,25729.25,25700.75,25702.75,NaN
2025-11-06T00:45:00-05:00,25702.25,25707.25,25688,25693,NaN
2025-11-06T01:00:00-05:00,25692.25,25712.5,25688.5,25698.25,NaN
2025-11-06T01:15:00-05:00,25698.5,25710.75,25677.75,25682,NaN
2025-11-06T01:30:00-05:00,25682,25699.75,25672.5,25691.75,NaN
2025-11-06T01:45:00-05:00,25692.75,25703.75,25681,25682.75,NaN
2025-11-06T02:00:00-05:00,25682.25,25692,25671,25690.25,NaN
2025-11-06T02:15:00-05:00,25690.75,25716,25675.25,25702.25,NaN
2025-11-06T02:30:00-05:00,25700.75,25702.5,25643,25662.5,NaN
2025-11-06T02:45:00-05:00,25663,25677.75,25643.5,25646.5,NaN
2025-11-06T03:00:00-05:00,25645,25658.75,25629.5,25650.5,NaN
2025-11-06T03:15:00-05:00,25652.25,25655.5,25629.5,25644.25,NaN
2025-11-06T03:30:00-05:00,25647,25658.75,25630,25656.5,NaN
2025-11-06T03:45:00-05:00,25656.5,25684,25647.5,25672.25,NaN
2025-11-06T04:00:00-05:00,25672.5,25721.5,25671,25720.75,NaN
2025-11-06T04:15:00-05:00,25720.25,25739.25,25718.5,25737,NaN
2025-11-06T04:30:00-05:00,25735.5,25742,25715,25731,NaN
2025-11-06T04:45:00-05:00,25730.75,25747,25723.75,25727.25,NaN
2025-11-06T05:00:00-05:00,25728.25,25746,25725.75,25742.75,NaN
2025-11-06T05:15:00-05:00,25743.5,25771.75,25739,25769,NaN
2025-11-06T05:30:00-05:00,25768.5,25778.25,25752.75,25761.75,NaN
2025-11-06T05:45:00-05:00,25761.75,25767,25742.25,25752,NaN
2025-11-06T06:00:00-05:00,25752.5,25764.5,25742.5,25748,NaN
2025-11-06T06:15:00-05:00,25749,25772.75,25745.75,25768.5,NaN
2025-11-06T06:30:00-05:00,25768.5,25776,25749,25762.75,NaN
2025-11-06T06:45:00-05:00,25763,25769.25,25747,25747.5,NaN
2025-11-06T07:00:00-05:00,25747.25,25788,25746.25,25775.25,NaN
2025-11-06T07:15:00-05:00,25774.75,25787.5,25759.5,25770.75,NaN
2025-11-06T07:30:00-05:00,25772,25789.25,25769,25785.25,NaN
2025-11-06T07:45:00-05:00,25785.75,25791,25777,25779.5,NaN
2025-11-06T08:00:00-05:00,25778.5,25794.5,25775,25793.25,NaN
2025-11-06T08:15:00-05:00,25793.25,25814,25782.25,25812,NaN
2025-11-06T08:30:00-05:00,25811,25822.25,25800.5,25802.25,NaN
2025-11-06T08:45:00-05:00,25802.5,25806.5,25761.25,25766,NaN
2025-11-06T09:00:00-05:00,25766.75,25774.25,25692.75,25722.75,NaN
2025-11-06T09:15:00-05:00,25722.75,25725.25,25667,25673.5,NaN
2025-11-06T09:30:00-05:00,25674,25685.75,25586,25607.25,NaN
2025-11-06T09:45:00-05:00,25607.5,25673.25,25510,25513,NaN
2025-11-06T10:00:00-05:00,25513.25,25513.25,25413.25,25423,NaN
2025-11-06T10:15:00-05:00,25423,25547,25404.5,25506,NaN
2025-11-06T10:30:00-05:00,25506.25,25513.75,25319.75,25325.25,NaN
2025-11-06T10:45:00-05:00,25325.75,25363.25,25290.75,25303,NaN
2025-11-06T11:00:00-05:00,25302.75,25370.25,25298.5,25338.75,NaN
2025-11-06T11:15:00-05:00,25337.5,25361.5,25277.25,25332.75,NaN
2025-11-06T11:30:00-05:00,25332.75,25332.75,25222.75,25257.75,NaN
2025-11-06T11:45:00-05:00,25258,25284.75,25201.25,25220.5,NaN
2025-11-06T12:00:00-05:00,25220.25,25309,25220.25,25257.5,NaN
2025-11-06T12:15:00-05:00,25257.5,25277,25197.75,25245.5,NaN
2025-11-06T12:30:00-05:00,25244.75,25299,25230,25291.5,NaN
2025-11-06T12:45:00-05:00,25291,25356.25,25288,25337.25,NaN
2025-11-06T13:00:00-05:00,25337.25,25348.5,25225.5,25248.75,NaN
2025-11-06T13:15:00-05:00,25248.5,25339,25236.5,25324.5,NaN
2025-11-06T13:30:00-05:00,25322,25371.25,25321.75,25362.75,NaN
2025-11-06T13:45:00-05:00,25363.5,25366.5,25308,25330.25,NaN
2025-11-06T14:00:00-05:00,25331.25,25411,25321,25395,NaN
2025-11-06T14:15:00-05:00,25395.25,25436.75,25362.75,25431.25,NaN
2025-11-06T14:30:00-05:00,25431.5,25438.5,25374,25403.25,NaN
2025-11-06T14:45:00-05:00,25403.75,25426,25355,25404.25,NaN
2025-11-06T15:00:00-05:00,25403.75,25414.75,25377.75,25391,NaN
2025-11-06T15:15:00-05:00,25391.75,25403.75,25348,25354.25,NaN
2025-11-06T15:30:00-05:00,25354.25,25371.25,25302.25,25304.25,NaN
2025-11-06T15:45:00-05:00,25305.25,25313.75,25226.5,25258.25,NaN
2025-11-06T16:00:00-05:00,25257.75,25292.25,25241.75,25290.25,NaN
2025-11-06T16:15:00-05:00,25290.5,25294.5,25266.25,25279.75,NaN
2025-11-06T16:30:00-05:00,25280.25,25314,25276.75,25307.5,NaN
2025-11-06T16:45:00-05:00,25308.25,25319,25300,25311.5,NaN
2025-11-06T18:00:00-05:00,25314.75,25314.75,25272,25281,NaN
2025-11-06T18:15:00-05:00,25283.5,25313.25,25277.75,25306.25,NaN
2025-11-06T18:30:00-05:00,25307.5,25327,25295.25,25326,NaN
2025-11-06T18:45:00-05:00,25327,25335.75,25314,25316.75,NaN
2025-11-06T19:00:00-05:00,25317,25343,25279.25,25313,NaN
2025-11-06T19:15:00-05:00,25313,25328.25,25297,25321.75,NaN
2025-11-06T19:30:00-05:00,25322,25348,25320.5,25345.5,NaN
2025-11-06T19:45:00-05:00,25345,25349.75,25321.75,25322,NaN
2025-11-06T20:00:00-05:00,25324,25332.75,25272.25,25303.75,NaN
2025-11-06T20:15:00-05:00,25305.75,25306.75,25245,25248.5,NaN
2025-11-06T20:30:00-05:00,25248,25262.75,25201,25247.25,NaN
2025-11-06T20:45:00-05:00,25244.5,25274.25,25241,25271.5,NaN
2025-11-06T21:00:00-05:00,25272.75,25275,25232,25234.5,NaN
2025-11-06T21:15:00-05:00,25234.5,25247,25207.25,25208.5,NaN
2025-11-06T21:30:00-05:00,25209.75,25260,25208.25,25241.75,NaN
2025-11-06T21:45:00-05:00,25244,25270.5,25243,25267.5,NaN
2025-11-06T22:00:00-05:00,25269.25,25281.5,25227,25237.75,NaN
2025-11-06T22:15:00-05:00,25238.75,25250.25,25216.5,25232.75,NaN
2025-11-06T22:30:00-05:00,25231.5,25242.75,25215.75,25219,NaN
2025-11-06T22:45:00-05:00,25220.25,25233.5,25203,25223,NaN
2025-11-06T23:00:00-05:00,25222.5,25224,25162,25196.5,NaN
2025-11-06T23:15:00-05:00,25195.25,25265,25195,25252.75,NaN
2025-11-06T23:30:00-05:00,25251,25255.75,25230.5,25239,NaN
2025-11-06T23:45:00-05:00,25240.25,25255,25234,25250.25,NaN
2025-11-07T00:00:00-05:00,25248.5,25299.25,25247.5,25294.5,NaN
2025-11-07T00:15:00-05:00,25292.25,25313.25,25286.5,25289.75,NaN
2025-11-07T00:30:00-05:00,25290,25321,25287.25,25315.5,NaN
2025-11-07T00:45:00-05:00,25315.75,25333,25308.75,25332,NaN
2025-11-07T01:00:00-05:00,25332.5,25338.25,25316,25324.25,NaN
2025-11-07T01:15:00-05:00,25325.75,25336.75,25319.5,25332,NaN
2025-11-07T01:30:00-05:00,25331.25,25333.25,25310.5,25331.5,NaN
2025-11-07T01:45:00-05:00,25331.5,25340.75,25307.25,25325.5,NaN
2025-11-07T02:00:00-05:00,25326.25,25335.5,25313.5,25333.25,NaN
2025-11-07T02:15:00-05:00,25334,25349,25315.75,25330.25,NaN
2025-11-07T02:30:00-05:00,25329.25,25338.25,25326.5,25334.75,NaN
2025-11-07T02:45:00-05:00,25335,25348.25,25329.5,25336.25,NaN
2025-11-07T03:00:00-05:00,25336.25,25352.5,25329.5,25350.75,NaN
2025-11-07T03:15:00-05:00,25350.75,25354.75,25288,25301.75,NaN
2025-11-07T03:30:00-05:00,25301.25,25307.5,25272,25296.25,NaN
2025-11-07T03:45:00-05:00,25296.5,25317.75,25295.75,25313.25,NaN
2025-11-07T04:00:00-05:00,25311.75,25328.5,25282.25,25323.5,NaN
2025-11-07T04:15:00-05:00,25324.25,25326,25271.5,25277,NaN
2025-11-07T04:30:00-05:00,25277,25283.25,25244.25,25257.75,NaN
2025-11-07T04:45:00-05:00,25259,25273.75,25241.25,25260,NaN
2025-11-07T05:00:00-05:00,25259.75,25277.75,25218.5,25220.25,NaN
2025-11-07T05:15:00-05:00,25221.25,25226,25185.75,25219.5,NaN
2025-11-07T05:30:00-05:00,25218.5,25247.75,25216,25228.75,NaN
2025-11-07T05:45:00-05:00,25227.5,25234.75,25210.75,25219.25,NaN
2025-11-07T06:00:00-05:00,25219.25,25220.25,25123.25,25125,NaN
2025-11-07T06:15:00-05:00,25123.25,25158.5,25100.25,25125,NaN
2025-11-07T06:30:00-05:00,25124.75,25139,25084.25,25138.5,NaN
2025-11-07T06:45:00-05:00,25139.5,25191.25,25135.5,25180.25,NaN
2025-11-07T07:00:00-05:00,25178.5,25192,25158,25181,NaN
2025-11-07T07:15:00-05:00,25181.5,25195.5,25145.5,25160.5,NaN
2025-11-07T07:30:00-05:00,25160.5,25161.25,25106.75,25107.5,NaN
2025-11-07T07:45:00-05:00,25107.25,25113,25061.75,25092.75,NaN
2025-11-07T08:00:00-05:00,25092.5,25139,25069.25,25106,NaN
2025-11-07T08:15:00-05:00,25105,25147.25,25071,25083.25,NaN
2025-11-07T08:30:00-05:00,25081.5,25102.5,25066.75,25078.25,NaN
2025-11-07T08:45:00-05:00,25078.25,25142,25077,25111.5,NaN
2025-11-07T09:00:00-05:00,25111.25,25124,25081.25,25106.75,NaN
2025-11-07T09:15:00-05:00,25106,25120,25075.5,25110,NaN
2025-11-07T09:30:00-05:00,25110.5,25111,24917.75,24975.25,NaN
2025-11-07T09:45:00-05:00,24975.5,25045.25,24930.25,25028,NaN
2025-11-07T10:00:00-05:00,25018,25031.25,24882,25013.75,NaN
2025-11-07T10:15:00-05:00,25014,25045,24953.75,24969.25,NaN
2025-11-07T10:30:00-05:00,24969,24981,24864.5,24870,NaN
2025-11-07T10:45:00-05:00,24869,24897.25,24823,24823.5,NaN
2025-11-07T11:00:00-05:00,24822.75,24861,24778.5,24787.75,NaN
2025-11-07T11:15:00-05:00,24788,24844.5,24771.25,24795.5,NaN
2025-11-07T11:30:00-05:00,24795.5,24822.25,24756.5,24801.75,NaN
2025-11-07T11:45:00-05:00,24802.25,24810,24718.75,24746.75,NaN
2025-11-07T12:00:00-05:00,24745.75,24778.75,24709.25,24770,NaN
2025-11-07T12:15:00-05:00,24769.75,24864.5,24767.25,24831.25,NaN
2025-11-07T12:30:00-05:00,24830.75,24859.75,24791.5,24810,NaN
2025-11-07T12:45:00-05:00,24809.5,24846.5,24756.75,24841.25,NaN
2025-11-07T13:00:00-05:00,24841.5,24876.75,24821.25,24874.5,NaN
2025-11-07T13:15:00-05:00,24873.75,24921,24849,24918.5,NaN
2025-11-07T13:30:00-05:00,24918.75,24953.5,24893.25,24929.75,NaN
2025-11-07T13:45:00-05:00,24929.75,24943,24856.5,24922.5,NaN
2025-11-07T14:00:00-05:00,24922.5,24953.25,24900.75,24948.5,NaN
2025-11-07T14:15:00-05:00,24948.75,24964,24922.75,24951.25,NaN
2025-11-07T14:30:00-05:00,24951.25,25104,24951.25,25093.75,NaN
2025-11-07T14:45:00-05:00,25093.75,25116.75,25046.25,25113.5,NaN
2025-11-07T15:00:00-05:00,25113.25,25127.75,25060.75,25106,NaN
2025-11-07T15:15:00-05:00,25105.5,25110.5,25023.5,25055.75,NaN
2025-11-07T15:30:00-05:00,25055,25136.5,25054.75,25131.25,NaN
2025-11-07T15:45:00-05:00,25130.5,25173,25065.25,25164.25,NaN
2025-11-07T16:00:00-05:00,25163.75,25206.5,25160.75,25198.5,NaN
2025-11-07T16:15:00-05:00,25198.5,25220,25195,25200.5,NaN
2025-11-07T16:30:00-05:00,25201,25219,25200.75,25210,NaN
2025-11-07T16:45:00-05:00,25210.25,25228.25,25209,25226.75,NaN
2025-11-09T18:00:00-05:00,25320.75,25391.5,25320.75,25346,NaN
2025-11-09T18:15:00-05:00,25344.75,25348.25,25300.25,25305.5,NaN
2025-11-09T18:30:00-05:00,25305.5,25329.5,25297.5,25322,NaN
2025-11-09T18:45:00-05:00,25321.25,25357.5,25315.5,25335.25,NaN
2025-11-09T19:00:00-05:00,25336,25337,25269,25312,NaN
2025-11-09T19:15:00-05:00,25312.5,25335.75,25302.5,25316,NaN
2025-11-09T19:30:00-05:00,25315.25,25335.5,25306,25316,NaN
2025-11-09T19:45:00-05:00,25315.5,25345.5,25301.25,25330.75,NaN
2025-11-09T20:00:00-05:00,25329.25,25382.25,25326.25,25379.75,NaN
2025-11-09T20:15:00-05:00,25380,25404.25,25371.75,25386.75,NaN
2025-11-09T20:30:00-05:00,25386,25393.75,25374.75,25378.75,NaN
2025-11-09T20:45:00-05:00,25378.25,25437,25377.25,25428.5,NaN
2025-11-09T21:00:00-05:00,25428.75,25432.75,25409,25421,NaN
2025-11-09T21:15:00-05:00,25421,25429.25,25417.25,25422.5,NaN
2025-11-09T21:30:00-05:00,25424,25442.75,25423,25434.5,NaN
2025-11-09T21:45:00-05:00,25436.25,25449,25431.75,25432,NaN
2025-11-09T22:00:00-05:00,25431.75,25462,25431.25,25455.5,NaN
2025-11-09T22:15:00-05:00,25457,25481.5,25454.75,25479.25,NaN
2025-11-09T22:30:00-05:00,25479,25489,25466.75,25472.75,NaN
2025-11-09T22:45:00-05:00,25471.75,25473.25,25460.25,25461,NaN
2025-11-09T23:00:00-05:00,25460.75,25486,25459.5,25470,NaN
2025-11-09T23:15:00-05:00,25469.25,25470,25455.25,25467,NaN
2025-11-09T23:30:00-05:00,25466.75,25471,25455.5,25468,NaN
2025-11-09T23:45:00-05:00,25467.5,25476.5,25458.5,25465.75,NaN
2025-11-10T00:00:00-05:00,25466.75,25490.75,25466.75,25486.25,NaN
2025-11-10T00:15:00-05:00,25486.75,25496.75,25486,25492,NaN
2025-11-10T00:30:00-05:00,25491,25492.75,25471.5,25483.25,NaN
2025-11-10T00:45:00-05:00,25482.25,25488.75,25473,25483.75,NaN
2025-11-10T01:00:00-05:00,25483.25,25489.75,25472.75,25482,NaN
2025-11-10T01:15:00-05:00,25481.5,25491.5,25468,25473.5,NaN
2025-11-10T01:30:00-05:00,25473.25,25489.5,25470,25485,NaN
2025-11-10T01:45:00-05:00,25484.75,25503.5,25466.5,25470.5,NaN
2025-11-10T02:00:00-05:00,25469.5,25486.25,25463.25,25481.5,NaN
2025-11-10T02:15:00-05:00,25480.25,25486,25472.25,25478.75,NaN
2025-11-10T02:30:00-05:00,25479.75,25495.25,25475.5,25494,NaN
2025-11-10T02:45:00-05:00,25494,25499.5,25484.5,25489.5,NaN
2025-11-10T03:00:00-05:00,25490,25492.75,25458.5,25462,NaN
2025-11-10T03:15:00-05:00,25462.25,25492,25457,25488.75,NaN
2025-11-10T03:30:00-05:00,25488.5,25515.25,25484,25513.5,NaN
2025-11-10T03:45:00-05:00,25512.75,25540.25,25508.25,25532,NaN
2025-11-10T04:00:00-05:00,25532.5,25546,25518,25544,NaN
2025-11-10T04:15:00-05:00,25542.75,25569.5,25535,25540.25,NaN
2025-11-10T04:30:00-05:00,25539.5,25549.5,25529.5,25540.75,NaN
2025-11-10T04:45:00-05:00,25538.75,25559.5,25536.25,25553,NaN
2025-11-10T05:00:00-05:00,25554.5,25555.75,25538.75,25541.5,NaN
2025-11-10T05:15:00-05:00,25540.75,25550.5,25535,25538,NaN
2025-11-10T05:30:00-05:00,25538.5,25558.25,25537.5,25549.5,NaN
2025-11-10T05:45:00-05:00,25549,25552.5,25525.75,25529,NaN
2025-11-10T06:00:00-05:00,25530.25,25543.5,25514.25,25518.25,NaN
2025-11-10T06:15:00-05:00,25517.5,25523.75,25506,25511.25,NaN
2025-11-10T06:30:00-05:00,25510.75,25530.75,25504,25529.25,NaN
2025-11-10T06:45:00-05:00,25528.75,25546.5,25524.5,25545.75,NaN
2025-11-10T07:00:00-05:00,25546.25,25551.5,25514.5,25524.5,NaN
2025-11-10T07:15:00-05:00,25524.25,25528.75,25513,25516.75,NaN
2025-11-10T07:30:00-05:00,25517,25533.75,25516.75,25531.75,NaN
2025-11-10T07:45:00-05:00,25532.5,25547,25520,25538.25,NaN
2025-11-10T08:00:00-05:00,25540.25,25546.25,25520,25526.5,NaN
2025-11-10T08:15:00-05:00,25526.75,25551.25,25519.5,25548,NaN
2025-11-10T08:30:00-05:00,25548.5,25558.5,25534.75,25541.25,NaN
2025-11-10T08:45:00-05:00,25541.5,25559,25528.5,25556,NaN
2025-11-10T09:00:00-05:00,25555.75,25556.75,25528.75,25532,NaN
2025-11-10T09:15:00-05:00,25531.75,25557.25,25521.5,25538,NaN
2025-11-10T09:30:00-05:00,25538.75,25640,25525.25,25630,NaN
2025-11-10T09:45:00-05:00,25629.25,25657.25,25588.5,25638.25,NaN
2025-11-10T10:00:00-05:00,25637.25,25661.25,25619.75,25624.5,NaN
2025-11-10T10:15:00-05:00,25625.5,25666.5,25611.25,25642.75,NaN
2025-11-10T10:30:00-05:00,25643,25663.75,25614.25,25616.75,NaN
2025-11-10T10:45:00-05:00,25616,25630.75,25516.5,25524,NaN
2025-11-10T11:00:00-05:00,25523.75,25537.75,25471,25511,NaN
2025-11-10T11:15:00-05:00,25511,25527,25477,25483,NaN
2025-11-10T11:30:00-05:00,25483.25,25517.25,25452,25483.5,NaN
2025-11-10T11:45:00-05:00,25483.5,25524.25,25461.75,25521.25,NaN
2025-11-10T12:00:00-05:00,25521.25,25575.5,25511.25,25518,NaN
2025-11-10T12:15:00-05:00,25518.25,25566.5,25507.5,25550,NaN
2025-11-10T12:30:00-05:00,25550.75,25615,25550.75,25592.5,NaN
2025-11-10T12:45:00-05:00,25592.25,25647.25,25592.25,25635,NaN
2025-11-10T13:00:00-05:00,25635.5,25655,25633,25647.75,NaN
2025-11-10T13:15:00-05:00,25647.75,25659,25628.75,25632.75,NaN
2025-11-10T13:30:00-05:00,25632.75,25676,25632.75,25669,NaN
2025-11-10T13:45:00-05:00,25669.25,25682.5,25645,25646.75,NaN
2025-11-10T14:00:00-05:00,25647.25,25676.25,25642.5,25662.5,NaN
2025-11-10T14:15:00-05:00,25662.5,25696.75,25657,25687,NaN
2025-11-10T14:30:00-05:00,25687,25703.75,25677,25698.5,NaN
2025-11-10T14:45:00-05:00,25698.5,25716.5,25694,25702,NaN
2025-11-10T15:00:00-05:00,25702.25,25728.25,25700.75,25724.75,NaN
2025-11-10T15:15:00-05:00,25724.75,25725,25696.75,25710,NaN
2025-11-10T15:30:00-05:00,25710,25737.5,25698,25735.75,NaN
2025-11-10T15:45:00-05:00,25735.25,25760.5,25709.25,25713,NaN
2025-11-10T16:00:00-05:00,25713,25743,25707,25734.75,NaN
2025-11-10T16:15:00-05:00,25734.5,25746.25,25729.25,25729.75,NaN
2025-11-10T16:30:00-05:00,25730,25740,25721.5,25735,NaN
2025-11-10T16:45:00-05:00,25734.75,25737.75,25715.75,25720.75,NaN
2025-11-10T18:00:00-05:00,25722.25,25736.25,25701,25715.75,NaN
2025-11-10T18:15:00-05:00,25715.75,25729,25705.25,25721.75,NaN
2025-11-10T18:30:00-05:00,25723.75,25725.5,25706.5,25712,NaN
2025-11-10T18:45:00-05:00,25711.75,25746,25711.75,25742,NaN
2025-11-10T19:00:00-05:00,25741.75,25768.75,25730,25746.5,NaN
2025-11-10T19:15:00-05:00,25748,25749,25729.25,25749,NaN
2025-11-10T19:30:00-05:00,25748.5,25755.25,25733.75,25743.75,NaN
2025-11-10T19:45:00-05:00,25742.75,25745.75,25730,25739,NaN
2025-11-10T20:00:00-05:00,25740.75,25755.5,25736.25,25750.5,NaN
2025-11-10T20:15:00-05:00,25750.25,25768.25,25746.5,25760.5,NaN
2025-11-10T20:30:00-05:00,25760.5,25763.5,25733.5,25746.5,NaN
2025-11-10T20:45:00-05:00,25745,25750,25737,25743.5,NaN
2025-11-10T21:00:00-05:00,25743.25,25751.75,25720.25,25733.25,NaN
2025-11-10T21:15:00-05:00,25733.75,25745,25724,25731,NaN
2025-11-10T21:30:00-05:00,25732.5,25754.5,25723,25742.75,NaN
2025-11-10T21:45:00-05:00,25742.75,25748,25728,25736,NaN
2025-11-10T22:00:00-05:00,25736,25745.75,25723.25,25735.25,NaN
2025-11-10T22:15:00-05:00,25733,25738.25,25724.75,25726,NaN
2025-11-10T22:30:00-05:00,25726.5,25732.5,25717.25,25727.5,NaN
2025-11-10T22:45:00-05:00,25727,25742.25,25723,25737.25,NaN
2025-11-10T23:00:00-05:00,25736.75,25740.75,25712.75,25721,NaN
2025-11-10T23:15:00-05:00,25721,25725,25708.75,25715,NaN
2025-11-10T23:30:00-05:00,25714.5,25725,25708.25,25716,NaN
2025-11-10T23:45:00-05:00,25716,25716.5,25683,25690,NaN
2025-11-11T00:00:00-05:00,25690.75,25695.75,25664.25,25665.5,NaN
2025-11-11T00:15:00-05:00,25665.5,25682.75,25656.25,25681,NaN
2025-11-11T00:30:00-05:00,25681.75,25682.5,25655.25,25659.5,NaN
2025-11-11T00:45:00-05:00,25660,25675,25652.75,25654,NaN
2025-11-11T01:00:00-05:00,25653,25690.75,25652,25683.75,NaN
2025-11-11T01:15:00-05:00,25683.25,25695,25682,25687.5,NaN
2025-11-11T01:30:00-05:00,25687.75,25705,25687.75,25695.25,NaN
2025-11-11T01:45:00-05:00,25693.75,25695.75,25677,25683.75,NaN
2025-11-11T02:00:00-05:00,25684.75,25690.25,25661.5,25675.5,NaN
2025-11-11T02:15:00-05:00,25675.5,25680,25652.75,25661,NaN
2025-11-11T02:30:00-05:00,25660.5,25677,25655.5,25670.75,NaN
2025-11-11T02:45:00-05:00,25671,25671.5,25646,25652,NaN
2025-11-11T03:00:00-05:00,25653.25,25676.5,25650.25,25665.75,NaN
2025-11-11T03:15:00-05:00,25668,25682.75,25635.5,25641.75,NaN
2025-11-11T03:30:00-05:00,25641,25649.5,25631.25,25635.25,NaN
2025-11-11T03:45:00-05:00,25634.75,25649.5,25630.25,25632.75,NaN
2025-11-11T04:00:00-05:00,25635.75,25654.75,25623.5,25638.5,NaN
2025-11-11T04:15:00-05:00,25640.75,25644.75,25626,25634.75,NaN
2025-11-11T04:30:00-05:00,25635,25641.5,25602.75,25611,NaN
2025-11-11T04:45:00-05:00,25611.75,25629,25596.75,25602.25,NaN
2025-11-11T05:00:00-05:00,25602.25,25614.75,25596.25,25613,NaN
2025-11-11T05:15:00-05:00,25612,25630,25607.25,25630,NaN
2025-11-11T05:30:00-05:00,25629.75,25632.75,25612,25615,NaN
2025-11-11T05:45:00-05:00,25616,25621.75,25611.25,25620.75,NaN
2025-11-11T06:00:00-05:00,25621.25,25647.75,25616.75,25643,NaN
2025-11-11T06:15:00-05:00,25642.5,25642.5,25619.5,25629.75,NaN
2025-11-11T06:30:00-05:00,25630,25630,25612.25,25621.25,NaN
2025-11-11T06:45:00-05:00,25621.75,25625.25,25608.5,25623,NaN
2025-11-11T07:00:00-05:00,25623.25,25637,25615.25,25633.5,NaN
2025-11-11T07:15:00-05:00,25633.75,25639.75,25617,25620.25,NaN
2025-11-11T07:30:00-05:00,25619.75,25626.25,25582.25,25594.75,NaN
2025-11-11T07:45:00-05:00,25594,25604.75,25583.75,25591,NaN
2025-11-11T08:00:00-05:00,25591.5,25627.25,25590,25624,NaN
2025-11-11T08:15:00-05:00,25624,25624,25571.75,25581.5,NaN
2025-11-11T08:30:00-05:00,25581.5,25613.25,25580.5,25593.5,NaN
2025-11-11T08:45:00-05:00,25592.75,25606.5,25584.25,25597,NaN
2025-11-11T09:00:00-05:00,25596.75,25610,25583.75,25605.5,NaN
2025-11-11T09:15:00-05:00,25604.75,25626.75,25595,25604.75,NaN
2025-11-11T09:30:00-05:00,25605,25646,25588.5,25609.75,NaN
2025-11-11T09:45:00-05:00,25609.5,25633.5,25560.25,25627,NaN
2025-11-11T10:00:00-05:00,25626.75,25628,25544.5,25571.25,NaN
2025-11-11T10:15:00-05:00,25571,25579.75,25532.75,25546.5,NaN
2025-11-11T10:30:00-05:00,25546.5,25553,25500.25,25539,NaN
2025-11-11T10:45:00-05:00,25538.25,25547.5,25486.5,25513,NaN
2025-11-11T11:00:00-05:00,25513,25541.75,25507,25520.25,NaN
2025-11-11T11:15:00-05:00,25519.5,25591.5,25508,25511.5,NaN
2025-11-11T11:30:00-05:00,25511.5,25537,25478.5,25516.75,NaN
2025-11-11T11:45:00-05:00,25517.25,25539,25503.75,25510.25,NaN
2025-11-11T12:00:00-05:00,25510.25,25575.25,25506.75,25562.75,NaN
2025-11-11T12:15:00-05:00,25562.25,25598.75,25548.75,25564.25,NaN
2025-11-11T12:30:00-05:00,25564,25586,25561.5,25584.25,NaN
2025-11-11T12:45:00-05:00,25584.5,25631.25,25574.25,25618,NaN
2025-11-11T13:00:00-05:00,25617.5,25642.5,25609.75,25630.25,NaN
2025-11-11T13:15:00-05:00,25630.75,25671.75,25623.75,25642.75,NaN
2025-11-11T13:30:00-05:00,25643,25661,25607.25,25653.75,NaN
2025-11-11T13:45:00-05:00,25653.5,25696.25,25652.5,25690.5,NaN
2025-11-11T14:00:00-05:00,25690.5,25691.25,25637.75,25665.25,NaN
2025-11-11T14:15:00-05:00,25665.5,25681,25650.5,25663.25,NaN
2025-11-11T14:30:00-05:00,25662.75,25675.25,25651,25653.5,NaN
2025-11-11T14:45:00-05:00,25654,25679.25,25645.5,25663.25,NaN
2025-11-11T15:00:00-05:00,25663.75,25682.25,25661.5,25675.5,NaN
2025-11-11T15:15:00-05:00,25675.5,25677.75,25648,25659.25,NaN
2025-11-11T15:30:00-05:00,25659,25669.25,25642.75,25662,NaN
2025-11-11T15:45:00-05:00,25662.5,25688.5,25619.75,25647,NaN
2025-11-11T16:00:00-05:00,25647.25,25677.5,25626.75,25676,NaN
2025-11-11T16:15:00-05:00,25676,25687.5,25657.25,25666.25,NaN
2025-11-11T16:30:00-05:00,25666,25672.75,25659.75,25671,NaN
2025-11-11T16:45:00-05:00,25670.25,25671.75,25658,25659,NaN
2025-11-11T18:00:00-05:00,25668,25673.5,25629.5,25643,NaN
2025-11-11T18:15:00-05:00,25642.75,25668.25,25637.5,25659.75,NaN
2025-11-11T18:30:00-05:00,25661,25672,25650.25,25667.75,NaN
2025-11-11T18:45:00-05:00,25668,25670.5,25649.5,25650.25,NaN
2025-11-11T19:00:00-05:00,25650.5,25675,25649.25,25657.75,NaN
2025-11-11T19:15:00-05:00,25657,25685,25650.5,25679.75,NaN
2025-11-11T19:30:00-05:00,25680.5,25686.5,25673.25,25683,NaN
2025-11-11T19:45:00-05:00,25684,25699.5,25676.25,25684.5,NaN
2025-11-11T20:00:00-05:00,25685.5,25715.75,25679,25715,NaN
2025-11-11T20:15:00-05:00,25715,25721,25702.25,25704.5,NaN
2025-11-11T20:30:00-05:00,25704.25,25722.5,25700.25,25718.5,NaN
2025-11-11T20:45:00-05:00,25719.25,25738.5,25715,25731,NaN
2025-11-11T21:00:00-05:00,25731,25758,25728.5,25753,NaN
2025-11-11T21:15:00-05:00,25753.5,25761.5,25749,25757.25,NaN
2025-11-11T21:30:00-05:00,25756.25,25756.75,25735,25744.25,NaN
2025-11-11T21:45:00-05:00,25744,25744.25,25708.5,25725,NaN
2025-11-11T22:00:00-05:00,25725.5,25727,25710.75,25717,NaN
2025-11-11T22:15:00-05:00,25717,25723.75,25709.5,25716,NaN
2025-11-11T22:30:00-05:00,25714.75,25730.25,25710.75,25729,NaN
2025-11-11T22:45:00-05:00,25727.5,25734.5,25725.25,25729,NaN
2025-11-11T23:00:00-05:00,25728.5,25732,25710,25718,NaN
2025-11-11T23:15:00-05:00,25717.75,25719.25,25702.5,25709,NaN
2025-11-11T23:30:00-05:00,25708.25,25709.25,25694.25,25701.75,NaN
2025-11-11T23:45:00-05:00,25702,25717,25700.75,25716,NaN
2025-11-12T00:00:00-05:00,25715.5,25731.5,25712,25729,NaN
2025-11-12T00:15:00-05:00,25730.5,25730.5,25717.5,25720.5,NaN
2025-11-12T00:30:00-05:00,25719.5,25746.5,25719.25,25744.5,NaN
2025-11-12T00:45:00-05:00,25745.5,25754.75,25740.25,25743.75,NaN
2025-11-12T01:00:00-05:00,25742.5,25754.75,25740.75,25745.75,NaN
2025-11-12T01:15:00-05:00,25746,25764.25,25745.75,25761.75,NaN
2025-11-12T01:30:00-05:00,25760,25772.5,25752.75,25770,NaN
2025-11-12T01:45:00-05:00,25770.25,25775.5,25766.25,25771,NaN
2025-11-12T02:00:00-05:00,25772,25786,25772,25781.5,NaN
2025-11-12T02:15:00-05:00,25781,25792.25,25775.25,25791.25,NaN
2025-11-12T02:30:00-05:00,25791,25813,25790.75,25796.5,NaN
2025-11-12T02:45:00-05:00,25796.5,25799.25,25777.25,25778.25,NaN
2025-11-12T03:00:00-05:00,25779,25782.5,25764,25771.5,NaN
2025-11-12T03:15:00-05:00,25772,25804.5,25770.25,25804.25,NaN
2025-11-12T03:30:00-05:00,25804.5,25808.5,25779.25,25802.25,NaN
2025-11-12T03:45:00-05:00,25802,25810.75,25788,25793.25,NaN
2025-11-12T04:00:00-05:00,25793,25793,25770.5,25782.25,NaN
2025-11-12T04:15:00-05:00,25781.75,25806.75,25776.75,25793.5,NaN
2025-11-12T04:30:00-05:00,25794,25826,25792.25,25821.25,NaN
2025-11-12T04:45:00-05:00,25822,25823,25810.5,25819.5,NaN
2025-11-12T05:00:00-05:00,25818.25,25830,25815.5,25818.5,NaN
2025-11-12T05:15:00-05:00,25818,25820.5,25802.5,25804.25,NaN
2025-11-12T05:30:00-05:00,25805.25,25810,25779.75,25779.75,NaN
2025-11-12T05:45:00-05:00,25779.75,25804.5,25779.5,25797.25,NaN
2025-11-12T06:00:00-05:00,25797.5,25804.25,25784,25784,NaN
2025-11-12T06:15:00-05:00,25784.25,25790,25743.75,25744,NaN
2025-11-12T06:30:00-05:00,25744,25766.5,25729.5,25761.25,NaN
2025-11-12T06:45:00-05:00,25761.25,25765,25729.75,25736.25,NaN
2025-11-12T07:00:00-05:00,25737.25,25791,25721,25780.25,NaN
2025-11-12T07:15:00-05:00,25780.75,25796.25,25777.5,25791.25,NaN
2025-11-12T07:30:00-05:00,25791.25,25803.5,25776.75,25778,NaN
2025-11-12T07:45:00-05:00,25777.75,25795.75,25769.25,25792.25,NaN
2025-11-12T08:00:00-05:00,25791.25,25812.5,25789,25803.75,NaN
2025-11-12T08:15:00-05:00,25804.25,25811,25787.25,25792.5,NaN
2025-11-12T08:30:00-05:00,25791.5,25806,25788.25,25794.75,NaN
2025-11-12T08:45:00-05:00,25794.25,25809.5,25792.75,25800.5,NaN
2025-11-12T09:00:00-05:00,25800.75,25801,25781.5,25784,NaN
2025-11-12T09:15:00-05:00,25784,25791.25,25772.25,25777.75,NaN
2025-11-12T09:30:00-05:00,25778.5,25780.75,25637.25,25645,NaN
2025-11-12T09:45:00-05:00,25644.75,25657.75,25561.5,25593.25,NaN
2025-11-12T10:00:00-05:00,25593.5,25660,25582.5,25595,NaN
2025-11-12T10:15:00-05:00,25594.5,25628.25,25575,25613.25,NaN
2025-11-12T10:30:00-05:00,25613.5,25622.25,25528.5,25596.5,NaN
2025-11-12T10:45:00-05:00,25596.75,25610.5,25536,25557,NaN
2025-11-12T11:00:00-05:00,25557.25,25569,25497,25511,NaN
2025-11-12T11:15:00-05:00,25511.75,25589,25511.75,25582.25,NaN
2025-11-12T11:30:00-05:00,25581.75,25608.5,25546.75,25549.25,NaN
2025-11-12T11:45:00-05:00,25550.25,25566.75,25488.75,25532,NaN
2025-11-12T12:00:00-05:00,25532.25,25565.75,25518,25555.75,NaN
2025-11-12T12:15:00-05:00,25555.75,25576.25,25520.5,25556,NaN
2025-11-12T12:30:00-05:00,25556,25629,25552,25595.75,NaN
2025-11-12T12:45:00-05:00,25596.25,25617.25,25551.25,25608.75,NaN
2025-11-12T13:00:00-05:00,25608.75,25616,25582.75,25612,NaN
2025-11-12T13:15:00-05:00,25611,25627.5,25592,25609.75,NaN
2025-11-12T13:30:00-05:00,25609.5,25637.25,25603,25610,NaN
2025-11-12T13:45:00-05:00,25610.5,25621.75,25587.25,25612.5,NaN
2025-11-12T14:00:00-05:00,25613,25624.5,25589.75,25591.25,NaN
2025-11-12T14:15:00-05:00,25591.25,25605.5,25568.25,25580.25,NaN
2025-11-12T14:30:00-05:00,25580.5,25597.75,25552.25,25582.75,NaN
2025-11-12T14:45:00-05:00,25582.5,25601.5,25564.75,25580.25,NaN
2025-11-12T15:00:00-05:00,25580.25,25583.75,25545,25562.75,NaN
2025-11-12T15:15:00-05:00,25562.5,25605,25550,25602.75,NaN
2025-11-12T15:30:00-05:00,25602.75,25639.25,25594.75,25624.75,NaN
2025-11-12T15:45:00-05:00,25623.75,25651.5,25593,25625.25,NaN
2025-11-12T16:00:00-05:00,25625.25,25654.5,25619.5,25647.5,NaN
2025-11-12T16:15:00-05:00,25647.25,25649.75,25630.75,25642,NaN
2025-11-12T16:30:00-05:00,25642.5,25646.75,25636.25,25644.5,NaN
2025-11-12T16:45:00-05:00,25644.75,25645,25621.25,25625,NaN
2025-11-12T18:00:00-05:00,25624,25635.25,25527.5,25563.5,NaN
2025-11-12T18:15:00-05:00,25563,25567.5,25535.25,25561.75,NaN
2025-11-12T18:30:00-05:00,25561.75,25566.5,25528,25537,NaN
2025-11-12T18:45:00-05:00,25537.75,25543.75,25501.5,25542,NaN
2025-11-12T19:00:00-05:00,25542,25600,25538.5,25587.75,NaN
2025-11-12T19:15:00-05:00,25585.25,25596.75,25562.25,25568,NaN
2025-11-12T19:30:00-05:00,25569,25579.75,25555.5,25574.5,NaN
2025-11-12T19:45:00-05:00,25572.25,25573.25,25548.5,25564.25,NaN
2025-11-12T20:00:00-05:00,25564.5,25720,25557.5,25699.75,NaN
2025-11-12T20:15:00-05:00,25697.25,25712.25,25658.75,25664.5,NaN
2025-11-12T20:30:00-05:00,25665,25714,25663.25,25701.75,NaN
2025-11-12T20:45:00-05:00,25703.25,25707.5,25680,25691.5,NaN
2025-11-12T21:00:00-05:00,25691,25702,25662.75,25680.75,NaN
2025-11-12T21:15:00-05:00,25682,25697,25672.5,25682.75,NaN
2025-11-12T21:30:00-05:00,25682.5,25682.75,25657.25,25660.25,NaN
2025-11-12T21:45:00-05:00,25659.25,25670.75,25645,25659,NaN
2025-11-12T22:00:00-05:00,25659.75,25664,25633.75,25638,NaN
2025-11-12T22:15:00-05:00,25638.75,25682.5,25633.5,25680.25,NaN
2025-11-12T22:30:00-05:00,25680.25,25693.25,25671,25672.5,NaN
2025-11-12T22:45:00-05:00,25671.75,25678.75,25658.75,25677,NaN
2025-11-12T23:00:00-05:00,25675.5,25683.75,25664.5,25677,NaN
2025-11-12T23:15:00-05:00,25677.25,25678.75,25664.5,25671.75,NaN
2025-11-12T23:30:00-05:00,25671.75,25683.5,25668.75,25683.5,NaN
2025-11-12T23:45:00-05:00,25684,25699.25,25683.5,25688.75,NaN
2025-11-13T00:00:00-05:00,25688.5,25705,25686,25697.75,NaN
2025-11-13T00:15:00-05:00,25699,25710,25696,25701.75,NaN
2025-11-13T00:30:00-05:00,25702.75,25710,25695.5,25704,NaN
2025-11-13T00:45:00-05:00,25704.75,25707.75,25692.25,25697.25,NaN
2025-11-13T01:00:00-05:00,25696.5,25710.5,25684.5,25700.5,NaN
2025-11-13T01:15:00-05:00,25698.75,25709.75,25692.5,25707.25,NaN
2025-11-13T01:30:00-05:00,25707,25720,25705.25,25716,NaN
2025-11-13T01:45:00-05:00,25716.25,25721.5,25708.5,25711.5,NaN
2025-11-13T02:00:00-05:00,25711.25,25715.25,25694,25705.25,NaN
2025-11-13T02:15:00-05:00,25703,25719.25,25701.25,25715,NaN
2025-11-13T02:30:00-05:00,25715,25721.25,25694.25,25697.25,NaN
2025-11-13T02:45:00-05:00,25697,25698.25,25663,25667.25,NaN
2025-11-13T03:00:00-05:00,25667.25,25682.75,25649.5,25653,NaN
2025-11-13T03:15:00-05:00,25653.25,25687.25,25643.5,25663.5,NaN
2025-11-13T03:30:00-05:00,25665,25681.5,25655.25,25677.5,NaN
2025-11-13T03:45:00-05:00,25675.75,25686.75,25667.25,25677.75,NaN
2025-11-13T04:00:00-05:00,25677.75,25684.25,25581.75,25593,NaN
2025-11-13T04:15:00-05:00,25591.5,25601.25,25552.75,25556.75,NaN
2025-11-13T04:30:00-05:00,25557.5,25573,25531.25,25572.5,NaN
2025-11-13T04:45:00-05:00,25574,25581.25,25563,25567.75,NaN
2025-11-13T05:00:00-05:00,25567.75,25608,25562,25588.75,NaN
2025-11-13T05:15:00-05:00,25587.75,25612.25,25580.5,25600.75,NaN
2025-11-13T05:30:00-05:00,25600,25629.25,25596,25612.25,NaN
2025-11-13T05:45:00-05:00,25611,25614,25588,25597.5,NaN
2025-11-13T06:00:00-05:00,25597,25625.75,25592.5,25618.5,NaN
2025-11-13T06:15:00-05:00,25619.5,25627,25569.5,25579.25,NaN
2025-11-13T06:30:00-05:00,25579.75,25587.5,25548,25581.25,NaN
2025-11-13T06:45:00-05:00,25583.25,25595,25564.75,25590.75,NaN
2025-11-13T07:00:00-05:00,25590,25592,25550.5,25561,NaN
2025-11-13T07:15:00-05:00,25561,25580.5,25558.25,25575.75,NaN
2025-11-13T07:30:00-05:00,25575.25,25613.25,25569.25,25612.75,NaN
2025-11-13T07:45:00-05:00,25613.25,25615.75,25581,25585.5,NaN
2025-11-13T08:00:00-05:00,25585.5,25590,25567,25588.5,NaN
2025-11-13T08:15:00-05:00,25589,25597,25546.5,25572.75,NaN
2025-11-13T08:30:00-05:00,25570.25,25576.5,25504.75,25512.25,NaN
2025-11-13T08:45:00-05:00,25513,25545,25491.75,25497.25,NaN
2025-11-13T09:00:00-05:00,25497.75,25509.5,25435,25463,NaN
2025-11-13T09:15:00-05:00,25462,25496.5,25450.5,25477.75,NaN
2025-11-13T09:30:00-05:00,25477.25,25502,25287.25,25292.5,NaN
2025-11-13T09:45:00-05:00,25292.75,25417.75,25280.25,25381.25,NaN
2025-11-13T10:00:00-05:00,25382,25475.75,25323.75,25468.75,NaN
2025-11-13T10:15:00-05:00,25468,25496.75,25370.75,25384,NaN
2025-11-13T10:30:00-05:00,25384,25386.25,25287.5,25294.5,NaN
2025-11-13T10:45:00-05:00,25294.25,25297.25,25197,25258.5,NaN
2025-11-13T11:00:00-05:00,25257.75,25277.75,25192,25229.5,NaN
2025-11-13T11:15:00-05:00,25230,25255.5,25182,25224.25,NaN
2025-11-13T11:30:00-05:00,25224.75,25263.25,25159,25175.75,NaN
2025-11-13T11:45:00-05:00,25175.25,25221.25,25163,25192.5,NaN
2025-11-13T12:00:00-05:00,25192.5,25234.75,25151.25,25173.25,NaN
2025-11-13T12:15:00-05:00,25173.75,25247.75,25171.5,25233.75,NaN
2025-11-13T12:30:00-05:00,25232.5,25254.75,25187.25,25188.75,NaN
2025-11-13T12:45:00-05:00,25189.5,25192,25125.75,25136,NaN
2025-11-13T13:00:00-05:00,25137.5,25166,25114.25,25153.5,NaN
2025-11-13T13:15:00-05:00,25152.25,25160,25061.25,25074,NaN
2025-11-13T13:30:00-05:00,25072.75,25073.75,25012.75,25061.25,NaN
2025-11-13T13:45:00-05:00,25060.5,25079.5,25036.5,25070.5,NaN
2025-11-13T14:00:00-05:00,25070,25082,25018,25027.75,NaN
2025-11-13T14:15:00-05:00,25027.25,25125.25,25018,25122.25,NaN
2025-11-13T14:30:00-05:00,25120.75,25132.5,25062.25,25090.75,NaN
2025-11-13T14:45:00-05:00,25091,25103,25002.5,25054.5,NaN
2025-11-13T15:00:00-05:00,25054.25,25081.5,25026.75,25065.25,NaN
2025-11-13T15:15:00-05:00,25065.5,25081,25015,25073,NaN
2025-11-13T15:30:00-05:00,25073.25,25145,25064,25116.75,NaN
2025-11-13T15:45:00-05:00,25117.5,25135,25033.5,25100,NaN
2025-11-13T16:00:00-05:00,25100.5,25156.25,25093.25,25156.25,NaN
2025-11-13T16:15:00-05:00,25156.75,25167,25115.5,25128.75,NaN
2025-11-13T16:30:00-05:00,25130.5,25136,25100.75,25108,NaN
2025-11-13T16:45:00-05:00,25108.75,25109,25079.5,25087.5,NaN
2025-11-13T18:00:00-05:00,25095.25,25147.5,25087.75,25108.75,NaN
2025-11-13T18:15:00-05:00,25113,25143.75,25104,25139.75,NaN
2025-11-13T18:30:00-05:00,25139.75,25151.75,25120.25,25135,NaN
2025-11-13T18:45:00-05:00,25133,25133,25101,25108.75,NaN
2025-11-13T19:00:00-05:00,25108.25,25130.75,25095,25120.75,NaN
2025-11-13T19:15:00-05:00,25122.75,25143.25,25114.25,25139.5,NaN
2025-11-13T19:30:00-05:00,25138.25,25143.75,25115.25,25126.75,NaN
2025-11-13T19:45:00-05:00,25128,25136.75,25101,25105.75,NaN
2025-11-13T20:00:00-05:00,25106,25143.25,25105.5,25131.25,NaN
2025-11-13T20:15:00-05:00,25131.75,25143.25,25103.5,25110.25,NaN
2025-11-13T20:30:00-05:00,25111,25149.25,25109,25122.75,NaN
2025-11-13T20:45:00-05:00,25123.5,25129.25,25107.25,25118.75,NaN
2025-11-13T21:00:00-05:00,25118.5,25139.75,25118,25133.5,NaN
2025-11-13T21:15:00-05:00,25135,25141.25,25125.5,25133.5,NaN
2025-11-13T21:30:00-05:00,25133.25,25151,25131.75,25137.25,NaN
2025-11-13T21:45:00-05:00,25136.5,25159.75,25128.75,25134.25,NaN
2025-11-13T22:00:00-05:00,25134.25,25143.75,25115.25,25137.75,NaN
2025-11-13T22:15:00-05:00,25137.75,25144.25,25126.5,25132.75,NaN
2025-11-13T22:30:00-05:00,25133.75,25135.25,25119.5,25122,NaN
2025-11-13T22:45:00-05:00,25122.25,25128,25085.5,25110.5,NaN
2025-11-13T23:00:00-05:00,25111,25117.75,25069,25080.5,NaN
2025-11-13T23:15:00-05:00,25080,25088.25,25052.25,25059.25,NaN
2025-11-13T23:30:00-05:00,25058.25,25077,25043,25067,NaN
2025-11-13T23:45:00-05:00,25069,25077.75,25021.5,25036,NaN
2025-11-14T00:00:00-05:00,25035.75,25040,24994.25,25000.5,NaN
2025-11-14T00:15:00-05:00,25001.25,25073.25,24973.25,25059.25,NaN
2025-11-14T00:30:00-05:00,25057.5,25102.5,25043.5,25099.5,NaN
2025-11-14T00:45:00-05:00,25099.75,25118.25,25088,25101.25,NaN
2025-11-14T01:00:00-05:00,25100.25,25103.5,25068.75,25079.25,NaN
2025-11-14T01:15:00-05:00,25080,25085,25041.25,25047.5,NaN
2025-11-14T01:30:00-05:00,25049.25,25059.25,25005,25046.75,NaN
2025-11-14T01:45:00-05:00,25046.5,25072.5,25015,25069.5,NaN
2025-11-14T02:00:00-05:00,25067.5,25073.75,24976,24981.5,NaN
2025-11-14T02:15:00-05:00,24981.25,24985.75,24932.5,24971,NaN
2025-11-14T02:30:00-05:00,24969.75,24997.5,24965.75,24980,NaN
2025-11-14T02:45:00-05:00,24982.5,25022.75,24981,25000.25,NaN
2025-11-14T03:00:00-05:00,25000.75,25012,24955.25,24956.25,NaN
2025-11-14T03:15:00-05:00,24957.5,24972.25,24923.5,24946.75,NaN
2025-11-14T03:30:00-05:00,24948.5,24968.5,24900.25,24934.5,NaN
2025-11-14T03:45:00-05:00,24934.5,24986.25,24908.75,24984.5,NaN
2025-11-14T04:00:00-05:00,24984,25039.75,24975.75,24995.5,NaN
2025-11-14T04:15:00-05:00,24996.5,25000.5,24974.5,24975.25,NaN
2025-11-14T04:30:00-05:00,24976,24981.25,24949.25,24964.25,NaN
2025-11-14T04:45:00-05:00,24964.25,24967,24928.75,24941,NaN
2025-11-14T05:00:00-05:00,24938.75,24986,24927.5,24978.5,NaN
2025-11-14T05:15:00-05:00,24978,24979.5,24953.5,24974,NaN
2025-11-14T05:30:00-05:00,24974.25,24994.25,24966.75,24981.75,NaN
2025-11-14T05:45:00-05:00,24981.75,24982.75,24931,24944.75,NaN
2025-11-14T06:00:00-05:00,24943.5,24943.5,24854.25,24863.5,NaN
2025-11-14T06:15:00-05:00,24863.75,24874.25,24818,24842,NaN
2025-11-14T06:30:00-05:00,24842.25,24850.5,24798.25,24811.75,NaN
2025-11-14T06:45:00-05:00,24811,24833.5,24775.75,24828.5,NaN
2025-11-14T07:00:00-05:00,24830,24833,24748,24751.75,NaN
2025-11-14T07:15:00-05:00,24751.75,24783.5,24733.25,24766,NaN
2025-11-14T07:30:00-05:00,24766.5,24774.75,24670.5,24697.25,NaN
2025-11-14T07:45:00-05:00,24697,24743.25,24672.75,24724.25,NaN
2025-11-14T08:00:00-05:00,24724,24766.25,24712.75,24752.75,NaN
2025-11-14T08:15:00-05:00,24752.5,24755.75,24670.5,24710,NaN
2025-11-14T08:30:00-05:00,24710,24727.25,24657,24671.5,NaN
2025-11-14T08:45:00-05:00,24672,24739.5,24657.75,24716.75,NaN
2025-11-14T09:00:00-05:00,24717,24753.5,24699,24726.25,NaN
2025-11-14T09:15:00-05:00,24726,24763.75,24715.75,24723.25,NaN
2025-11-14T09:30:00-05:00,24723.5,24844.75,24626,24834.5,NaN
2025-11-14T09:45:00-05:00,24834.25,24970.25,24818.25,24953,NaN
2025-11-14T10:00:00-05:00,24953,24984,24863.25,24895,NaN
2025-11-14T10:15:00-05:00,24894.75,25028.5,24889.5,25009.5,NaN
2025-11-14T10:30:00-05:00,25010.25,25099,24977.25,25094,NaN
2025-11-14T10:45:00-05:00,25093.75,25179,25085.25,25143,NaN
2025-11-14T11:00:00-05:00,25142.5,25161.25,25069,25117,NaN
2025-11-14T11:15:00-05:00,25117,25268.25,25117,25241,NaN
2025-11-14T11:30:00-05:00,25241.25,25266.5,25202.5,25213,NaN
2025-11-14T11:45:00-05:00,25212.5,25258.75,25176.25,25247.75,NaN
2025-11-14T12:00:00-05:00,25247.75,25293.25,25221.75,25279.75,NaN
2025-11-14T12:15:00-05:00,25280,25284.75,25231.75,25263.75,NaN
2025-11-14T12:30:00-05:00,25264,25284.5,25224.25,25245.25,NaN
2025-11-14T12:45:00-05:00,25244.5,25264.5,25160.25,25203.5,NaN
2025-11-14T13:00:00-05:00,25204,25224.25,25121.25,25220.25,NaN
2025-11-14T13:15:00-05:00,25220,25221,25122.5,25165.5,NaN
2025-11-14T13:30:00-05:00,25165,25189.75,25088.25,25096,NaN
2025-11-14T13:45:00-05:00,25095.25,25198,25090.25,25172.75,NaN
2025-11-14T14:00:00-05:00,25172.5,25184.25,25124.5,25152.5,NaN
2025-11-14T14:15:00-05:00,25152.5,25221.25,25150.25,25203,NaN
2025-11-14T14:30:00-05:00,25203,25219,25183.5,25203.5,NaN
2025-11-14T14:45:00-05:00,25204,25241.75,25202,25228,NaN
2025-11-14T15:00:00-05:00,25228,25251.25,25179,25187.5,NaN
2025-11-14T15:15:00-05:00,25187.5,25194,25122.5,25140.5,NaN
2025-11-14T15:30:00-05:00,25140,25163.5,25103.75,25107.25,NaN
2025-11-14T15:45:00-05:00,25107.75,25129,25071.25,25105.25,NaN
2025-11-14T16:00:00-05:00,25105.75,25141.5,25076,25132.25,NaN
2025-11-14T16:15:00-05:00,25132.5,25162.5,25130.75,25154.5,NaN
2025-11-14T16:30:00-05:00,25154.5,25156.5,25130.5,25136.75,NaN
2025-11-14T16:45:00-05:00,25137,25147.5,25130,25147.5,NaN
2025-11-16T18:00:00-05:00,25142.25,25144.5,25022,25100,NaN
2025-11-16T18:15:00-05:00,25099.5,25150,25091,25135,NaN
2025-11-16T18:30:00-05:00,25133.25,25182.5,25130.5,25167.75,NaN
2025-11-16T18:45:00-05:00,25168.5,25188.25,25159,25170.75,NaN
2025-11-16T19:00:00-05:00,25169.25,25184.5,25125,25146.75,NaN
2025-11-16T19:15:00-05:00,25147,25180.25,25114,25180.25,NaN
2025-11-16T19:30:00-05:00,25180.5,25241,25177.75,25225.25,NaN
2025-11-16T19:45:00-05:00,25224,25243.5,25224,25232.25,NaN
2025-11-16T20:00:00-05:00,25231.75,25251,25206,25241,NaN
2025-11-16T20:15:00-05:00,25241.25,25257.5,25237,25237.75,NaN
2025-11-16T20:30:00-05:00,25238.25,25246.25,25219,25224,NaN
2025-11-16T20:45:00-05:00,25223.25,25232.25,25197.75,25198,NaN
2025-11-16T21:00:00-05:00,25199.75,25247.75,25199.75,25238.5,NaN
2025-11-16T21:15:00-05:00,25237.5,25246.5,25204.5,25206.75,NaN
2025-11-16T21:30:00-05:00,25206.25,25229,25205.5,25222.5,NaN
2025-11-16T21:45:00-05:00,25222.75,25259.25,25222,25252.75,NaN
2025-11-16T22:00:00-05:00,25251,25269.75,25247.5,25260.5,NaN
2025-11-16T22:15:00-05:00,25261,25266,25243.25,25244.25,NaN
2025-11-16T22:30:00-05:00,25244.25,25252.25,25236.5,25246.75,NaN
2025-11-16T22:45:00-05:00,25247.5,25267.75,25241.75,25265.5,NaN
2025-11-16T23:00:00-05:00,25265.5,25274,25257,25270.25,NaN
2025-11-16T23:15:00-05:00,25271.5,25284.75,25264.25,25282.5,NaN
2025-11-16T23:30:00-05:00,25282.5,25284,25267,25276.75,NaN
2025-11-16T23:45:00-05:00,25277.25,25283,25272.5,25275.25,NaN
2025-11-17T00:00:00-05:00,25275.25,25286.25,25266.25,25275,NaN
2025-11-17T00:15:00-05:00,25275.75,25284.25,25260.25,25271.5,NaN
2025-11-17T00:30:00-05:00,25271.5,25277.75,25253.5,25261.75,NaN
2025-11-17T00:45:00-05:00,25261,25268,25240.75,25246.25,NaN
2025-11-17T01:00:00-05:00,25246.75,25262.25,25238.75,25251.25,NaN
2025-11-17T01:15:00-05:00,25250.75,25271.25,25245.5,25261,NaN
2025-11-17T01:30:00-05:00,25262.75,25267.25,25232,25243,NaN
2025-11-17T01:45:00-05:00,25242,25248,25229,25238,NaN
2025-11-17T02:00:00-05:00,25236.25,25290,25231,25284.5,NaN
2025-11-17T02:15:00-05:00,25285,25326.75,25281,25320.25,NaN
2025-11-17T02:30:00-05:00,25320.75,25327.75,25308.75,25318.5,NaN
2025-11-17T02:45:00-05:00,25319.25,25324.75,25312,25312.25,NaN
2025-11-17T03:00:00-05:00,25314.5,25341.25,25302.25,25339.25,NaN
2025-11-17T03:15:00-05:00,25339.25,25352.25,25325,25331.75,NaN
2025-11-17T03:30:00-05:00,25331.75,25360,25327.5,25349,NaN
2025-11-17T03:45:00-05:00,25348.75,25361.25,25337.5,25355.25,NaN
2025-11-17T04:00:00-05:00,25355.25,25360.5,25300.25,25315,NaN
2025-11-17T04:15:00-05:00,25317.5,25323.75,25303,25310.75,NaN
2025-11-17T04:30:00-05:00,25310.5,25320,25264.5,25287.25,NaN
2025-11-17T04:45:00-05:00,25288.5,25295.25,25272.5,25284.25,NaN
2025-11-17T05:00:00-05:00,25284,25290.75,25265.25,25281,NaN
2025-11-17T05:15:00-05:00,25279,25279.5,25219,25225.75,NaN
2025-11-17T05:30:00-05:00,25226.5,25246.5,25204.25,25207.5,NaN
2025-11-17T05:45:00-05:00,25207.25,25229,25168.75,25199,NaN
2025-11-17T06:00:00-05:00,25199.25,25214.25,25170.5,25210.75,NaN
2025-11-17T06:15:00-05:00,25213,25226.5,25202,25208.25,NaN
2025-11-17T06:30:00-05:00,25209,25244.5,25201,25204.75,NaN
2025-11-17T06:45:00-05:00,25206.25,25227.75,25191.5,25202.75,NaN
2025-11-17T07:00:00-05:00,25203.25,25203.5,25140,25153.25,NaN
2025-11-17T07:15:00-05:00,25153.5,25175.25,25148.5,25149.25,NaN
2025-11-17T07:30:00-05:00,25150,25162.25,25126.25,25143.5,NaN
2025-11-17T07:45:00-05:00,25145.5,25147,25112,25131,NaN
2025-11-17T08:00:00-05:00,25131,25139.5,25056,25073.25,NaN
2025-11-17T08:15:00-05:00,25072.25,25112.75,25068.75,25098.25,NaN
2025-11-17T08:30:00-05:00,25098.25,25098.25,25027,25027.75,NaN
2025-11-17T08:45:00-05:00,25029,25079.75,25010,25078.25,NaN
2025-11-17T09:00:00-05:00,25078.5,25079,25015.25,25026.5,NaN
2025-11-17T09:15:00-05:00,25026.75,25052,24988.75,24997.75,NaN
2025-11-17T09:30:00-05:00,24997.75,25199.75,24955,25159.5,NaN
2025-11-17T09:45:00-05:00,25159,25254,25151.5,25198.5,NaN
2025-11-17T10:00:00-05:00,25199.25,25216,25060.75,25126.75,NaN
2025-11-17T10:15:00-05:00,25126.5,25158,25053.75,25137.25,NaN
2025-11-17T10:30:00-05:00,25137,25156.5,25058.25,25135.5,NaN
2025-11-17T10:45:00-05:00,25135.5,25150.5,25059.5,25080.5,NaN
2025-11-17T11:00:00-05:00,25080.5,25097.25,24977.75,24988.5,NaN
2025-11-17T11:15:00-05:00,24988.75,25071.75,24945,25070,NaN
2025-11-17T11:30:00-05:00,25070,25156,25064.75,25140.25,NaN
2025-11-17T11:45:00-05:00,25140.25,25201,25131,25196.75,NaN
2025-11-17T12:00:00-05:00,25196.25,25199.75,25148.25,25164,NaN
2025-11-17T12:15:00-05:00,25163.75,25166.25,25123.25,25149.5,NaN
2025-11-17T12:30:00-05:00,25149.75,25164.75,25073.5,25076,NaN
2025-11-17T12:45:00-05:00,25076.5,25078.5,24997,25001,NaN
2025-11-17T13:00:00-05:00,25001,25012,24954,24987.25,NaN
2025-11-17T13:15:00-05:00,24987,25015.5,24966,24982.25,NaN
2025-11-17T13:30:00-05:00,24982,25003.25,24958,24998.75,NaN
2025-11-17T13:45:00-05:00,24998,25050.75,24886.75,24895.25,NaN
2025-11-17T14:00:00-05:00,24895.5,24911.5,24851,24880.75,NaN
2025-11-17T14:15:00-05:00,24880.75,24884.25,24825,24867.5,NaN
2025-11-17T14:30:00-05:00,24867.25,24885.5,24778.25,24819,NaN
2025-11-17T14:45:00-05:00,24818,24823.25,24754.25,24756.25,NaN
2025-11-17T15:00:00-05:00,24756.25,24797.5,24731.75,24753.5,NaN
2025-11-17T15:15:00-05:00,24753.5,24812.5,24744.5,24788.25,NaN
2025-11-17T15:30:00-05:00,24788.25,24814.25,24760.75,24796.25,NaN
2025-11-17T15:45:00-05:00,24796.5,24890.75,24794,24888.25,NaN
2025-11-17T16:00:00-05:00,24888,24926.25,24885.5,24920.75,NaN
2025-11-17T16:15:00-05:00,24921,24924,24888,24898.5,NaN
2025-11-17T16:30:00-05:00,24898.75,24901.75,24877.25,24889.75,NaN
2025-11-17T16:45:00-05:00,24888.5,24909.25,24887.25,24905.5,NaN
2025-11-17T18:00:00-05:00,24905.5,24954.5,24895,24903.75,NaN
2025-11-17T18:15:00-05:00,24903.25,24925,24882,24923,NaN
2025-11-17T18:30:00-05:00,24923.75,24942.25,24910.25,24918.75,NaN
2025-11-17T18:45:00-05:00,24917.75,24923.75,24907.5,24920.5,NaN
2025-11-17T19:00:00-05:00,24920.75,24938,24913.5,24925.5,NaN
2025-11-17T19:15:00-05:00,24927.25,24928,24862.25,24864.75,NaN
2025-11-17T19:30:00-05:00,24866,24876,24830.25,24834.75,NaN
2025-11-17T19:45:00-05:00,24834.25,24891.5,24834.25,24851.5,NaN
2025-11-17T20:00:00-05:00,24852.5,24914.5,24852.5,24902,NaN
2025-11-17T20:15:00-05:00,24903,24957,24903,24916,NaN
2025-11-17T20:30:00-05:00,24916.5,24953.5,24908,24950.25,NaN
2025-11-17T20:45:00-05:00,24950.75,24959.5,24933,24934.75,NaN
2025-11-17T21:00:00-05:00,24934.5,24953.75,24922.25,24925.5,NaN
2025-11-17T21:15:00-05:00,24926.75,24941.25,24909.25,24926.25,NaN
2025-11-17T21:30:00-05:00,24926,24934.5,24872.5,24875.5,NaN
2025-11-17T21:45:00-05:00,24875,24887,24838,24840.25,NaN
2025-11-17T22:00:00-05:00,24839.75,24840.5,24800.5,24818,NaN
2025-11-17T22:15:00-05:00,24818.25,24841,24801,24803.25,NaN
2025-11-17T22:30:00-05:00,24803,24821.5,24785,24801.25,NaN
2025-11-17T22:45:00-05:00,24799,24807,24762,24785.5,NaN
2025-11-17T23:00:00-05:00,24784.75,24784.75,24716.5,24716.75,NaN
2025-11-17T23:15:00-05:00,24716.75,24724.75,24607,24650.5,NaN
2025-11-17T23:30:00-05:00,24652.5,24699,24652.5,24691.5,NaN
2025-11-17T23:45:00-05:00,24690,24741,24679.75,24730.25,NaN
2025-11-18T00:00:00-05:00,24731.75,24763.5,24690.25,24754,NaN
2025-11-18T00:15:00-05:00,24754.5,24767.5,24723.25,24727,NaN
2025-11-18T00:30:00-05:00,24729,24746,24724,24740.75,NaN
2025-11-18T00:45:00-05:00,24742,24755,24707.25,24709.5,NaN
2025-11-18T01:00:00-05:00,24710.25,24738.25,24696.75,24724.75,NaN
2025-11-18T01:15:00-05:00,24727.5,24747.5,24702.5,24720.75,NaN
2025-11-18T01:30:00-05:00,24720.25,24720.25,24640.25,24653.25,NaN
2025-11-18T01:45:00-05:00,24652,24686.5,24645,24660.25,NaN
2025-11-18T02:00:00-05:00,24659,24661.75,24603.75,24636,NaN
2025-11-18T02:15:00-05:00,24637,24699.5,24614.25,24679.75,NaN
2025-11-18T02:30:00-05:00,24678.25,24741.75,24674.5,24720.5,NaN
2025-11-18T02:45:00-05:00,24720.25,24729.75,24680,24699.75,NaN
2025-11-18T03:00:00-05:00,24699.5,24778.75,24697,24748.75,NaN
2025-11-18T03:15:00-05:00,24747.25,24770,24729,24769.5,NaN
2025-11-18T03:30:00-05:00,24769.5,24857,24762.75,24819,NaN
2025-11-18T03:45:00-05:00,24818.5,24821.25,24779.25,24802.25,NaN
2025-11-18T04:00:00-05:00,24803.25,24829.75,24779.5,24824.5,NaN
2025-11-18T04:15:00-05:00,24823.75,24859.5,24791,24802.5,NaN
2025-11-18T04:30:00-05:00,24800,24824,24767,24799.75,NaN
2025-11-18T04:45:00-05:00,24798.75,24849,24788.75,24837.25,NaN
2025-11-18T05:00:00-05:00,24836.75,24847,24794,24798,NaN
2025-11-18T05:15:00-05:00,24797.5,24822.75,24790.5,24798.75,NaN
2025-11-18T05:30:00-05:00,24800.25,24829.75,24788.25,24805.25,NaN
2025-11-18T05:45:00-05:00,24804.5,24835.75,24795.5,24827.5,NaN
2025-11-18T06:00:00-05:00,24825.25,24836.75,24782.75,24792.75,NaN
2025-11-18T06:15:00-05:00,24793,24815.75,24780.75,24796.75,NaN
2025-11-18T06:30:00-05:00,24796.75,24804.5,24760.5,24774.25,NaN
2025-11-18T06:45:00-05:00,24772.75,24803,24762.5,24800.75,NaN
2025-11-18T07:00:00-05:00,24800.75,24802,24704,24709,NaN
2025-11-18T07:15:00-05:00,24708.25,24765,24705.5,24725,NaN
2025-11-18T07:30:00-05:00,24725,24760.75,24718.75,24728.25,NaN
2025-11-18T07:45:00-05:00,24723.25,24733.25,24659.5,24692.5,NaN
2025-11-18T08:00:00-05:00,24694.5,24758.75,24694.5,24747.75,NaN
2025-11-18T08:15:00-05:00,24746.75,24771,24706.25,24713.25,NaN
2025-11-18T08:30:00-05:00,24714.5,24766.75,24708.75,24721.25,NaN
2025-11-18T08:45:00-05:00,24721,24766.25,24714,24731.75,NaN
2025-11-18T09:00:00-05:00,24731.75,24758.75,24716,24734.5,NaN
2025-11-18T09:15:00-05:00,24735.25,24745.75,24694.5,24717,NaN
2025-11-18T09:30:00-05:00,24718.25,24832,24645.5,24655.75,NaN
2025-11-18T09:45:00-05:00,24654.25,24738.25,24522,24522.5,NaN
2025-11-18T10:00:00-05:00,24521.75,24571.5,24430,24529.25,NaN
2025-11-18T10:15:00-05:00,24528.5,24613.5,24436.5,24545.75,NaN
2025-11-18T10:30:00-05:00,24546,24592.5,24451,24497,NaN
2025-11-18T10:45:00-05:00,24496.25,24529.75,24438.25,24458.5,NaN
2025-11-18T11:00:00-05:00,24458.75,24569.5,24376.25,24531,NaN
2025-11-18T11:15:00-05:00,24530.25,24666.5,24488.25,24647.25,NaN
2025-11-18T11:30:00-05:00,24647.25,24695,24628.75,24676.5,NaN
2025-11-18T11:45:00-05:00,24676.25,24697,24617.75,24653.25,NaN
2025-11-18T12:00:00-05:00,24653,24692.75,24590.5,24592.75,NaN
2025-11-18T12:15:00-05:00,24593,24638,24529,24535.25,NaN
2025-11-18T12:30:00-05:00,24536,24734.75,24493.5,24720.75,NaN
2025-11-18T12:45:00-05:00,24721,24783.25,24662.25,24752.75,NaN
2025-11-18T13:00:00-05:00,24753.5,24792.25,24736,24759,NaN
2025-11-18T13:15:00-05:00,24758.25,24779,24722,24728.25,NaN
2025-11-18T13:30:00-05:00,24728.75,24803.5,24713.75,24749.5,NaN
2025-11-18T13:45:00-05:00,24749.75,24804.5,24692,24710.25,NaN
2025-11-18T14:00:00-05:00,24712,24774.5,24702.25,24758.5,NaN
2025-11-18T14:15:00-05:00,24759.25,24770.25,24693.25,24711.5,NaN
2025-11-18T14:30:00-05:00,24711.75,24810.25,24686,24738,NaN
2025-11-18T14:45:00-05:00,24738.25,24803,24707,24775.5,NaN
2025-11-18T15:00:00-05:00,24775.25,24795.75,24700,24718.25,NaN
2025-11-18T15:15:00-05:00,24717,24746.75,24645.75,24694.75,NaN
2025-11-18T15:30:00-05:00,24693.75,24710.25,24651.75,24657.5,NaN
2025-11-18T15:45:00-05:00,24657.25,24690.25,24578,24585,NaN
2025-11-18T16:00:00-05:00,24584.75,24593.25,24524.25,24561.75,NaN
2025-11-18T16:15:00-05:00,24563.5,24564.25,24530.75,24546.75,NaN
2025-11-18T16:30:00-05:00,24546.75,24561,24531.75,24538.5,NaN
2025-11-18T16:45:00-05:00,24539,24552.25,24524.75,24531.25,NaN
2025-11-18T18:00:00-05:00,24551,24609.75,24540.75,24587.25,NaN
2025-11-18T18:15:00-05:00,24587.75,24635.25,24587.5,24620.25,NaN
2025-11-18T18:30:00-05:00,24620.75,24629,24583.75,24608.75,NaN
2025-11-18T18:45:00-05:00,24609.75,24610,24585.5,24590.5,NaN
2025-11-18T19:00:00-05:00,24588.5,24601.5,24532.25,24541,NaN
2025-11-18T19:15:00-05:00,24541.25,24548.75,24497.5,24517.25,NaN
2025-11-18T19:30:00-05:00,24517.75,24583.75,24509,24567.25,NaN
2025-11-18T19:45:00-05:00,24566,24579.25,24533,24557,NaN
2025-11-18T20:00:00-05:00,24557.25,24564,24510.25,24532.25,NaN
2025-11-18T20:15:00-05:00,24532.5,24628,24532,24596.75,NaN
2025-11-18T20:30:00-05:00,24596.25,24609.25,24556,24573,NaN
2025-11-18T20:45:00-05:00,24570.25,24597.25,24524,24551,NaN
2025-11-18T21:00:00-05:00,24552.5,24628,24552.25,24611.5,NaN
2025-11-18T21:15:00-05:00,24612.25,24633.5,24591.25,24625,NaN
2025-11-18T21:30:00-05:00,24626,24648.5,24623.5,24637.25,NaN
2025-11-18T21:45:00-05:00,24637.5,24648.25,24624,24646.5,NaN
2025-11-18T22:00:00-05:00,24647,24655.5,24616.5,24618,NaN
2025-11-18T22:15:00-05:00,24618.25,24620,24569.5,24594.25,NaN
2025-11-18T22:30:00-05:00,24593.25,24594.25,24561.25,24569.25,NaN
2025-11-18T22:45:00-05:00,24569.5,24574.75,24534.75,24542.75,NaN
2025-11-18T23:00:00-05:00,24542.75,24550.25,24492.25,24514.5,NaN
2025-11-18T23:15:00-05:00,24514.5,24556.5,24513.75,24544,NaN
2025-11-18T23:30:00-05:00,24545.75,24548,24499.25,24534.75,NaN
2025-11-18T23:45:00-05:00,24534,24562.75,24519.5,24522,NaN
2025-11-19T00:00:00-05:00,24523.25,24552.75,24517.25,24521.5,NaN
2025-11-19T00:15:00-05:00,24520.5,24557.5,24512.5,24516.5,NaN
2025-11-19T00:30:00-05:00,24514.25,24524.25,24456,24462.75,NaN
2025-11-19T00:45:00-05:00,24464.5,24558.75,24445,24534.75,NaN
2025-11-19T01:00:00-05:00,24534.75,24551,24521,24533.5,NaN
2025-11-19T01:15:00-05:00,24534.75,24572.75,24533,24548.5,NaN
2025-11-19T01:30:00-05:00,24546,24564.75,24535.75,24549.25,NaN
2025-11-19T01:45:00-05:00,24547.5,24558.5,24530.5,24553.25,NaN
2025-11-19T02:00:00-05:00,24551,24626.25,24531.75,24601.75,NaN
2025-11-19T02:15:00-05:00,24603,24617,24588,24596.75,NaN
2025-11-19T02:30:00-05:00,24598.5,24616,24573.75,24603.75,NaN
2025-11-19T02:45:00-05:00,24600.75,24618,24594,24607.75,NaN
2025-11-19T03:00:00-05:00,24607.25,24621,24574.75,24581.25,NaN
2025-11-19T03:15:00-05:00,24579.5,24639.75,24571,24637,NaN
2025-11-19T03:30:00-05:00,24637.5,24652,24590.75,24614.5,NaN
2025-11-19T03:45:00-05:00,24612.5,24618.5,24588,24590.75,NaN
2025-11-19T04:00:00-05:00,24590.25,24635.75,24570,24633.75,NaN
2025-11-19T04:15:00-05:00,24633,24636.75,24619,24631,NaN
2025-11-19T04:30:00-05:00,24630,24647.25,24616.5,24644,NaN
2025-11-19T04:45:00-05:00,24643.75,24682.5,24640.75,24676.5,NaN
2025-11-19T05:00:00-05:00,24676.5,24684,24663,24676.5,NaN
2025-11-19T05:15:00-05:00,24676.75,24707.25,24673.75,24698.25,NaN
2025-11-19T05:30:00-05:00,24697,24700.25,24677.75,24693,NaN
2025-11-19T05:45:00-05:00,24691.25,24710.25,24675.25,24700.25,NaN
2025-11-19T06:00:00-05:00,24699.5,24733.25,24695.25,24715.75,NaN
2025-11-19T06:15:00-05:00,24717,24723.5,24703.5,24706.75,NaN
2025-11-19T06:30:00-05:00,24706.25,24720.5,24689,24710,NaN
2025-11-19T06:45:00-05:00,24710.75,24729.25,24688,24693,NaN
2025-11-19T07:00:00-05:00,24691.75,24703.5,24673,24700.5,NaN
2025-11-19T07:15:00-05:00,24701,24710.5,24683,24699.75,NaN
2025-11-19T07:30:00-05:00,24699.25,24722.25,24699,24711.75,NaN
2025-11-19T07:45:00-05:00,24711,24720.5,24695.25,24695.25,NaN
2025-11-19T08:00:00-05:00,24695.5,24709,24640.75,24652,NaN
2025-11-19T08:15:00-05:00,24651.5,24687.5,24647.75,24686.75,NaN
2025-11-19T08:30:00-05:00,24685,24707,24658.75,24670,NaN
2025-11-19T08:45:00-05:00,24670.5,24689.25,24656.25,24664.75,NaN
2025-11-19T09:00:00-05:00,24664.75,24677.75,24624.5,24626.25,NaN
2025-11-19T09:15:00-05:00,24627.5,24648,24606.75,24610.75,NaN
2025-11-19T09:30:00-05:00,24611.5,24758.75,24572.5,24743.5,NaN
2025-11-19T09:45:00-05:00,24743.25,24903.75,24723.5,24893.75,NaN
2025-11-19T10:00:00-05:00,24894,24951.75,24881,24942.25,NaN
2025-11-19T10:15:00-05:00,24942,24988,24930.75,24954.75,NaN
2025-11-19T10:30:00-05:00,24954.5,24969.75,24889.5,24913.5,NaN
2025-11-19T10:45:00-05:00,24913.75,24914.5,24748,24769.5,NaN
2025-11-19T11:00:00-05:00,24768.75,24786.5,24692.75,24715,NaN
2025-11-19T11:15:00-05:00,24714.75,24756.75,24658.75,24706.25,NaN
2025-11-19T11:30:00-05:00,24707.5,24724.75,24650.25,24682,NaN
2025-11-19T11:45:00-05:00,24682,24720,24648.75,24714.5,NaN
2025-11-19T12:00:00-05:00,24714.5,24721.25,24600.25,24611.75,NaN
2025-11-19T12:15:00-05:00,24612.75,24649.25,24581,24631.75,NaN
2025-11-19T12:30:00-05:00,24632.25,24643,24507,24614.75,NaN
2025-11-19T12:45:00-05:00,24615,24660,24565.75,24635.25,NaN
2025-11-19T13:00:00-05:00,24633.5,24687.5,24608.5,24665.25,NaN
2025-11-19T13:15:00-05:00,24666.25,24676.25,24593.5,24599.25,NaN
2025-11-19T13:30:00-05:00,24598,24713.25,24587.25,24634.75,NaN
2025-11-19T13:45:00-05:00,24634.75,24706.5,24601,24686.75,NaN
2025-11-19T14:00:00-05:00,24688.25,24701.25,24631.5,24669.75,NaN
2025-11-19T14:15:00-05:00,24669.25,24680,24576.75,24593.75,NaN
2025-11-19T14:30:00-05:00,24593,24617.75,24571,24594.75,NaN
2025-11-19T14:45:00-05:00,24595,24700,24579.5,24658.5,NaN
2025-11-19T15:00:00-05:00,24656.75,24709,24644.5,24705.5,NaN
2025-11-19T15:15:00-05:00,24706.25,24806.25,24706.25,24771.75,NaN
2025-11-19T15:30:00-05:00,24772,24830.25,24746.5,24769,NaN
2025-11-19T15:45:00-05:00,24768.75,24771.25,24678.5,24725,NaN
2025-11-19T16:00:00-05:00,24724.75,24749,24675.75,24723.75,NaN
2025-11-19T16:15:00-05:00,24723.5,24910,24703.5,24851.5,NaN
2025-11-19T16:30:00-05:00,24850.5,24971,24849.5,24969,NaN
2025-11-19T16:45:00-05:00,24968.75,24976.25,24946.25,24958.75,NaN
2025-11-19T18:00:00-05:00,24966.75,25084.5,24955.25,25081.75,NaN
2025-11-19T18:15:00-05:00,25082,25095,25033,25046,NaN
2025-11-19T18:30:00-05:00,25045.5,25093,25036.25,25082.5,NaN
2025-11-19T18:45:00-05:00,25082.75,25110.75,25080.5,25108.75,NaN
2025-11-19T19:00:00-05:00,25107.75,25118,25087.25,25101,NaN
2025-11-19T19:15:00-05:00,25102,25147.25,25100.75,25144,NaN
2025-11-19T19:30:00-05:00,25144.25,25160.25,25133.75,25159.5,NaN
2025-11-19T19:45:00-05:00,25159.5,25162,25118.5,25128.5,NaN
2025-11-19T20:00:00-05:00,25126.5,25138.25,25102.75,25113,NaN
2025-11-19T20:15:00-05:00,25115.5,25152.75,25113.25,25150,NaN
2025-11-19T20:30:00-05:00,25151.75,25156,25130.25,25137.75,NaN
2025-11-19T20:45:00-05:00,25136.75,25166.75,25133.25,25156,NaN
2025-11-19T21:00:00-05:00,25156.5,25170.75,25139.5,25143.5,NaN
2025-11-19T21:15:00-05:00,25143.25,25150,25129,25133.25,NaN
2025-11-19T21:30:00-05:00,25134.25,25161.25,25130.5,25149.5,NaN
2025-11-19T21:45:00-05:00,25149.25,25170.5,25147.75,25168,NaN
2025-11-19T22:00:00-05:00,25167.75,25194.25,25163.5,25180.5,NaN
2025-11-19T22:15:00-05:00,25180.75,25196,25172.75,25187.5,NaN
2025-11-19T22:30:00-05:00,25186.75,25189.5,25165.75,25170.5,NaN
2025-11-19T22:45:00-05:00,25172.25,25187.25,25139,25168.5,NaN
2025-11-19T23:00:00-05:00,25168.5,25182.75,25160.5,25164.25,NaN
2025-11-19T23:15:00-05:00,25163.75,25179,25151.25,25165,NaN
2025-11-19T23:30:00-05:00,25164.25,25188.25,25161.25,25183.75,NaN
2025-11-19T23:45:00-05:00,25183,25188.25,25177.75,25187,NaN
2025-11-20T00:00:00-05:00,25186,25209,25178.25,25189,NaN
2025-11-20T00:15:00-05:00,25189,25196.25,25181.25,25184,NaN
2025-11-20T00:30:00-05:00,25183.25,25185.25,25169,25179.75,NaN
2025-11-20T00:45:00-05:00,25178,25183.75,25157.75,25167.75,NaN
2025-11-20T01:00:00-05:00,25169,25185,25160,25173.5,NaN
2025-11-20T01:15:00-05:00,25171.25,25171.25,25133,25144,NaN
2025-11-20T01:30:00-05:00,25143.75,25179.75,25142.5,25168.75,NaN
2025-11-20T01:45:00-05:00,25168.5,25178.25,25152,25175,NaN
2025-11-20T02:00:00-05:00,25176,25184,25160.25,25176.75,NaN
2025-11-20T02:15:00-05:00,25177.5,25203.5,25168,25190,NaN
2025-11-20T02:30:00-05:00,25190,25207,25152.25,25159.75,NaN
2025-11-20T02:45:00-05:00,25159.25,25159.25,25137.5,25150.5,NaN
2025-11-20T03:00:00-05:00,25150.25,25168.75,25120.75,25153.5,NaN
2025-11-20T03:15:00-05:00,25154,25164.5,25136.75,25157,NaN
2025-11-20T03:30:00-05:00,25155.5,25170.75,25133.75,25169.75,NaN
2025-11-20T03:45:00-05:00,25170.25,25185,25132.25,25133.5,NaN
2025-11-20T04:00:00-05:00,25133.5,25144.5,25107,25129.5,NaN
2025-11-20T04:15:00-05:00,25127.5,25135,25074.75,25074.75,NaN
2025-11-20T04:30:00-05:00,25073.75,25094.75,25065,25074.75,NaN
2025-11-20T04:45:00-05:00,25074.25,25076,25045.75,25058.5,NaN
2025-11-20T05:00:00-05:00,25061.5,25063.75,25022.25,25032.75,NaN
2025-11-20T05:15:00-05:00,25036.75,25088.25,25036.5,25073.75,NaN
2025-11-20T05:30:00-05:00,25072.25,25100.75,25072,25100.75,NaN
2025-11-20T05:45:00-05:00,25100.25,25126.25,25092.5,25113.5,NaN
2025-11-20T06:00:00-05:00,25113.5,25116.25,25060.75,25086.25,NaN
2025-11-20T06:15:00-05:00,25086.25,25091.25,25047.25,25066.25,NaN
2025-11-20T06:30:00-05:00,25067.25,25132,25063.75,25124,NaN
2025-11-20T06:45:00-05:00,25122.25,25125.5,25066,25087.25,NaN
2025-11-20T07:00:00-05:00,25089.5,25100,25060.75,25077.75,NaN
2025-11-20T07:15:00-05:00,25077.75,25115.75,25069,25092.25,NaN
2025-11-20T07:30:00-05:00,25092.75,25131.25,25091,25116.5,NaN
2025-11-20T07:45:00-05:00,25116.25,25158.25,25114.5,25156.25,NaN
2025-11-20T08:00:00-05:00,25156,25181,25150.75,25171,NaN
2025-11-20T08:15:00-05:00,25171,25178.25,25120.75,25142.25,NaN
2025-11-20T08:30:00-05:00,25130.75,25244,25130,25197.25,NaN
2025-11-20T08:45:00-05:00,25199.5,25264.75,25185,25229.5,NaN
2025-11-20T09:00:00-05:00,25230,25249,25199.5,25208.25,NaN
2025-11-20T09:15:00-05:00,25207.75,25239.25,25200,25210.75,NaN
2025-11-20T09:30:00-05:00,25211.5,25249,25146,25211.5,NaN
2025-11-20T09:45:00-05:00,25212.25,25291.5,25169.75,25274.25,NaN
2025-11-20T10:00:00-05:00,25275,25299.75,25159.75,25184.75,NaN
2025-11-20T10:15:00-05:00,25184,25268.25,25156.75,25258.25,NaN
2025-11-20T10:30:00-05:00,25258.5,25310,25239,25297.25,NaN
2025-11-20T10:45:00-05:00,25296.75,25300.5,25157.5,25162.75,NaN
2025-11-20T11:00:00-05:00,25162.75,25164.75,25005.25,25010.75,NaN
2025-11-20T11:15:00-05:00,25011,25012,24886.25,24905,NaN
2025-11-20T11:30:00-05:00,24906.25,24928,24728.5,24742,NaN
2025-11-20T11:45:00-05:00,24741.5,24803,24512,24554.75,NaN
2025-11-20T12:00:00-05:00,24554,24641.5,24428.5,24487.5,NaN
2025-11-20T12:15:00-05:00,24487.75,24492,24353.75,24449.5,NaN
2025-11-20T12:30:00-05:00,24448.75,24500.25,24308.5,24355,NaN
2025-11-20T12:45:00-05:00,24355.5,24428,24308.5,24395,NaN
2025-11-20T13:00:00-05:00,24395.25,24592.75,24364,24591.5,NaN
2025-11-20T13:15:00-05:00,24591.75,24598.75,24464.25,24501,NaN
2025-11-20T13:30:00-05:00,24498.25,24522,24335.25,24341,NaN
2025-11-20T13:45:00-05:00,24342.25,24348.75,24235.5,24278.75,NaN
2025-11-20T14:00:00-05:00,24279.25,24299.75,24205,24273.25,NaN
2025-11-20T14:15:00-05:00,24272,24372,24243.5,24347.5,NaN
2025-11-20T14:30:00-05:00,24345.5,24345.5,24260.25,24325.5,NaN
2025-11-20T14:45:00-05:00,24325.25,24402,24266.5,24396.5,NaN
2025-11-20T15:00:00-05:00,24396.25,24396.25,24265.75,24298,NaN
2025-11-20T15:15:00-05:00,24297,24348,24239.5,24293.25,NaN
2025-11-20T15:30:00-05:00,24293.5,24311.5,24144.25,24161,NaN
2025-11-20T15:45:00-05:00,24161.25,24188.5,24098,24138.25,NaN
2025-11-20T16:00:00-05:00,24138.5,24142.75,24088.75,24114.25,NaN
2025-11-20T16:15:00-05:00,24113.75,24123,24080,24115.25,NaN
2025-11-20T16:30:00-05:00,24116,24121.5,24091,24099,NaN
2025-11-20T16:45:00-05:00,24099.75,24105.75,24073.25,24073.75,NaN
2025-11-20T18:00:00-05:00,24110,24131.75,24018,24073.5,NaN
2025-11-20T18:15:00-05:00,24072.5,24131.5,24072.25,24126.75,NaN
2025-11-20T18:30:00-05:00,24126,24147.5,24098.75,24134.25,NaN
2025-11-20T18:45:00-05:00,24134.25,24166.25,24128.5,24136.75,NaN
2025-11-20T19:00:00-05:00,24133.75,24178.25,24111.25,24169.25,NaN
2025-11-20T19:15:00-05:00,24171,24194.25,24157.75,24182.75,NaN
2025-11-20T19:30:00-05:00,24183.25,24203.75,24176.5,24185,NaN
2025-11-20T19:45:00-05:00,24185.5,24206,24164.5,24182.5,NaN
2025-11-20T20:00:00-05:00,24183.5,24207.75,24165.25,24184.5,NaN
2025-11-20T20:15:00-05:00,24183,24234,24181.25,24226.75,NaN
2025-11-20T20:30:00-05:00,24229.25,24231.75,24177,24214.75,NaN
2025-11-20T20:45:00-05:00,24216.25,24235.25,24205.25,24206.25,NaN
2025-11-20T21:00:00-05:00,24206,24216.5,24155.75,24166.75,NaN
2025-11-20T21:15:00-05:00,24167.25,24198.5,24164.25,24182.75,NaN
2025-11-20T21:30:00-05:00,24182.5,24219.5,24175,24201.75,NaN
2025-11-20T21:45:00-05:00,24203.25,24212.25,24170.25,24172.75,NaN
2025-11-20T22:00:00-05:00,24172.25,24192.75,24159.5,24182.75,NaN
2025-11-20T22:15:00-05:00,24183,24191,24163,24186.5,NaN
2025-11-20T22:30:00-05:00,24189.75,24238.5,24181,24219.75,NaN
2025-11-20T22:45:00-05:00,24222.25,24230.25,24190.5,24192.25,NaN
2025-11-20T23:00:00-05:00,24192.75,24202.75,24168.25,24181.5,NaN
2025-11-20T23:15:00-05:00,24180.75,24180.75,24118.5,24151.5,NaN
2025-11-20T23:30:00-05:00,24152.25,24156,24095,24125.5,NaN
2025-11-20T23:45:00-05:00,24125.5,24173.75,24106,24171.75,NaN
2025-11-21T00:00:00-05:00,24170.25,24210,24150.25,24193.25,NaN
2025-11-21T00:15:00-05:00,24191,24206.5,24164.25,24169,NaN
2025-11-21T00:30:00-05:00,24170.5,24180.75,24131,24148.75,NaN
2025-11-21T00:45:00-05:00,24149.25,24154,24127.5,24141,NaN
2025-11-21T01:00:00-05:00,24141.75,24175.5,24132.25,24162.75,NaN
2025-11-21T01:15:00-05:00,24164,24184.25,24134.25,24135.25,NaN
2025-11-21T01:30:00-05:00,24133.5,24176,24129,24170,NaN
2025-11-21T01:45:00-05:00,24169.25,24201.75,24163,24174.25,NaN
2025-11-21T02:00:00-05:00,24174.25,24186.75,24154,24164.5,NaN
2025-11-21T02:15:00-05:00,24164.75,24197,24158,24193.75,NaN
2025-11-21T02:30:00-05:00,24193.5,24199,24129,24152.5,NaN
2025-11-21T02:45:00-05:00,24153.5,24153.75,24060.25,24079.75,NaN
2025-11-21T03:00:00-05:00,24079,24179,24078.5,24164.75,NaN
2025-11-21T03:15:00-05:00,24166,24175,24105.75,24150.25,NaN
2025-11-21T03:30:00-05:00,24149.5,24163.5,24109.25,24159,NaN
2025-11-21T03:45:00-05:00,24158,24215,24152.5,24207,NaN
2025-11-21T04:00:00-05:00,24207.75,24217,24180,24188,NaN
2025-11-21T04:15:00-05:00,24188.75,24189.25,24108,24134.25,NaN
2025-11-21T04:30:00-05:00,24133,24146.25,24062,24063,NaN
2025-11-21T04:45:00-05:00,24062.25,24090.25,24030,24035.25,NaN
2025-11-21T05:00:00-05:00,24034.5,24039.5,23930,23967,NaN
2025-11-21T05:15:00-05:00,23968,23971,23904.5,23910.75,NaN
2025-11-21T05:30:00-05:00,23911.75,24072.5,23909.25,24030.5,NaN
2025-11-21T05:45:00-05:00,24031.75,24095.5,24030.75,24091.25,NaN
2025-11-21T06:00:00-05:00,24093.75,24147.75,24078.75,24145,NaN
2025-11-21T06:15:00-05:00,24146,24153.25,24082.75,24083,NaN
2025-11-21T06:30:00-05:00,24083.25,24106.5,24059.25,24088.5,NaN
2025-11-21T06:45:00-05:00,24085.75,24091.25,24010.25,24055.5,NaN
2025-11-21T07:00:00-05:00,24056.5,24077,23969.75,24017.25,NaN
2025-11-21T07:15:00-05:00,24018.5,24034,23952.5,23964.5,NaN
2025-11-21T07:30:00-05:00,23966.5,24192.75,23966.5,24176.5,NaN
2025-11-21T07:45:00-05:00,24175.75,24261.5,24174.25,24190.75,NaN
2025-11-21T08:00:00-05:00,24191.75,24225.75,24144.5,24220.25,NaN
2025-11-21T08:15:00-05:00,24220.75,24292,24190.75,24195,NaN
2025-11-21T08:30:00-05:00,24196,24277.75,24195.75,24257.25,NaN
2025-11-21T08:45:00-05:00,24258,24275.5,24224.25,24244.5,NaN
2025-11-21T09:00:00-05:00,24242,24267,24207.5,24244.5,NaN
2025-11-21T09:15:00-05:00,24243.25,24243.25,24180.5,24203,NaN
2025-11-21T09:30:00-05:00,24203.5,24279.25,24153,24181,NaN
2025-11-21T09:45:00-05:00,24190.5,24298,24101.5,24174,NaN
2025-11-21T10:00:00-05:00,24174,24228.5,24074.25,24103.25,NaN
2025-11-21T10:15:00-05:00,24104.25,24206.5,24027.25,24045.75,NaN
2025-11-21T10:30:00-05:00,24045.25,24086.25,23927.25,24029.25,NaN
2025-11-21T10:45:00-05:00,24029.5,24106,24000.75,24021.75,NaN
2025-11-21T11:00:00-05:00,24021,24088.75,23935,24060.25,NaN
2025-11-21T11:15:00-05:00,24061.5,24177.5,23990.75,24175.75,NaN
2025-11-21T11:30:00-05:00,24175,24237.25,24139.75,24221,NaN
2025-11-21T11:45:00-05:00,24221.5,24373.25,24185,24372.25,NaN
2025-11-21T12:00:00-05:00,24371.75,24392,24312.75,24357.5,NaN
2025-11-21T12:15:00-05:00,24359.25,24391.5,24305.5,24358.5,NaN
2025-11-21T12:30:00-05:00,24357.75,24415.5,24341,24391,NaN
2025-11-21T12:45:00-05:00,24390.5,24406.5,24332,24350.25,NaN
2025-11-21T13:00:00-05:00,24350.5,24361.25,24231,24234.75,NaN
2025-11-21T13:15:00-05:00,24234.5,24277,24203.5,24264.75,NaN
2025-11-21T13:30:00-05:00,24264.75,24390.5,24248.25,24385,NaN
2025-11-21T13:45:00-05:00,24385.25,24559.5,24366.25,24477.25,NaN
2025-11-21T14:00:00-05:00,24477.5,24566.25,24471.25,24532,NaN
2025-11-21T14:15:00-05:00,24531.5,24596.25,24516.25,24580.25,NaN
2025-11-21T14:30:00-05:00,24581.25,24594.75,24496,24508,NaN
2025-11-21T14:45:00-05:00,24510,24524.75,24427.5,24458.75,NaN
2025-11-21T15:00:00-05:00,24458.75,24496.25,24442,24477.75,NaN
2025-11-21T15:15:00-05:00,24476.25,24494.5,24388.5,24388.75,NaN
2025-11-21T15:30:00-05:00,24388.75,24454.5,24352.25,24388.5,NaN
2025-11-21T15:45:00-05:00,24388.5,24439.75,24285,24313.75,NaN
2025-11-21T16:00:00-05:00,24312.75,24357,24302.75,24324,NaN
2025-11-21T16:15:00-05:00,24324.5,24332.5,24310.25,24320.25,NaN
2025-11-21T16:30:00-05:00,24321.5,24356,24318,24354.5,NaN
2025-11-21T16:45:00-05:00,24354.25,24358.25,24322,24349,NaN
2025-11-23T18:00:00-05:00,24455.75,24555.25,24455.75,24487.25,NaN
2025-11-23T18:15:00-05:00,24488,24507,24466,24486.5,NaN
2025-11-23T18:30:00-05:00,24483.5,24487.75,24455.25,24478,NaN
2025-11-23T18:45:00-05:00,24476.5,24496,24462.5,24471.5,NaN
2025-11-23T19:00:00-05:00,24470.25,24470.25,24423,24438.75,NaN
2025-11-23T19:15:00-05:00,24439,24445.75,24404,24432,NaN
2025-11-23T19:30:00-05:00,24431.25,24475,24429.5,24458,NaN
2025-11-23T19:45:00-05:00,24458.25,24470,24444,24447.25,NaN
2025-11-23T20:00:00-05:00,24445.5,24467.75,24414.75,24460,NaN
2025-11-23T20:15:00-05:00,24459.5,24482.75,24444.25,24471,NaN
2025-11-23T20:30:00-05:00,24467.5,24479,24427,24435,NaN
2025-11-23T20:45:00-05:00,24433.75,24464,24429.75,24450.25,NaN
2025-11-23T21:00:00-05:00,24450.25,24468,24433.5,24437.25,NaN
2025-11-23T21:15:00-05:00,24437,24492,24436.5,24486.75,NaN
2025-11-23T21:30:00-05:00,24484.75,24501.5,24460,24500.75,NaN
2025-11-23T21:45:00-05:00,24500.5,24516.25,24494.5,24515.25,NaN
2025-11-23T22:00:00-05:00,24516.5,24522.25,24510.25,24518,NaN
2025-11-23T22:15:00-05:00,24517,24522.75,24500,24515.5,NaN
2025-11-23T22:30:00-05:00,24515,24515,24474.25,24495.25,NaN
2025-11-23T22:45:00-05:00,24495,24502.5,24476,24484.75,NaN
2025-11-23T23:00:00-05:00,24483,24491.5,24445.75,24453.25,NaN
2025-11-23T23:15:00-05:00,24453.25,24456.75,24431.75,24449.5,NaN
2025-11-23T23:30:00-05:00,24451.75,24472.75,24442.25,24462.75,NaN
2025-11-23T23:45:00-05:00,24464,24476,24444.75,24455,NaN
2025-11-24T00:00:00-05:00,24452,24505,24445,24500.25,NaN
2025-11-24T00:15:00-05:00,24501.25,24511,24495,24504.5,NaN
2025-11-24T00:30:00-05:00,24504,24505.75,24478.5,24494,NaN
2025-11-24T00:45:00-05:00,24494.5,24501,24486.25,24495.5,NaN
2025-11-24T01:00:00-05:00,24496.25,24501.5,24475.5,24477,NaN
2025-11-24T01:15:00-05:00,24478.25,24496,24475,24481.25,NaN
2025-11-24T01:30:00-05:00,24480.25,24490.25,24468,24471.25,NaN
2025-11-24T01:45:00-05:00,24470.5,24479.25,24462,24475.5,NaN
2025-11-24T02:00:00-05:00,24475,24491.75,24450.5,24474,NaN
2025-11-24T02:15:00-05:00,24473,24484.75,24467,24483.25,NaN
2025-11-24T02:30:00-05:00,24482,24514.75,24469.75,24509,NaN
2025-11-24T02:45:00-05:00,24509,24525,24504.5,24513.5,NaN
2025-11-24T03:00:00-05:00,24513,24514,24456.25,24503.5,NaN
2025-11-24T03:15:00-05:00,24505,24556.25,24504.25,24545.25,NaN
2025-11-24T03:30:00-05:00,24544,24556,24524,24541.75,NaN
2025-11-24T03:45:00-05:00,24542.5,24563.25,24538,24552.75,NaN
2025-11-24T04:00:00-05:00,24551.75,24562.25,24510.25,24516.25,NaN
2025-11-24T04:15:00-05:00,24518.25,24532.75,24367,24371.25,NaN
2025-11-24T04:30:00-05:00,24370.5,24447.5,24365,24412.75,NaN
2025-11-24T04:45:00-05:00,24414,24442.5,24409.75,24422.75,NaN
2025-11-24T05:00:00-05:00,24424,24438.75,24387.75,24403.25,NaN
2025-11-24T05:15:00-05:00,24402.5,24430.25,24383,24396,NaN
2025-11-24T05:30:00-05:00,24396.5,24421.5,24361.75,24416.75,NaN
2025-11-24T05:45:00-05:00,24412.5,24427.25,24394,24402.5,NaN
2025-11-24T06:00:00-05:00,24401.25,24412.25,24378,24391,NaN
2025-11-24T06:15:00-05:00,24391,24428,24385.25,24411.25,NaN
2025-11-24T06:30:00-05:00,24414,24433.25,24393.75,24426.75,NaN
2025-11-24T06:45:00-05:00,24427,24462.5,24416.5,24455.75,NaN
2025-11-24T07:00:00-05:00,24455,24460.5,24423.5,24431.75,NaN
2025-11-24T07:15:00-05:00,24431.75,24488,24423,24481.75,NaN
2025-11-24T07:30:00-05:00,24481,24498.75,24464,24472,NaN
2025-11-24T07:45:00-05:00,24472.25,24516.25,24469.75,24505.75,NaN
2025-11-24T08:00:00-05:00,24505.25,24550,24499,24546.5,NaN
2025-11-24T08:15:00-05:00,24546.75,24559,24526,24551.75,NaN
2025-11-24T08:30:00-05:00,24553.25,24564,24529,24537.25,NaN
2025-11-24T08:45:00-05:00,24536.75,24541,24491,24499.25,NaN
2025-11-24T09:00:00-05:00,24498,24574.5,24495.25,24570.5,NaN
2025-11-24T09:15:00-05:00,24570,24570,24517.5,24522.75,NaN
2025-11-24T09:30:00-05:00,24522.25,24722.75,24516.75,24623.5,NaN
2025-11-24T09:45:00-05:00,24623.75,24689.5,24579,24683.5,NaN
2025-11-24T10:00:00-05:00,24683,24769.75,24664,24734,NaN
2025-11-24T10:15:00-05:00,24734.25,24752,24681.25,24739.25,NaN
2025-11-24T10:30:00-05:00,24737.75,24806.75,24710.75,24797.75,NaN
2025-11-24T10:45:00-05:00,24797.5,24817.25,24762,24780.25,NaN
2025-11-24T11:00:00-05:00,24780,24871.75,24779.5,24865.5,NaN
2025-11-24T11:15:00-05:00,24866,24882,24847,24864,NaN
2025-11-24T11:30:00-05:00,24863.75,24880.25,24840,24872,NaN
2025-11-24T11:45:00-05:00,24871.5,24889.75,24834,24846.25,NaN
2025-11-24T12:00:00-05:00,24847,24866.75,24829,24841.5,NaN
2025-11-24T12:15:00-05:00,24840.75,24892.25,24835.75,24883.75,NaN
2025-11-24T12:30:00-05:00,24883.75,24935,24881.75,24919.75,NaN
2025-11-24T12:45:00-05:00,24920,24939.75,24912.25,24920.5,NaN
2025-11-24T13:00:00-05:00,24920.25,24953.75,24920.25,24945.75,NaN
2025-11-24T13:15:00-05:00,24945.5,24950.25,24925.5,24931,NaN
2025-11-24T13:30:00-05:00,24931,24939.75,24914,24930.5,NaN
2025-11-24T13:45:00-05:00,24930.5,24940.75,24920.25,24925.5,NaN
2025-11-24T14:00:00-05:00,24925.25,24961,24923.5,24950.75,NaN
2025-11-24T14:15:00-05:00,24950.75,24956.75,24928.5,24932.75,NaN
2025-11-24T14:30:00-05:00,24933,24938.5,24902,24916,NaN
2025-11-24T14:45:00-05:00,24915,24929.5,24893,24914,NaN
2025-11-24T15:00:00-05:00,24914.25,24952,24912.75,24939.75,NaN
2025-11-24T15:15:00-05:00,24939.5,24963,24925,24936.5,NaN
2025-11-24T15:30:00-05:00,24936.25,24961.25,24926.75,24958,NaN
2025-11-24T15:45:00-05:00,24957.5,24993.5,24925.75,24935.25,NaN
2025-11-24T16:00:00-05:00,24935.5,24971.75,24925.5,24960,NaN
2025-11-24T16:15:00-05:00,24959.75,24973,24948.25,24962.75,NaN
2025-11-24T16:30:00-05:00,24963,24975.5,24955,24964.75,NaN
2025-11-24T16:45:00-05:00,24964.25,24970,24960.5,24962.75,NaN
2025-11-24T18:00:00-05:00,24966.25,24982.75,24955.25,24965,NaN
2025-11-24T18:15:00-05:00,24964.75,24972.75,24950.75,24961.25,NaN
2025-11-24T18:30:00-05:00,24962.25,24978.75,24958.5,24974.5,NaN
2025-11-24T18:45:00-05:00,24973.75,24986.5,24959.75,24960,NaN
2025-11-24T19:00:00-05:00,24959.25,24960.75,24931.5,24936.5,NaN
2025-11-24T19:15:00-05:00,24937.25,24941.5,24918.75,24925.5,NaN
2025-11-24T19:30:00-05:00,24927.25,24951.5,24924.75,24931.25,NaN
2025-11-24T19:45:00-05:00,24931.25,24967.5,24931.25,24958.25,NaN
2025-11-24T20:00:00-05:00,24957.75,24962.5,24941.5,24942.5,NaN
2025-11-24T20:15:00-05:00,24942.75,24952.25,24930.5,24942,NaN
2025-11-24T20:30:00-05:00,24942.25,24946.25,24926.75,24930.25,NaN
2025-11-24T20:45:00-05:00,24930,24933.5,24919.25,24923.5,NaN
2025-11-24T21:00:00-05:00,24924.25,24943,24920.75,24935.75,NaN
2025-11-24T21:15:00-05:00,24936,24956,24928,24934.75,NaN
2025-11-24T21:30:00-05:00,24933,24952,24928.75,24947,NaN
2025-11-24T21:45:00-05:00,24947.75,24949.5,24933.25,24947,NaN
2025-11-24T22:00:00-05:00,24947.75,24956,24940.75,24951.5,NaN
2025-11-24T22:15:00-05:00,24951,24959,24944.75,24949.75,NaN
2025-11-24T22:30:00-05:00,24948.75,24951.25,24923.75,24935,NaN
2025-11-24T22:45:00-05:00,24934.75,24935,24915.25,24922.5,NaN
2025-11-24T23:00:00-05:00,24924,24940,24920.75,24936.25,NaN
2025-11-24T23:15:00-05:00,24938.5,24953.75,24933.75,24935.25,NaN
2025-11-24T23:30:00-05:00,24934.5,24939.25,24927,24929,NaN
2025-11-24T23:45:00-05:00,24928,24937.25,24927.75,24935.25,NaN
2025-11-25T00:00:00-05:00,24935.25,24952.75,24925,24951.25,NaN
2025-11-25T00:15:00-05:00,24952.5,24955.25,24913.25,24918.25,NaN
2025-11-25T00:30:00-05:00,24917.5,24936.75,24916.5,24933,NaN
2025-11-25T00:45:00-05:00,24933,24934.5,24919,24921,NaN
2025-11-25T01:00:00-05:00,24921.25,24938.75,24919.25,24930,NaN
2025-11-25T01:15:00-05:00,24928.75,24928.75,24905.25,24911.25,NaN
2025-11-25T01:30:00-05:00,24911.5,24928.25,24906.5,24907,NaN
2025-11-25T01:45:00-05:00,24906.75,24910,24894.5,24901.5,NaN
2025-11-25T02:00:00-05:00,24902.25,24904.25,24880.75,24891.25,NaN
2025-11-25T02:15:00-05:00,24891,24899,24885,24894.5,NaN
2025-11-25T02:30:00-05:00,24894,24925.75,24890,24925,NaN
2025-11-25T02:45:00-05:00,24926,24937.75,24904.5,24914.25,NaN
2025-11-25T03:00:00-05:00,24913.75,24931,24885.5,24887.75,NaN
2025-11-25T03:15:00-05:00,24888.25,24927.25,24887.75,24920,NaN
2025-11-25T03:30:00-05:00,24921,24921.75,24902.25,24903.75,NaN
2025-11-25T03:45:00-05:00,24904,24906.25,24856.5,24865.5,NaN
2025-11-25T04:00:00-05:00,24867,24899.25,24861.5,24881.5,NaN
2025-11-25T04:15:00-05:00,24882.75,24883.5,24828.25,24828.5,NaN
2025-11-25T04:30:00-05:00,24828.25,24867.5,24822,24865.5,NaN
2025-11-25T04:45:00-05:00,24867,24873.25,24846,24857.75,NaN
2025-11-25T05:00:00-05:00,24857.5,24875.25,24843.75,24868,NaN
2025-11-25T05:15:00-05:00,24868.25,24873,24850.5,24860.75,NaN
2025-11-25T05:30:00-05:00,24860.5,24886.5,24835.75,24871,NaN
2025-11-25T05:45:00-05:00,24873.5,24893.5,24867,24886.25,NaN
2025-11-25T06:00:00-05:00,24887.75,24897.75,24874.75,24889,NaN
2025-11-25T06:15:00-05:00,24889.25,24892.5,24863.75,24865.25,NaN
2025-11-25T06:30:00-05:00,24866,24869.25,24846.5,24859.25,NaN
2025-11-25T06:45:00-05:00,24859,24875.25,24844.75,24875,NaN
2025-11-25T07:00:00-05:00,24874.5,24934.25,24866.25,24926,NaN
2025-11-25T07:15:00-05:00,24926.5,24933.5,24905,24931.25,NaN
2025-11-25T07:30:00-05:00,24931.25,24975.25,24881.25,24936,NaN
2025-11-25T07:45:00-05:00,24934.5,24949,24895.25,24910.25,NaN
2025-11-25T08:00:00-05:00,24910.25,24936.75,24902.5,24910.75,NaN
2025-11-25T08:15:00-05:00,24911,24950.25,24906.25,24936,NaN
2025-11-25T08:30:00-05:00,24942.25,24960,24874,24876.75,NaN
2025-11-25T08:45:00-05:00,24876.75,24913.75,24873.5,24883.5,NaN
2025-11-25T09:00:00-05:00,24884,24892.75,24847,24866.25,NaN
2025-11-25T09:15:00-05:00,24865.5,24868,24842,24856.75,NaN
2025-11-25T09:30:00-05:00,24857.25,24879.5,24719,24729.5,NaN
2025-11-25T09:45:00-05:00,24729.25,24828,24602,24817,NaN
2025-11-25T10:00:00-05:00,24819,24822,24655.5,24742,NaN
2025-11-25T10:15:00-05:00,24744,24786,24700.75,24781.25,NaN
2025-11-25T10:30:00-05:00,24780.5,24845.75,24762.75,24845.5,NaN
2025-11-25T10:45:00-05:00,24845.5,24873,24761.25,24818,NaN
2025-11-25T11:00:00-05:00,24818.25,24822.25,24774.5,24782.75,NaN
2025-11-25T11:15:00-05:00,24782.5,24883.25,24773.5,24854.25,NaN
2025-11-25T11:30:00-05:00,24853.75,24889,24844,24872,NaN
2025-11-25T11:45:00-05:00,24871.75,24913.5,24839.75,24899.25,NaN
2025-11-25T12:00:00-05:00,24899.25,24952.25,24893.75,24951,NaN
2025-11-25T12:15:00-05:00,24950.25,25017,24933.75,24991.25,NaN
2025-11-25T12:30:00-05:00,24991.5,25060.75,24990,25032.5,NaN
2025-11-25T12:45:00-05:00,25032.75,25046,24976.75,24986.25,NaN
2025-11-25T13:00:00-05:00,24986.5,25016.75,24982.75,25000.5,NaN
2025-11-25T13:15:00-05:00,25000,25023,24987.75,25022.25,NaN
2025-11-25T13:30:00-05:00,25023.5,25028.5,25000.25,25011.75,NaN
2025-11-25T13:45:00-05:00,25012.5,25049.5,25012.5,25023.75,NaN
2025-11-25T14:00:00-05:00,25024,25033.25,25002.75,25008.25,NaN
2025-11-25T14:15:00-05:00,25008.75,25012.25,24955,24982.25,NaN
2025-11-25T14:30:00-05:00,24982,24988.5,24938,24967,NaN
2025-11-25T14:45:00-05:00,24966.5,25020.25,24953,25013.75,NaN
2025-11-25T15:00:00-05:00,25014.5,25045.5,25012.5,25029.75,NaN
2025-11-25T15:15:00-05:00,25030,25053,25024.25,25047.75,NaN
2025-11-25T15:30:00-05:00,25047.75,25086.25,25046.5,25078.25,NaN
2025-11-25T15:45:00-05:00,25079,25135.25,25070,25080,NaN
2025-11-25T16:00:00-05:00,25079.5,25099.75,25070.5,25077.25,NaN
2025-11-25T16:15:00-05:00,25077.5,25082,25066,25067.75,NaN
2025-11-25T16:30:00-05:00,25067.75,25076.5,25059.5,25066.25,NaN
2025-11-25T16:45:00-05:00,25065,25069.75,25060.75,25064.5,NaN
2025-11-25T18:00:00-05:00,25071.25,25094,25065.5,25088,NaN
2025-11-25T18:15:00-05:00,25087.5,25088.25,25074.75,25082.25,NaN
2025-11-25T18:30:00-05:00,25082.5,25086,25075.25,25078.25,NaN
2025-11-25T18:45:00-05:00,25078,25089.5,25061.25,25086.25,NaN
2025-11-25T19:00:00-05:00,25085.75,25093.25,25066.5,25081.75,NaN
2025-11-25T19:15:00-05:00,25082.25,25114.25,25081.5,25109,NaN
2025-11-25T19:30:00-05:00,25109,25114.5,25099.25,25107.25,NaN
2025-11-25T19:45:00-05:00,25107.5,25127,25104.25,25120.25,NaN
2025-11-25T20:00:00-05:00,25120,25144,25111.25,25142.5,NaN
2025-11-25T20:15:00-05:00,25143.5,25157.25,25136,25148,NaN
2025-11-25T20:30:00-05:00,25148.5,25167,25138.75,25165.75,NaN
2025-11-25T20:45:00-05:00,25166,25171,25152.25,25166,NaN
2025-11-25T21:00:00-05:00,25165.25,25169.25,25157.75,25164.25,NaN
2025-11-25T21:15:00-05:00,25165,25175.25,25156.25,25163.25,NaN
2025-11-25T21:30:00-05:00,25163.75,25181.5,25162.75,25176,NaN
2025-11-25T21:45:00-05:00,25175.5,25183.75,25166.25,25181.75,NaN
2025-11-25T22:00:00-05:00,25182.5,25196.5,25170,25173,NaN
2025-11-25T22:15:00-05:00,25173.75,25179.75,25168.25,25176,NaN
2025-11-25T22:30:00-05:00,25176,25188.25,25173.5,25177.25,NaN
2025-11-25T22:45:00-05:00,25176.75,25187.75,25176.75,25180.75,NaN
2025-11-25T23:00:00-05:00,25181.25,25188.5,25176.75,25181.75,NaN
2025-11-25T23:15:00-05:00,25182.5,25185.5,25168.5,25169.5,NaN
2025-11-25T23:30:00-05:00,25169,25172.25,25160.5,25164.25,NaN
2025-11-25T23:45:00-05:00,25163.5,25173,25162,25168.75,NaN
2025-11-26T00:00:00-05:00,25168.5,25190.75,25167,25184.25,NaN
2025-11-26T00:15:00-05:00,25183.75,25201.25,25183.25,25190.75,NaN
2025-11-26T00:30:00-05:00,25191.25,25202.5,25190.75,25198.25,NaN
2025-11-26T00:45:00-05:00,25197.5,25201.25,25192,25199.5,NaN
2025-11-26T01:00:00-05:00,25200,25202.25,25192.5,25196.75,NaN
2025-11-26T01:15:00-05:00,25196,25201.25,25186.75,25198.75,NaN
2025-11-26T01:30:00-05:00,25198.75,25215.5,25198.75,25209,NaN
2025-11-26T01:45:00-05:00,25208.5,25221.5,25208.5,25211.25,NaN
2025-11-26T02:00:00-05:00,25211,25219.25,25210,25214.5,NaN
2025-11-26T02:15:00-05:00,25214.25,25229.75,25208.75,25228.25,NaN
2025-11-26T02:30:00-05:00,25228.25,25235.75,25223.5,25224.75,NaN
2025-11-26T02:45:00-05:00,25225,25227.5,25212,25212,NaN
2025-11-26T03:00:00-05:00,25212.5,25212.5,25181.75,25207.25,NaN
2025-11-26T03:15:00-05:00,25207.25,25224.75,25193.25,25207,NaN
2025-11-26T03:30:00-05:00,25206.5,25210.5,25185.25,25185.5,NaN
2025-11-26T03:45:00-05:00,25185.5,25200.75,25171,25172.5,NaN
2025-11-26T04:00:00-05:00,25172.5,25175,25153.75,25163,NaN
2025-11-26T04:15:00-05:00,25163.5,25173.75,25137.5,25143.75,NaN
2025-11-26T04:30:00-05:00,25143.75,25171.25,25143.5,25161.25,NaN
2025-11-26T04:45:00-05:00,25161.5,25167.25,25139.5,25148.5,NaN
2025-11-26T05:00:00-05:00,25149.75,25188,25148.5,25182.5,NaN
2025-11-26T05:15:00-05:00,25183.25,25189.75,25172.75,25174.25,NaN
2025-11-26T05:30:00-05:00,25173.5,25197.25,25160,25184.25,NaN
2025-11-26T05:45:00-05:00,25184,25203.5,25180,25197,NaN
2025-11-26T06:00:00-05:00,25196.25,25202.25,25186.75,25197.25,NaN
2025-11-26T06:15:00-05:00,25198,25215.25,25190.5,25204.25,NaN
2025-11-26T06:30:00-05:00,25204.25,25209.25,25177.25,25195.25,NaN
2025-11-26T06:45:00-05:00,25194.5,25209.5,25173.75,25179.5,NaN
2025-11-26T07:00:00-05:00,25178.75,25185,25120.5,25133,NaN
2025-11-26T07:15:00-05:00,25134,25146.25,25118.5,25140.25,NaN
2025-11-26T07:30:00-05:00,25140.25,25161.75,25122.5,25154,NaN
2025-11-26T07:45:00-05:00,25154.5,25183,25154.5,25175,NaN
2025-11-26T08:00:00-05:00,25175.5,25191.75,25168,25186.75,NaN
2025-11-26T08:15:00-05:00,25186.75,25210,25182,25197.5,NaN
2025-11-26T08:30:00-05:00,25196.25,25211.25,25173,25192.5,NaN
2025-11-26T08:45:00-05:00,25194,25220.5,25188.75,25214,NaN
2025-11-26T09:00:00-05:00,25214.25,25214.25,25177.25,25193,NaN
2025-11-26T09:15:00-05:00,25193,25229.5,25188.25,25222,NaN
2025-11-26T09:30:00-05:00,25222.25,25270.5,25189,25232.75,NaN
2025-11-26T09:45:00-05:00,25233.5,25280.25,25155.25,25167.5,NaN
2025-11-26T10:00:00-05:00,25167,25222.5,25133.75,25176.25,NaN
2025-11-26T10:15:00-05:00,25175.25,25210,25142.75,25191,NaN
2025-11-26T10:30:00-05:00,25191.25,25251.5,25191.25,25224.75,NaN
2025-11-26T10:45:00-05:00,25225.25,25271.5,25192.75,25268,NaN
2025-11-26T11:00:00-05:00,25268.25,25306.75,25263.25,25292.5,NaN
2025-11-26T11:15:00-05:00,25293,25338.75,25289.5,25323.25,NaN
2025-11-26T11:30:00-05:00,25323.25,25376,25309,25364,NaN
2025-11-26T11:45:00-05:00,25364.25,25367.5,25334.25,25354.25,NaN
2025-11-26T12:00:00-05:00,25355,25361.25,25315.5,25326.75,NaN
2025-11-26T12:15:00-05:00,25326.25,25346.5,25313.25,25338.75,NaN
2025-11-26T12:30:00-05:00,25338.5,25369.25,25335.75,25366.75,NaN
2025-11-26T12:45:00-05:00,25366.25,25369.25,25332.5,25338.75,NaN
2025-11-26T13:00:00-05:00,25339,25357,25281,25330.75,NaN
2025-11-26T13:15:00-05:00,25329.75,25360,25303.75,25347,NaN
2025-11-26T13:30:00-05:00,25347.75,25348.75,25291.5,25292,NaN
2025-11-26T13:45:00-05:00,25292.5,25330.5,25286.5,25316.5,NaN
2025-11-26T14:00:00-05:00,25316.5,25342.5,25297.75,25328,NaN
2025-11-26T14:15:00-05:00,25327.75,25347,25322.5,25344.75,NaN
2025-11-26T14:30:00-05:00,25345.25,25355.25,25311.75,25320.25,NaN
2025-11-26T14:45:00-05:00,25320.75,25335,25307.75,25332.5,NaN
2025-11-26T15:00:00-05:00,25332.5,25355.5,25318.75,25354.75,NaN
2025-11-26T15:15:00-05:00,25355.25,25360.75,25344,25345.5,NaN
2025-11-26T15:30:00-05:00,25346,25351,25327.75,25336.75,NaN
2025-11-26T15:45:00-05:00,25336.75,25343.75,25294.75,25296,NaN
2025-11-26T16:00:00-05:00,25296.25,25331.5,25293.25,25313.25,NaN
2025-11-26T16:15:00-05:00,25313.75,25325,25301,25316.5,NaN
2025-11-26T16:30:00-05:00,25316.25,25318.25,25304,25310.5,NaN
2025-11-26T16:45:00-05:00,25309.75,25316.5,25306.5,25314,NaN
2025-11-26T18:00:00-05:00,25313,25336.75,25312,25315.5,NaN
2025-11-26T18:15:00-05:00,25316.5,25327,25312,25317.25,NaN
2025-11-26T18:30:00-05:00,25319.25,25330.25,25318.75,25324.75,NaN
2025-11-26T18:45:00-05:00,25324.5,25333,25318.75,25323.75,NaN
2025-11-26T19:00:00-05:00,25323.5,25333.25,25315,25328.5,NaN
2025-11-26T19:15:00-05:00,25328.5,25328.75,25317.25,25325.5,NaN
2025-11-26T19:30:00-05:00,25326.75,25328.75,25317.75,25322,NaN
2025-11-26T19:45:00-05:00,25320.75,25331.5,25316,25330.25,NaN
2025-11-26T20:00:00-05:00,25330.75,25339.25,25311.25,25317,NaN
2025-11-26T20:15:00-05:00,25315.75,25319.5,25304,25315.75,NaN
2025-11-26T20:30:00-05:00,25316.25,25316.75,25305.5,25316,NaN
2025-11-26T20:45:00-05:00,25317,25335,25312.75,25333.75,NaN
2025-11-26T21:00:00-05:00,25334.75,25338.5,25325,25333,NaN
2025-11-26T21:15:00-05:00,25332.5,25337,25325.25,25331.25,NaN
2025-11-26T21:30:00-05:00,25331.5,25332.5,25319.75,25328.5,NaN
2025-11-26T21:45:00-05:00,25328.75,25328.75,25314.75,25316.25,NaN
2025-11-26T22:00:00-05:00,25316.75,25319,25305,25308.75,NaN
2025-11-26T22:15:00-05:00,25309.5,25324,25307.75,25309,NaN
2025-11-26T22:30:00-05:00,25309.25,25316.5,25306,25314.25,NaN
2025-11-26T22:45:00-05:00,25313.5,25316.5,25309.5,25313.5,NaN
2025-11-26T23:00:00-05:00,25313,25318.5,25310,25311.5,NaN
2025-11-26T23:15:00-05:00,25312.25,25318.75,25308.75,25318.5,NaN
2025-11-26T23:30:00-05:00,25318.75,25326,25317,25318,NaN
2025-11-26T23:45:00-05:00,25318,25325.25,25315.5,25325,NaN
2025-11-27T00:00:00-05:00,25324.75,25334.75,25323.25,25333.75,NaN
2025-11-27T00:15:00-05:00,25332.25,25337,25330.25,25332,NaN
2025-11-27T00:30:00-05:00,25332.25,25337.25,25330.5,25333,NaN
2025-11-27T00:45:00-05:00,25333.5,25334,25320.25,25323.75,NaN
2025-11-27T01:00:00-05:00,25324.5,25328,25315.5,25315.75,NaN
2025-11-27T01:15:00-05:00,25316.25,25321.25,25308,25318.75,NaN
2025-11-27T01:30:00-05:00,25318.75,25319.5,25309.75,25312,NaN
2025-11-27T01:45:00-05:00,25314,25314.75,25298,25302.75,NaN
2025-11-27T02:00:00-05:00,25304,25312.5,25300,25311,NaN
2025-11-27T02:15:00-05:00,25309.75,25318.25,25308.75,25313.5,NaN
2025-11-27T02:30:00-05:00,25313.25,25316.25,25295.5,25313,NaN
2025-11-27T02:45:00-05:00,25312.25,25326.25,25310.75,25322.5,NaN
2025-11-27T03:00:00-05:00,25322.25,25322.75,25293.25,25310.5,NaN
2025-11-27T03:15:00-05:00,25310.5,25326,25310.5,25320.5,NaN
2025-11-27T03:30:00-05:00,25319.25,25329,25312.5,25315,NaN
2025-11-27T03:45:00-05:00,25313.5,25318.25,25300.5,25301,NaN
2025-11-27T04:00:00-05:00,25300,25309.5,25296.5,25301.75,NaN
2025-11-27T04:15:00-05:00,25301,25316,25297.5,25316,NaN
2025-11-27T04:30:00-05:00,25316,25326.5,25313.5,25321.25,NaN
2025-11-27T04:45:00-05:00,25321,25321.5,25303,25303.75,NaN
2025-11-27T05:00:00-05:00,25304.25,25314,25299.5,25304,NaN
2025-11-27T05:15:00-05:00,25304.5,25309,25300.5,25304.75,NaN
2025-11-27T05:30:00-05:00,25305,25312.25,25299.75,25312.25,NaN
2025-11-27T05:45:00-05:00,25312.25,25319.25,25309.5,25317.75,NaN
2025-11-27T06:00:00-05:00,25316.25,25321.25,25307.75,25313.25,NaN
2025-11-27T06:15:00-05:00,25314.75,25315.25,25307,25312,NaN
2025-11-27T06:30:00-05:00,25311.5,25325.25,25308.5,25320.25,NaN
2025-11-27T06:45:00-05:00,25321.25,25323.25,25305.25,25305.25,NaN
2025-11-27T07:00:00-05:00,25306.75,25315.5,25303,25310.5,NaN
2025-11-27T07:15:00-05:00,25311,25311,25304,25305,NaN
2025-11-27T07:30:00-05:00,25304.25,25308.25,25293.75,25298.5,NaN
2025-11-27T07:45:00-05:00,25297.25,25303.5,25294,25297.25,NaN
2025-11-27T08:00:00-05:00,25296.75,25305.5,25290.5,25294.75,NaN
2025-11-27T08:15:00-05:00,25294.25,25302,25290.25,25298.25,NaN
2025-11-27T08:30:00-05:00,25298.25,25315.5,25298.25,25311,NaN
2025-11-27T08:45:00-05:00,25310.75,25310.75,25300.25,25300.75,NaN
2025-11-27T09:00:00-05:00,25300.75,25304.25,25291,25297,NaN
2025-11-27T09:15:00-05:00,25296.75,25308.5,25296.5,25301.5,NaN
2025-11-27T09:30:00-05:00,25301.5,25317.75,25287,25298.75,NaN
2025-11-27T09:45:00-05:00,25298.25,25300.25,25288.75,25296.75,NaN
2025-11-27T10:00:00-05:00,25295.75,25307.25,25293.25,25303,NaN
2025-11-27T10:15:00-05:00,25304,25307.25,25300.75,25303.5,NaN
2025-11-27T10:30:00-05:00,25303.75,25304.25,25290,25298.75,NaN
2025-11-27T10:45:00-05:00,25298.5,25302,25297.25,25301,NaN
2025-11-27T11:00:00-05:00,25300.5,25302.25,25285.75,25296,NaN
2025-11-27T11:15:00-05:00,25296.5,25304.5,25293.5,25301.5,NaN
2025-11-27T11:30:00-05:00,25301.75,25302,25296,25300,NaN
2025-11-27T11:45:00-05:00,25298.5,25299.75,25290.75,25296.5,NaN
2025-11-27T12:00:00-05:00,25296.75,25300,25294.25,25296.5,NaN
2025-11-27T12:15:00-05:00,25296.5,25299.25,25294.75,25295.75,NaN
2025-11-27T12:30:00-05:00,25296.25,25302.25,25295.25,25301.25,NaN
2025-11-27T12:45:00-05:00,25301.75,25303,25298.5,25301.75,NaN
2025-11-27T18:00:00-05:00,25302.25,25328.25,25301.75,25316.75,NaN
2025-11-27T18:15:00-05:00,25316.25,25324.5,25306.25,25321.5,NaN
2025-11-27T18:30:00-05:00,25322,25323.25,25313.25,25321.25,NaN
2025-11-27T18:45:00-05:00,25320.25,25333.25,25319.75,25329.25,NaN
2025-11-27T19:00:00-05:00,25329,25349.75,25324.75,25347.25,NaN
2025-11-27T19:15:00-05:00,25348,25351.5,25338.5,25339.25,NaN
2025-11-27T19:30:00-05:00,25342.5,25345.75,25333.75,25337.75,NaN
2025-11-27T19:45:00-05:00,25337,25345,25331.5,25342,NaN
2025-11-27T20:00:00-05:00,25340,25360.25,25336,25356,NaN
2025-11-27T20:15:00-05:00,25354.75,25368,25349.75,25357.75,NaN
2025-11-27T20:30:00-05:00,25357,25358.75,25331.75,25337.5,NaN
2025-11-27T20:45:00-05:00,25341,25350,25337.5,25341,NaN
2025-11-27T21:00:00-05:00,25339.5,25352.5,25337,25337.75,NaN
2025-11-27T21:15:00-05:00,25339,25347.5,25339,25346.25,NaN
2025-11-27T21:30:00-05:00,25347.5,25350.5,25340.75,25347.75,NaN
2025-11-28T08:30:00-05:00,25368.5,25399,25362.75,25384,NaN
2025-11-28T08:45:00-05:00,25383.75,25393.5,25370,25373,NaN
2025-11-28T09:00:00-05:00,25373,25387.5,25369,25372.5,NaN
2025-11-28T09:15:00-05:00,25372.25,25378.5,25347.75,25359,NaN
2025-11-28T09:30:00-05:00,25358,25422,25331,25359,NaN
2025-11-28T09:45:00-05:00,25357.75,25399,25342.75,25369.25,NaN
2025-11-28T10:00:00-05:00,25370.5,25390.5,25352.25,25382.25,NaN
2025-11-28T10:15:00-05:00,25383.75,25402.5,25359.25,25369.5,NaN
2025-11-28T10:30:00-05:00,25368.5,25395,25359.5,25389.25,NaN
2025-11-28T10:45:00-05:00,25389.25,25421.75,25378,25409.5,NaN
2025-11-28T11:00:00-05:00,25409,25436,25398.75,25428.5,NaN
2025-11-28T11:15:00-05:00,25429,25436.25,25367.5,25389.25,NaN
2025-11-28T11:30:00-05:00,25388.75,25420.25,25373.75,25405.5,NaN
2025-11-28T11:45:00-05:00,25405,25433.5,25400.25,25426.25,NaN
2025-11-28T12:00:00-05:00,25426.75,25440,25405.5,25430.75,NaN
2025-11-28T12:15:00-05:00,25430.75,25435.25,25413,25420,NaN
2025-11-28T12:30:00-05:00,25420.5,25425.25,25394.75,25395.75,NaN
2025-11-28T12:45:00-05:00,25395.75,25490.5,25394.25,25487,NaN
2025-11-28T13:00:00-05:00,25486.75,25499.75,25467.25,25484.5,NaN
2025-11-30T18:00:00-05:00,25482.5,25546,25457.5,25501.75,NaN
2025-11-30T18:15:00-05:00,25502.25,25524.25,25493,25498.5,NaN
2025-11-30T18:30:00-05:00,25498.25,25500.5,25443.25,25445.25,NaN
2025-11-30T18:45:00-05:00,25443.5,25478,25442.75,25466.25,NaN
2025-11-30T19:00:00-05:00,25467.5,25471,25401.75,25415,NaN
2025-11-30T19:15:00-05:00,25414.5,25425.5,25357,25391,NaN
2025-11-30T19:30:00-05:00,25389.75,25396,25336,25346.25,NaN
2025-11-30T19:45:00-05:00,25346.5,25347,25305.25,25321,NaN
2025-11-30T20:00:00-05:00,25320.75,25329.25,25266,25301.25,NaN
2025-11-30T20:15:00-05:00,25299.75,25327,25294.75,25309,NaN
2025-11-30T20:30:00-05:00,25310,25333.25,25296.5,25331.25,NaN
2025-11-30T20:45:00-05:00,25332.25,25344.25,25315,25318.25,NaN
2025-11-30T21:00:00-05:00,25319,25327.75,25302,25305.75,NaN
2025-11-30T21:15:00-05:00,25307.5,25310.25,25280.75,25295,NaN
2025-11-30T21:30:00-05:00,25295,25312,25278.5,25282.75,NaN
2025-11-30T21:45:00-05:00,25282.5,25298,25267.5,25282.75,NaN
2025-11-30T22:00:00-05:00,25281.25,25283.75,25244.25,25250,NaN
2025-11-30T22:15:00-05:00,25249.75,25263.25,25241,25257.5,NaN
2025-11-30T22:30:00-05:00,25255,25257.5,25237.25,25254.5,NaN
2025-11-30T22:45:00-05:00,25254.75,25269.75,25251.5,25260.25,NaN
2025-11-30T23:00:00-05:00,25258.5,25266,25247.5,25250.5,NaN
2025-11-30T23:15:00-05:00,25249.5,25258.5,25242.75,25247.75,NaN
2025-11-30T23:30:00-05:00,25248.5,25261.5,25241.75,25251.5,NaN
2025-11-30T23:45:00-05:00,25251,25253,25227.25,25230.75,NaN
2025-12-01T00:00:00-05:00,25231,25235,25206.25,25219.25,NaN
2025-12-01T00:15:00-05:00,25219.25,25223.5,25203.75,25206.25,NaN
2025-12-01T00:30:00-05:00,25206,25220,25193.25,25217.5,NaN
2025-12-01T00:45:00-05:00,25218.25,25257.5,25217.25,25252,NaN
2025-12-01T01:00:00-05:00,25251.25,25259,25232.25,25249.5,NaN
2025-12-01T01:15:00-05:00,25249.75,25268.5,25246.75,25262.25,NaN
2025-12-01T01:30:00-05:00,25262,25269.75,25248,25269.25,NaN
2025-12-01T01:45:00-05:00,25269.75,25271.25,25258,25267.75,NaN
2025-12-01T02:00:00-05:00,25268,25275.5,25248.25,25251.75,NaN
2025-12-01T02:15:00-05:00,25251.75,25285,25238.25,25276,NaN
2025-12-01T02:30:00-05:00,25276.25,25282,25261.5,25270.75,NaN
2025-12-01T02:45:00-05:00,25271,25283.75,25267.25,25280,NaN
2025-12-01T03:00:00-05:00,25278.75,25314.25,25268,25310.5,NaN
2025-12-01T03:15:00-05:00,25312.25,25342.75,25312,25331,NaN
2025-12-01T03:30:00-05:00,25332,25335.25,25314,25329.75,NaN
2025-12-01T03:45:00-05:00,25331.5,25331.5,25306,25307.75,NaN
2025-12-01T04:00:00-05:00,25308,25341.5,25298.75,25321.25,NaN
2025-12-01T04:15:00-05:00,25322.75,25333.5,25302.25,25318.5,NaN
2025-12-01T04:30:00-05:00,25318.25,25318.5,25283.75,25292.5,NaN
2025-12-01T04:45:00-05:00,25292.25,25300.5,25273.25,25283.25,NaN
2025-12-01T05:00:00-05:00,25282.25,25318.75,25282.25,25312.75,NaN
2025-12-01T05:15:00-05:00,25312.25,25324.75,25303,25313.75,NaN
2025-12-01T05:30:00-05:00,25311.75,25329.25,25305,25328.5,NaN
2025-12-01T05:45:00-05:00,25328.75,25333.5,25307.25,25313,NaN
2025-12-01T06:00:00-05:00,25312.5,25317,25288,25313.75,NaN
2025-12-01T06:15:00-05:00,25312.75,25319.75,25294.25,25301,NaN
2025-12-01T06:30:00-05:00,25300,25306.25,25279.75,25282,NaN
2025-12-01T06:45:00-05:00,25282.5,25305,25282.5,25295,NaN
2025-12-01T07:00:00-05:00,25296,25307.5,25247,25265.75,NaN
2025-12-01T07:15:00-05:00,25265.25,25272,25245,25255.25,NaN
2025-12-01T07:30:00-05:00,25254.75,25254.75,25230.5,25236.5,NaN
2025-12-01T07:45:00-05:00,25236,25243.5,25210.75,25226,NaN
2025-12-01T08:00:00-05:00,25226.75,25255.5,25214.75,25250,NaN
2025-12-01T08:15:00-05:00,25249.75,25261.75,25238,25246.75,NaN
2025-12-01T08:30:00-05:00,25246.25,25262.5,25235,25255.25,NaN
2025-12-01T08:45:00-05:00,25255.25,25270.75,25239.25,25266,NaN
2025-12-01T09:00:00-05:00,25266,25299,25257.5,25297,NaN
2025-12-01T09:15:00-05:00,25296.75,25299.5,25245.5,25254.25,NaN
2025-12-01T09:30:00-05:00,25255,25322,25209.25,25246.25,NaN
2025-12-01T09:45:00-05:00,25247.75,25379.5,25237,25365.5,NaN
2025-12-01T10:00:00-05:00,25365.75,25389,25332,25354.5,NaN
2025-12-01T10:15:00-05:00,25355,25374.25,25308.25,25323.75,NaN
2025-12-01T10:30:00-05:00,25324.25,25360,25267.5,25333.25,NaN
2025-12-01T10:45:00-05:00,25333.5,25420,25320.5,25412.75,NaN
2025-12-01T11:00:00-05:00,25413,25418.75,25343,25348.5,NaN
2025-12-01T11:15:00-05:00,25348,25389.5,25322.5,25381.25,NaN
2025-12-01T11:30:00-05:00,25380.25,25434,25379.25,25423,NaN
2025-12-01T11:45:00-05:00,25423.5,25451,25419.75,25435.5,NaN
2025-12-01T12:00:00-05:00,25434.75,25467.5,25432.25,25443,NaN
2025-12-01T12:15:00-05:00,25443,25460.75,25414.25,25453,NaN
2025-12-01T12:30:00-05:00,25453,25481.75,25440.75,25481.25,NaN
2025-12-01T12:45:00-05:00,25481.5,25495.75,25449.5,25450.5,NaN
2025-12-01T13:00:00-05:00,25450.75,25484.25,25446.5,25475.75,NaN
2025-12-01T13:15:00-05:00,25475,25480.75,25454.25,25462.5,NaN
2025-12-01T13:30:00-05:00,25463.25,25477,25461,25470,NaN
2025-12-01T13:45:00-05:00,25470,25492.75,25464,25486.5,NaN
2025-12-01T14:00:00-05:00,25486.75,25488,25432.5,25449,NaN
2025-12-01T14:15:00-05:00,25448.75,25448.75,25391.25,25395.75,NaN
2025-12-01T14:30:00-05:00,25396.5,25415,25357,25381.25,NaN
2025-12-01T14:45:00-05:00,25381.5,25396,25368,25373.75,NaN
2025-12-01T15:00:00-05:00,25373.75,25414,25366.75,25410.25,NaN
2025-12-01T15:15:00-05:00,25410,25412.25,25384.25,25401.5,NaN
2025-12-01T15:30:00-05:00,25401.5,25420,25386.5,25417.75,NaN
2025-12-01T15:45:00-05:00,25418,25421.25,25365,25402.25,NaN
2025-12-01T16:00:00-05:00,25402.25,25413.5,25383.25,25389.5,NaN
2025-12-01T16:15:00-05:00,25389.25,25404.75,25388,25398.75,NaN
2025-12-01T16:30:00-05:00,25398.5,25402.25,25392.5,25400.25,NaN
2025-12-01T16:45:00-05:00,25400,25407,25398.75,25399.75,NaN
2025-12-01T18:00:00-05:00,25411.5,25423.25,25378.5,25387.5,NaN
2025-12-01T18:15:00-05:00,25388,25420.5,25385.75,25415,NaN
2025-12-01T18:30:00-05:00,25415.25,25425,25407.5,25409.25,NaN
2025-12-01T18:45:00-05:00,25408.75,25415.75,25395.5,25398.75,NaN
2025-12-01T19:00:00-05:00,25399,25410,25383,25402.5,NaN
2025-12-01T19:15:00-05:00,25403.75,25409.75,25394,25402.25,NaN
2025-12-01T19:30:00-05:00,25403,25419.5,25401,25410.5,NaN
2025-12-01T19:45:00-05:00,25410.5,25411.75,25404.25,25408,NaN
2025-12-01T20:00:00-05:00,25408,25443.5,25400,25435,NaN
2025-12-01T20:15:00-05:00,25433,25445,25430.75,25437.5,NaN
2025-12-01T20:30:00-05:00,25436.5,25436.5,25416,25417.75,NaN
2025-12-01T20:45:00-05:00,25416.75,25423.25,25412.5,25413.5,NaN
2025-12-01T21:00:00-05:00,25413,25413.75,25386,25396.25,NaN
2025-12-01T21:15:00-05:00,25398,25407.25,25396.25,25401,NaN
2025-12-01T21:30:00-05:00,25401.25,25420.25,25395,25419.25,NaN
2025-12-01T21:45:00-05:00,25419.5,25432.25,25416.75,25424,NaN
2025-12-01T22:00:00-05:00,25423.75,25426.5,25407.5,25409,NaN
2025-12-01T22:15:00-05:00,25408.5,25408.5,25366.25,25373.75,NaN
2025-12-01T22:30:00-05:00,25370.5,25382.25,25348.25,25381.5,NaN
2025-12-01T22:45:00-05:00,25380.75,25407.75,25371,25391,NaN
2025-12-01T23:00:00-05:00,25390.5,25400,25385.5,25395,NaN
2025-12-01T23:15:00-05:00,25394.75,25395.5,25385,25388.75,NaN
2025-12-01T23:30:00-05:00,25388,25397,25385,25389,NaN
2025-12-01T23:45:00-05:00,25388.5,25391.75,25366.5,25372,NaN
2025-12-02T00:00:00-05:00,25372.75,25384.25,25368,25369.5,NaN
2025-12-02T00:15:00-05:00,25368.5,25380,25359.5,25372,NaN
2025-12-02T00:30:00-05:00,25372.5,25375.75,25363.75,25365.25,NaN
2025-12-02T00:45:00-05:00,25365.5,25377,25363.5,25373,NaN
2025-12-02T01:00:00-05:00,25373,25373.5,25343.75,25350.5,NaN
2025-12-02T01:15:00-05:00,25351,25355,25334.25,25339.25,NaN
2025-12-02T01:30:00-05:00,25339.5,25361.75,25339.5,25358.25,NaN
2025-12-02T01:45:00-05:00,25359.5,25386.75,25357.75,25369.5,NaN
2025-12-02T02:00:00-05:00,25370.25,25385.25,25368,25379.5,NaN
2025-12-02T02:15:00-05:00,25380.5,25385.75,25371.75,25383.75,NaN
2025-12-02T02:30:00-05:00,25384.25,25388,25351,25362.5,NaN
2025-12-02T02:45:00-05:00,25362.75,25367,25354.5,25358.75,NaN
2025-12-02T03:00:00-05:00,25357,25361.75,25324.75,25354.5,NaN
2025-12-02T03:15:00-05:00,25355,25364.25,25347.25,25356.75,NaN
2025-12-02T03:30:00-05:00,25358.75,25386,25356.5,25384.25,NaN
2025-12-02T03:45:00-05:00,25385,25426.75,25384.5,25421,NaN
2025-12-02T04:00:00-05:00,25420.5,25443.5,25418.75,25435.5,NaN
2025-12-02T04:15:00-05:00,25436.25,25451,25428,25445.5,NaN
2025-12-02T04:30:00-05:00,25445.75,25446,25425.25,25433.25,NaN
2025-12-02T04:45:00-05:00,25431.5,25451.5,25423.5,25442.25,NaN
2025-12-02T05:00:00-05:00,25441.5,25458.5,25439.5,25447.5,NaN
2025-12-02T05:15:00-05:00,25447.25,25457,25436.5,25453,NaN
2025-12-02T05:30:00-05:00,25452.75,25474.75,25451,25474.25,NaN
2025-12-02T05:45:00-05:00,25474.25,25499.75,25474.25,25490,NaN
2025-12-02T06:00:00-05:00,25489.5,25497,25478.25,25491.25,NaN
2025-12-02T06:15:00-05:00,25491.75,25502.75,25485,25501.25,NaN
2025-12-02T06:30:00-05:00,25502,25508.75,25483.75,25491.5,NaN
2025-12-02T06:45:00-05:00,25491.75,25497,25476.25,25481.25,NaN
2025-12-02T07:00:00-05:00,25481.25,25495.75,25462.75,25475.75,NaN
2025-12-02T07:15:00-05:00,25476,25491.25,25471.5,25488,NaN
2025-12-02T07:30:00-05:00,25487,25487,25458,25466.5,NaN
2025-12-02T07:45:00-05:00,25468.5,25501.25,25462.25,25498.75,NaN
2025-12-02T08:00:00-05:00,25498.5,25501,25485.75,25498.75,NaN
2025-12-02T08:15:00-05:00,25499.25,25505.25,25486.75,25495.75,NaN
2025-12-02T08:30:00-05:00,25496.25,25514.75,25483,25507.5,NaN
2025-12-02T08:45:00-05:00,25506.5,25507.25,25480.5,25506.75,NaN
2025-12-02T09:00:00-05:00,25507.25,25522.75,25502,25508.75,NaN
2025-12-02T09:15:00-05:00,25509,25515.25,25484,25492.25,NaN
2025-12-02T09:30:00-05:00,25492.75,25613,25471.25,25595.5,NaN
2025-12-02T09:45:00-05:00,25595.75,25609.75,25562,25597.75,NaN
2025-12-02T10:00:00-05:00,25598.5,25654.75,25595,25634.5,NaN
2025-12-02T10:15:00-05:00,25634.75,25647.25,25566.5,25573.25,NaN
2025-12-02T10:30:00-05:00,25573.25,25628,25531,25621.5,NaN
2025-12-02T10:45:00-05:00,25621.75,25670,25614,25647.75,NaN
2025-12-02T11:00:00-05:00,25648,25663.5,25524.25,25539.75,NaN
2025-12-02T11:15:00-05:00,25540.25,25553.75,25443,25459.75,NaN
2025-12-02T11:30:00-05:00,25459.5,25525,25414.5,25488.25,NaN
2025-12-02T11:45:00-05:00,25488.5,25534.25,25477.75,25509.25,NaN
2025-12-02T12:00:00-05:00,25509.75,25554.25,25504.5,25549.75,NaN
2025-12-02T12:15:00-05:00,25549.5,25613.75,25545.5,25603.75,NaN
2025-12-02T12:30:00-05:00,25604.25,25622.25,25584,25597,NaN
2025-12-02T12:45:00-05:00,25597,25608,25506,25506.25,NaN
2025-12-02T13:00:00-05:00,25505.5,25578.25,25496.5,25551.5,NaN
2025-12-02T13:15:00-05:00,25551.75,25586,25540.25,25563.75,NaN
2025-12-02T13:30:00-05:00,25563,25576.75,25530,25558,NaN
2025-12-02T13:45:00-05:00,25557.5,25587.25,25542.5,25577,NaN
2025-12-02T14:00:00-05:00,25577.25,25609.25,25564.5,25604,NaN
2025-12-02T14:15:00-05:00,25603,25610.25,25563.25,25585.25,NaN
2025-12-02T14:30:00-05:00,25584.75,25611,25578.5,25587.25,NaN
2025-12-02T14:45:00-05:00,25587.5,25643,25582.25,25633.75,NaN
2025-12-02T15:00:00-05:00,25634,25639.75,25615,25629.5,NaN
2025-12-02T15:15:00-05:00,25629.5,25638.5,25620.25,25633.25,NaN
2025-12-02T15:30:00-05:00,25633.25,25646.75,25606,25620.75,NaN
2025-12-02T15:45:00-05:00,25621.25,25636,25591.5,25600.5,NaN
2025-12-02T16:00:00-05:00,25600,25607,25586.5,25595.5,NaN
2025-12-02T16:15:00-05:00,25596.25,25601,25588.5,25598.75,NaN
2025-12-02T16:30:00-05:00,25599,25600,25589,25590,NaN
2025-12-02T16:45:00-05:00,25589.5,25607.5,25587.5,25603.75,NaN
2025-12-02T18:00:00-05:00,25611,25628.75,25610,25616.25,NaN
2025-12-02T18:15:00-05:00,25614,25633.5,25611.25,25627.75,NaN
2025-12-02T18:30:00-05:00,25629.25,25630,25619.25,25624,NaN
2025-12-02T18:45:00-05:00,25623.75,25631.25,25618.25,25623.75,NaN
2025-12-02T19:00:00-05:00,25624.75,25638.25,25622,25625,NaN
2025-12-02T19:15:00-05:00,25625,25629,25576,25581.25,NaN
2025-12-02T19:30:00-05:00,25580.5,25607.75,25576.25,25607.5,NaN
2025-12-02T19:45:00-05:00,25606.75,25639.5,25606.5,25626.5,NaN
2025-12-02T20:00:00-05:00,25627.25,25642.5,25625.25,25638,NaN
2025-12-02T20:15:00-05:00,25638,25642.25,25627.75,25636.25,NaN
2025-12-02T20:30:00-05:00,25635,25649.5,25635,25642,NaN
2025-12-02T20:45:00-05:00,25642.75,25645,25635.75,25640,NaN
2025-12-02T21:00:00-05:00,25640,25656.5,25637,25654.75,NaN
2025-12-02T21:15:00-05:00,25655,25673.75,25650.75,25666.25,NaN
2025-12-02T21:30:00-05:00,25665.5,25666,25646.25,25650.25,NaN
2025-12-02T21:45:00-05:00,25650.5,25658.75,25646.25,25655.25,NaN
2025-12-02T22:00:00-05:00,25654.75,25655.75,25642.25,25650.5,NaN
2025-12-02T22:15:00-05:00,25651,25665,25651,25664.5,NaN
2025-12-02T22:30:00-05:00,25665,25677,25664,25673,NaN
2025-12-02T22:45:00-05:00,25673.25,25674,25664.5,25668.5,NaN
2025-12-02T23:00:00-05:00,25668,25672.75,25663.5,25671,NaN
2025-12-02T23:15:00-05:00,25669.5,25672,25664.5,25665.5,NaN
2025-12-02T23:30:00-05:00,25665,25666.5,25661.25,25663.5,NaN
2025-12-02T23:45:00-05:00,25662.25,25665,25657.25,25659.5,NaN
2025-12-03T00:00:00-05:00,25659.25,25675,25658,25672.75,NaN
2025-12-03T00:15:00-05:00,25672.5,25678.25,25667,25672.5,NaN
2025-12-03T00:30:00-05:00,25672.5,25673.5,25658,25661.25,NaN
2025-12-03T00:45:00-05:00,25660.5,25666,25654.5,25660.25,NaN
2025-12-03T01:00:00-05:00,25660.5,25665,25652.5,25658.25,NaN
2025-12-03T01:15:00-05:00,25658,25663,25649.5,25651,NaN
2025-12-03T01:30:00-05:00,25651.75,25659.25,25637.5,25655,NaN
2025-12-03T01:45:00-05:00,25654.5,25665.75,25651.25,25657.25,NaN
2025-12-03T02:00:00-05:00,25657.5,25668.5,25653.75,25667.25,NaN
2025-12-03T02:15:00-05:00,25668.25,25676.75,25664,25669.25,NaN
2025-12-03T02:30:00-05:00,25668,25672,25648.5,25649.5,NaN
2025-12-03T02:45:00-05:00,25649,25660,25643,25651.75,NaN
2025-12-03T03:00:00-05:00,25651.25,25664.75,25647.25,25652,NaN
2025-12-03T03:15:00-05:00,25653.25,25654.25,25613.25,25619.25,NaN
2025-12-03T03:30:00-05:00,25620.5,25644.75,25613.5,25643,NaN
2025-12-03T03:45:00-05:00,25643.25,25667.75,25638.75,25659.5,NaN
2025-12-03T04:00:00-05:00,25659.25,25661,25621.75,25631,NaN
2025-12-03T04:15:00-05:00,25631.75,25633,25614.75,25620,NaN
2025-12-03T04:30:00-05:00,25619.25,25639.25,25613.75,25624.25,NaN
2025-12-03T04:45:00-05:00,25624.25,25640.5,25624.25,25638.25,NaN
2025-12-03T05:00:00-05:00,25637.75,25650.75,25634.5,25640.75,NaN
2025-12-03T05:15:00-05:00,25639.5,25646.5,25636.75,25645,NaN
2025-12-03T05:30:00-05:00,25645,25645.25,25621,25630,NaN
2025-12-03T05:45:00-05:00,25630.5,25630.75,25605.25,25624.25,NaN
2025-12-03T06:00:00-05:00,25624.75,25628.5,25610.25,25622.5,NaN
2025-12-03T06:15:00-05:00,25623,25641.75,25620.75,25639.25,NaN
2025-12-03T06:30:00-05:00,25638.25,25641,25632,25636.75,NaN
2025-12-03T06:45:00-05:00,25637,25644.75,25632.5,25634.5,NaN
2025-12-03T07:00:00-05:00,25633.75,25648.25,25614.75,25646.25,NaN
2025-12-03T07:15:00-05:00,25645.75,25654.25,25637.25,25646.5,NaN
2025-12-03T07:30:00-05:00,25647.5,25663.5,25645.25,25658.75,NaN
2025-12-03T07:45:00-05:00,25659.25,25663.75,25654.25,25654.75,NaN
2025-12-03T08:00:00-05:00,25654.5,25676.5,25653.5,25676.25,NaN
2025-12-03T08:15:00-05:00,25676.25,25677.75,25639.5,25662,NaN
2025-12-03T08:30:00-05:00,25661.25,25668.75,25651,25656.5,NaN
2025-12-03T08:45:00-05:00,25656.5,25671.75,25646.5,25648.5,NaN
2025-12-03T09:00:00-05:00,25648,25653,25421.5,25433.75,NaN
2025-12-03T09:15:00-05:00,25432.5,25500,25423.25,25495,NaN
2025-12-03T09:30:00-05:00,25495.25,25538,25453,25475.5,NaN
2025-12-03T09:45:00-05:00,25474.25,25508,25430,25494.5,NaN
2025-12-03T10:00:00-05:00,25497.5,25574.5,25482.25,25515.75,NaN
2025-12-03T10:15:00-05:00,25516,25563.5,25500,25528.5,NaN
2025-12-03T10:30:00-05:00,25527.25,25602.25,25500.5,25595.25,NaN
2025-12-03T10:45:00-05:00,25596,25605.5,25550.75,25563,NaN
2025-12-03T11:00:00-05:00,25563.25,25599.25,25521.75,25540.25,NaN
2025-12-03T11:15:00-05:00,25539.75,25586.5,25534,25566.75,NaN
2025-12-03T11:30:00-05:00,25566.75,25621.5,25560.75,25612.75,NaN
2025-12-03T11:45:00-05:00,25613,25616.5,25530,25560.25,NaN
2025-12-03T12:00:00-05:00,25560.75,25600.75,25555,25597.75,NaN
2025-12-03T12:15:00-05:00,25598.25,25633.5,25585.5,25619.75,NaN
2025-12-03T12:30:00-05:00,25619.75,25627,25598.25,25619.75,NaN
2025-12-03T12:45:00-05:00,25620.25,25637.25,25606.25,25625.5,NaN
2025-12-03T13:00:00-05:00,25625.25,25638.25,25618,25633.5,NaN
2025-12-03T13:15:00-05:00,25633,25635.25,25608.25,25626.75,NaN
2025-12-03T13:30:00-05:00,25627.25,25653.5,25627,25651.5,NaN
2025-12-03T13:45:00-05:00,25652.25,25654.75,25622.25,25629,NaN
2025-12-03T14:00:00-05:00,25628.5,25651.5,25625.75,25649,NaN
2025-12-03T14:15:00-05:00,25649.5,25658,25639,25649,NaN
2025-12-03T14:30:00-05:00,25649.25,25659,25641.25,25658,NaN
2025-12-03T14:45:00-05:00,25657.5,25672.25,25649.5,25669.75,NaN
2025-12-03T15:00:00-05:00,25670,25682,25659,25678.5,NaN
2025-12-03T15:15:00-05:00,25678.25,25685.25,25667.75,25682.25,NaN
2025-12-03T15:30:00-05:00,25682,25682,25667,25676.75,NaN
2025-12-03T15:45:00-05:00,25676.5,25682.5,25640.75,25657.5,NaN
2025-12-03T16:00:00-05:00,25657.5,25662,25643.25,25649,NaN
2025-12-03T16:15:00-05:00,25649,25654.5,25641.75,25642.25,NaN
2025-12-03T16:30:00-05:00,25642,25651,25637.25,25641,NaN
2025-12-03T16:45:00-05:00,25640.5,25651.75,25636,25645.75,NaN
2025-12-03T18:00:00-05:00,25650.25,25658.75,25633.75,25647.25,NaN
2025-12-03T18:15:00-05:00,25647.5,25657.5,25646.25,25652,NaN
2025-12-03T18:30:00-05:00,25651,25658.25,25650,25653.5,NaN
2025-12-03T18:45:00-05:00,25653.5,25654.5,25641.25,25647.5,NaN
2025-12-03T19:00:00-05:00,25647.5,25666,25642,25657,NaN
2025-12-03T19:15:00-05:00,25656.75,25663.75,25653.25,25656,NaN
2025-12-03T19:30:00-05:00,25656.5,25660.5,25653.25,25655,NaN
2025-12-03T19:45:00-05:00,25654.75,25655.5,25622,25632.75,NaN
2025-12-03T20:00:00-05:00,25632.5,25662.75,25628.5,25655.25,NaN
2025-12-03T20:15:00-05:00,25654,25660.5,25649.5,25658.5,NaN
2025-12-03T20:30:00-05:00,25657.25,25658.25,25643,25649,NaN
2025-12-03T20:45:00-05:00,25649.75,25652,25632.75,25639.25,NaN
2025-12-03T21:00:00-05:00,25640.25,25649.75,25622.75,25625.25,NaN
2025-12-03T21:15:00-05:00,25624.75,25641.25,25619.25,25636,NaN
2025-12-03T21:30:00-05:00,25634.75,25642.5,25634.25,25638.75,NaN
2025-12-03T21:45:00-05:00,25639.25,25657.5,25636.25,25649,NaN
2025-12-03T22:00:00-05:00,25649.25,25650,25636,25642.75,NaN
2025-12-03T22:15:00-05:00,25641.5,25641.5,25625,25629,NaN
2025-12-03T22:30:00-05:00,25628.25,25629.75,25613.25,25623.5,NaN
2025-12-03T22:45:00-05:00,25623.25,25633,25621.25,25630.25,NaN
2025-12-03T23:00:00-05:00,25631.5,25635,25626,25632.75,NaN
2025-12-03T23:15:00-05:00,25633.25,25636.5,25618.5,25628.25,NaN
2025-12-03T23:30:00-05:00,25628.5,25640.5,25625.25,25639,NaN
2025-12-03T23:45:00-05:00,25639.75,25643,25634.75,25639.75,NaN
2025-12-04T00:00:00-05:00,25640,25648,25634.25,25646,NaN
2025-12-04T00:15:00-05:00,25646.25,25649.75,25629.5,25632.25,NaN
2025-12-04T00:30:00-05:00,25632.75,25640.5,25628.25,25636,NaN
2025-12-04T00:45:00-05:00,25636.25,25640.5,25634.5,25639.25,NaN
2025-12-04T01:00:00-05:00,25640.25,25655.25,25639.25,25647.25,NaN
2025-12-04T01:15:00-05:00,25646.5,25654.5,25640.25,25654.5,NaN
2025-12-04T01:30:00-05:00,25653.75,25659.5,25650,25653.75,NaN
2025-12-04T01:45:00-05:00,25653.25,25665.75,25652.5,25654.25,NaN
2025-12-04T02:00:00-05:00,25655.25,25669.75,25651.25,25653.75,NaN
2025-12-04T02:15:00-05:00,25653.25,25669.75,25651.25,25665,NaN
2025-12-04T02:30:00-05:00,25664.5,25664.5,25654.5,25657.25,NaN
2025-12-04T02:45:00-05:00,25657.75,25665.25,25652.25,25657,NaN
2025-12-04T03:00:00-05:00,25656,25657.5,25626,25636,NaN
2025-12-04T03:15:00-05:00,25636,25644.5,25603.25,25619.5,NaN
2025-12-04T03:30:00-05:00,25618,25647.5,25611.5,25638.75,NaN
2025-12-04T03:45:00-05:00,25640,25649.25,25627.25,25634,NaN
2025-12-04T04:00:00-05:00,25634.25,25652.25,25628.75,25635.25,NaN
2025-12-04T04:15:00-05:00,25635,25646.25,25611.5,25645.25,NaN
2025-12-04T04:30:00-05:00,25646.25,25692.5,25645.75,25684.25,NaN
2025-12-04T04:45:00-05:00,25684.25,25690.5,25673.75,25684.25,NaN
2025-12-04T05:00:00-05:00,25685,25691.25,25674.75,25675,NaN
2025-12-04T05:15:00-05:00,25674.5,25681.25,25670.75,25679.25,NaN
2025-12-04T05:30:00-05:00,25678.75,25678.75,25654,25657,NaN
2025-12-04T05:45:00-05:00,25656.5,25660,25640.75,25644,NaN
2025-12-04T06:00:00-05:00,25644.75,25653.5,25627,25639.75,NaN
2025-12-04T06:15:00-05:00,25638.5,25642,25626.25,25638.25,NaN
2025-12-04T06:30:00-05:00,25639.25,25654.25,25633,25642.5,NaN
2025-12-04T06:45:00-05:00,25642,25657.5,25638.5,25656,NaN
2025-12-04T07:00:00-05:00,25656,25667.5,25651.75,25664.75,NaN
2025-12-04T07:15:00-05:00,25665.75,25671.5,25657.75,25662.5,NaN
2025-12-04T07:30:00-05:00,25662.5,25670,25655.25,25669.5,NaN
2025-12-04T07:45:00-05:00,25669,25674.5,25657.5,25658.75,NaN
2025-12-04T08:00:00-05:00,25657.75,25661,25637.25,25638.25,NaN
2025-12-04T08:15:00-05:00,25639.25,25657.5,25635.75,25654.75,NaN
2025-12-04T08:30:00-05:00,25653.5,25666.5,25628,25641,NaN
2025-12-04T08:45:00-05:00,25640.5,25643.75,25618.25,25632,NaN
2025-12-04T09:00:00-05:00,25631.75,25732.5,25631.5,25724.25,NaN
2025-12-04T09:15:00-05:00,25724.75,25728.5,25688.75,25711.75,NaN
2025-12-04T09:30:00-05:00,25712,25713,25550.75,25591,NaN
2025-12-04T09:45:00-05:00,25590.75,25608.5,25540.25,25555.5,NaN
2025-12-04T10:00:00-05:00,25555.5,25592,25545.25,25567,NaN
2025-12-04T10:15:00-05:00,25567,25597.5,25520.5,25591,NaN
2025-12-04T10:30:00-05:00,25590.5,25639.25,25579,25630.5,NaN
2025-12-04T10:45:00-05:00,25630.5,25636,25566,25569.75,NaN
2025-12-04T11:00:00-05:00,25569.5,25583.5,25505,25550.5,NaN
2025-12-04T11:15:00-05:00,25551,25597.25,25538.25,25582.5,NaN
2025-12-04T11:30:00-05:00,25582.75,25600.5,25564.5,25569.25,NaN
2025-12-04T11:45:00-05:00,25569.5,25650.25,25569,25642,NaN
2025-12-04T12:00:00-05:00,25641.75,25653.25,25600,25632.25,NaN
2025-12-04T12:15:00-05:00,25632.25,25634.75,25597.25,25600.75,NaN
2025-12-04T12:30:00-05:00,25601,25625.5,25585.75,25613.25,NaN
2025-12-04T12:45:00-05:00,25613.5,25622.5,25599,25617.5,NaN
2025-12-04T13:00:00-05:00,25617.5,25620.5,25574.75,25603,NaN
2025-12-04T13:15:00-05:00,25603,25626.5,25598,25621.25,NaN
2025-12-04T13:30:00-05:00,25621.25,25632.5,25595.5,25600,NaN
2025-12-04T13:45:00-05:00,25600,25611.5,25592.5,25604,NaN
2025-12-04T14:00:00-05:00,25603.75,25612,25583.25,25592.75,NaN
2025-12-04T14:15:00-05:00,25592.75,25592.75,25488.75,25532.5,NaN
2025-12-04T14:30:00-05:00,25532.5,25611.5,25524.75,25591.75,NaN
2025-12-04T14:45:00-05:00,25592,25608,25580.5,25589,NaN
2025-12-04T15:00:00-05:00,25589.25,25593.75,25551.75,25587.75,NaN
2025-12-04T15:15:00-05:00,25587.75,25588,25562,25563.75,NaN
2025-12-04T15:30:00-05:00,25563.5,25583.25,25560.5,25570.5,NaN
2025-12-04T15:45:00-05:00,25570.25,25632.75,25564,25628,NaN
2025-12-04T16:00:00-05:00,25627.75,25635,25617,25632.25,NaN
2025-12-04T16:15:00-05:00,25632.5,25637.75,25631.75,25633.5,NaN
2025-12-04T16:30:00-05:00,25633,25634.75,25627.25,25629,NaN
2025-12-04T16:45:00-05:00,25629,25632.75,25624.75,25632.5,NaN
2025-12-04T18:00:00-05:00,25629.75,25648.75,25627,25631.5,NaN
2025-12-04T18:15:00-05:00,25632.25,25635.5,25628.5,25631.75,NaN
2025-12-04T18:30:00-05:00,25633,25634.5,25612.5,25618.25,NaN
2025-12-04T18:45:00-05:00,25617.25,25626.5,25608.5,25621,NaN
2025-12-04T19:00:00-05:00,25620.75,25629,25611,25617,NaN
2025-12-04T19:15:00-05:00,25618,25645,25616.75,25639.5,NaN
2025-12-04T19:30:00-05:00,25638.75,25657.5,25635,25648.75,NaN
2025-12-04T19:45:00-05:00,25648.25,25654.75,25642.5,25654,NaN
2025-12-04T20:00:00-05:00,25654,25672,25652.5,25663.25,NaN
2025-12-04T20:15:00-05:00,25663.5,25672,25660,25668.25,NaN
2025-12-04T20:30:00-05:00,25667,25681.5,25664.25,25676.5,NaN
2025-12-04T20:45:00-05:00,25675.5,25684,25674.5,25682,NaN
2025-12-04T21:00:00-05:00,25681.75,25692,25679,25692,NaN
2025-12-04T21:15:00-05:00,25692,25713.25,25688.75,25711.25,NaN
2025-12-04T21:30:00-05:00,25711,25711.25,25693.75,25696.25,NaN
2025-12-04T21:45:00-05:00,25695.75,25697.5,25682.25,25689.5,NaN
2025-12-04T22:00:00-05:00,25689.75,25695.5,25683.25,25687.75,NaN
2025-12-04T22:15:00-05:00,25687,25700.25,25687,25693,NaN
2025-12-04T22:30:00-05:00,25693.25,25696.75,25683.75,25692.75,NaN
2025-12-04T22:45:00-05:00,25691.5,25707,25690,25701,NaN
2025-12-04T23:00:00-05:00,25700.25,25717.25,25697.75,25712.5,NaN
2025-12-04T23:15:00-05:00,25712,25714.25,25696.75,25706.75,NaN
2025-12-04T23:30:00-05:00,25706.5,25712.5,25702.75,25703.25,NaN
2025-12-04T23:45:00-05:00,25703,25714.75,25699.75,25712.5,NaN
2025-12-05T00:00:00-05:00,25712,25721.5,25711.5,25715.5,NaN
2025-12-05T00:15:00-05:00,25715,25719.5,25712,25713.75,NaN
2025-12-05T00:30:00-05:00,25713.5,25721,25708,25719.75,NaN
2025-12-05T00:45:00-05:00,25720,25724.25,25715.25,25723.5,NaN
2025-12-05T01:00:00-05:00,25723.75,25730,25720.75,25724.25,NaN
2025-12-05T01:15:00-05:00,25724.25,25729.75,25717.5,25720.5,NaN
2025-12-05T01:30:00-05:00,25722,25724,25702.25,25717.5,NaN
2025-12-05T01:45:00-05:00,25717.5,25720.5,25709.25,25713,NaN
2025-12-05T02:00:00-05:00,25712,25729.25,25704,25714.25,NaN
2025-12-05T02:15:00-05:00,25713.5,25727.75,25710,25724.25,NaN
2025-12-05T02:30:00-05:00,25724,25728.75,25715.5,25718.5,NaN
2025-12-05T02:45:00-05:00,25718.25,25728.75,25715,25725,NaN
2025-12-05T03:00:00-05:00,25725.5,25745.25,25721.5,25735.25,NaN
2025-12-05T03:15:00-05:00,25734,25755.75,25729.75,25737.25,NaN
2025-12-05T03:30:00-05:00,25737.5,25748.25,25734.75,25746.5,NaN
2025-12-05T03:45:00-05:00,25746,25747,25723.75,25725.75,NaN
2025-12-05T04:00:00-05:00,25724.25,25736.25,25712,25717.25,NaN
2025-12-05T04:15:00-05:00,25716.5,25729,25713.5,25728,NaN
2025-12-05T04:30:00-05:00,25728.5,25728.75,25706.25,25711,NaN
2025-12-05T04:45:00-05:00,25711.5,25720.25,25711.25,25718.5,NaN
2025-12-05T05:00:00-05:00,25717.5,25736.75,25712.5,25722.25,NaN
2025-12-05T05:15:00-05:00,25723,25727.5,25719,25726,NaN
2025-12-05T05:30:00-05:00,25726,25731.5,25720.75,25731.5,NaN
2025-12-05T05:45:00-05:00,25729.75,25730,25713.25,25715.75,NaN
2025-12-05T06:00:00-05:00,25716,25724.75,25704.25,25720.25,NaN
2025-12-05T06:15:00-05:00,25721.25,25727.25,25710.5,25722.75,NaN
2025-12-05T06:30:00-05:00,25722.5,25725.5,25715,25718.25,NaN
2025-12-05T06:45:00-05:00,25718.75,25722.5,25716,25719,NaN
2025-12-05T07:00:00-05:00,25720.25,25736,25712.75,25712.75,NaN
2025-12-05T07:15:00-05:00,25713.25,25717.5,25688.5,25710.75,NaN
2025-12-05T07:30:00-05:00,25710.5,25717.5,25705,25705,NaN
2025-12-05T07:45:00-05:00,25705,25708.75,25693.25,25703.25,NaN
2025-12-05T08:00:00-05:00,25703,25710,25700.25,25704.25,NaN
2025-12-05T08:15:00-05:00,25704.5,25705,25676.25,25687,NaN
2025-12-05T08:30:00-05:00,25686,25689,25606.5,25614.5,NaN
2025-12-05T08:45:00-05:00,25614.75,25626.5,25579.75,25614.25,NaN
2025-12-05T09:00:00-05:00,25613.75,25652.75,25611.5,25652.25,NaN
2025-12-05T09:15:00-05:00,25652,25684.5,25642,25680.25,NaN
2025-12-05T09:30:00-05:00,25680,25777.25,25673.5,25708.5,NaN
2025-12-05T09:45:00-05:00,25709.25,25803.25,25707,25791.25,NaN
2025-12-05T10:00:00-05:00,25791.25,25861.25,25765.25,25858.25,NaN
2025-12-05T10:15:00-05:00,25858.25,25868,25827.5,25837.5,NaN
2025-12-05T10:30:00-05:00,25836.75,25861.25,25808.5,25820,NaN
2025-12-05T10:45:00-05:00,25819.5,25832.5,25716.25,25743,NaN
2025-12-05T11:00:00-05:00,25743,25767,25706.5,25707,NaN
2025-12-05T11:15:00-05:00,25706.5,25741,25683.25,25697.75,NaN
2025-12-05T11:30:00-05:00,25698,25704.5,25651.25,25690.25,NaN
2025-12-05T11:45:00-05:00,25690,25761.5,25679,25730.25,NaN
2025-12-05T12:00:00-05:00,25729.5,25738.25,25692.25,25696.25,NaN
2025-12-05T12:15:00-05:00,25695.5,25711.25,25688.75,25695,NaN
2025-12-05T12:30:00-05:00,25695,25700.25,25664.75,25694.75,NaN
2025-12-05T12:45:00-05:00,25694.25,25740.75,25687.25,25730.5,NaN
2025-12-05T13:00:00-05:00,25729.75,25739,25718.25,25725,NaN
2025-12-05T13:15:00-05:00,25725.25,25747.25,25700,25744,NaN
2025-12-05T13:30:00-05:00,25744,25758.5,25723.25,25735.25,NaN
2025-12-05T13:45:00-05:00,25735,25740.5,25720.25,25726.75,NaN
2025-12-05T14:00:00-05:00,25727.75,25740.75,25714.25,25738.5,NaN
2025-12-05T14:15:00-05:00,25738.5,25741.25,25706.75,25722.25,NaN
2025-12-05T14:30:00-05:00,25722.75,25729.25,25706,25712.25,NaN
2025-12-05T14:45:00-05:00,25712,25743.75,25702.5,25737.5,NaN
2025-12-05T15:00:00-05:00,25737.75,25740.25,25711.5,25724.75,NaN
2025-12-05T15:15:00-05:00,25724,25739.75,25714.75,25725.5,NaN
2025-12-05T15:30:00-05:00,25725.75,25728,25707.5,25722.25,NaN
2025-12-05T15:45:00-05:00,25721.75,25740,25677.75,25725.75,NaN
2025-12-05T16:00:00-05:00,25725.75,25743.75,25723.25,25733.5,NaN
2025-12-05T16:15:00-05:00,25734,25738.25,25729.75,25732.25,NaN
2025-12-05T16:30:00-05:00,25732.25,25740,25730.25,25736,NaN
2025-12-05T16:45:00-05:00,25736.25,25740,25732.5,25735,NaN
2025-12-07T18:00:00-05:00,25750,25770,25719.5,25729.75,NaN
2025-12-07T18:15:00-05:00,25728.25,25754.5,25725,25746.25,NaN
2025-12-07T18:30:00-05:00,25746,25756.5,25740,25748.25,NaN
2025-12-07T18:45:00-05:00,25746.25,25753.25,25742.75,25746.5,NaN
2025-12-07T19:00:00-05:00,25746.25,25747,25700.25,25714,NaN
2025-12-07T19:15:00-05:00,25712.75,25735.25,25710.25,25732.25,NaN
2025-12-07T19:30:00-05:00,25731.5,25740.75,25725.5,25737.5,NaN
2025-12-07T19:45:00-05:00,25736.25,25750.25,25733,25747.25,NaN
2025-12-07T20:00:00-05:00,25746.25,25765,25743,25747.5,NaN
2025-12-07T20:15:00-05:00,25746.5,25755.75,25743,25749.25,NaN
2025-12-07T20:30:00-05:00,25751.5,25769.5,25750.75,25763.5,NaN
2025-12-07T20:45:00-05:00,25764,25772,25762,25768.25,NaN
2025-12-07T21:00:00-05:00,25768,25773.5,25761.5,25769.25,NaN
2025-12-07T21:15:00-05:00,25769.75,25782.25,25769.5,25777,NaN
2025-12-07T21:30:00-05:00,25777,25783.25,25769.5,25775.25,NaN
2025-12-07T21:45:00-05:00,25775.5,25782.75,25770.75,25782.5,NaN
2025-12-07T22:00:00-05:00,25783,25787,25777,25786.5,NaN
2025-12-07T22:15:00-05:00,25785.75,25791,25782.5,25783.75,NaN
2025-12-07T22:30:00-05:00,25783.75,25794.25,25783.75,25784.5,NaN
2025-12-07T22:45:00-05:00,25785.5,25792.75,25780.5,25789.5,NaN
2025-12-07T23:00:00-05:00,25789.75,25797.75,25787,25796.75,NaN
2025-12-07T23:15:00-05:00,25796.5,25799.25,25793,25796,NaN
2025-12-07T23:30:00-05:00,25796.75,25801,25793.75,25798.25,NaN
2025-12-07T23:45:00-05:00,25798,25803.25,25794.5,25798.5,NaN
2025-12-08T00:00:00-05:00,25798.25,25799.25,25791,25798,NaN
2025-12-08T00:15:00-05:00,25798.75,25804,25797.25,25801,NaN
2025-12-08T00:30:00-05:00,25800.5,25804.25,25798.25,25801,NaN
2025-12-08T00:45:00-05:00,25801,25803.75,25791,25794.25,NaN
2025-12-08T01:00:00-05:00,25794.75,25807.25,25785.5,25806.75,NaN
2025-12-08T01:15:00-05:00,25806.75,25810.5,25804.25,25807.25,NaN
2025-12-08T01:30:00-05:00,25807,25811.5,25796.5,25798.75,NaN
2025-12-08T01:45:00-05:00,25799,25804.5,25789,25790.5,NaN
2025-12-08T02:00:00-05:00,25789.5,25796.25,25775.25,25793,NaN
2025-12-08T02:15:00-05:00,25794.5,25815.75,25792.5,25811.75,NaN
2025-12-08T02:30:00-05:00,25811.25,25821.25,25804.25,25816.75,NaN
2025-12-08T02:45:00-05:00,25816,25816.5,25799,25805.25,NaN
2025-12-08T03:00:00-05:00,25805.5,25806.25,25788.25,25791,NaN
2025-12-08T03:15:00-05:00,25791.75,25804,25781.25,25785,NaN
2025-12-08T03:30:00-05:00,25784.75,25793,25776.25,25781.5,NaN
2025-12-08T03:45:00-05:00,25782.25,25782.5,25768.25,25774.75,NaN
2025-12-08T04:00:00-05:00,25774.75,25791,25771.75,25790.25,NaN
2025-12-08T04:15:00-05:00,25788.75,25796.5,25777.75,25794.5,NaN
2025-12-08T04:30:00-05:00,25793.75,25798,25778.25,25781.25,NaN
2025-12-08T04:45:00-05:00,25781.25,25784,25768.5,25774.5,NaN
2025-12-08T05:00:00-05:00,25774,25780.75,25762.5,25776.5,NaN
2025-12-08T05:15:00-05:00,25777.25,25790,25767,25789.75,NaN
2025-12-08T05:30:00-05:00,25789,25799,25784.5,25792.25,NaN
2025-12-08T05:45:00-05:00,25792.25,25799,25787.75,25793,NaN
2025-12-08T06:00:00-05:00,25793.5,25796.5,25778.25,25794.5,NaN
2025-12-08T06:15:00-05:00,25793.25,25797.75,25771.25,25773.5,NaN
2025-12-08T06:30:00-05:00,25774.25,25782.5,25771,25782.25,NaN
2025-12-08T06:45:00-05:00,25782.25,25785,25773.5,25773.5,NaN
2025-12-08T07:00:00-05:00,25775,25786.75,25764.75,25782.25,NaN
2025-12-08T07:15:00-05:00,25781.75,25791,25780.75,25785.75,NaN
2025-12-08T07:30:00-05:00,25785.25,25802.5,25783.75,25800.5,NaN
2025-12-08T07:45:00-05:00,25801.25,25811.25,25796.75,25803.5,NaN
2025-12-08T08:00:00-05:00,25803.25,25815,25799.25,25812.75,NaN
2025-12-08T08:15:00-05:00,25813.25,25833,25798.75,25808.25,NaN
2025-12-08T08:30:00-05:00,25808.75,25810.5,25784.5,25805.5,NaN
2025-12-08T08:45:00-05:00,25805.25,25814.5,25798,25810.5,NaN
2025-12-08T09:00:00-05:00,25810.25,25824,25806.5,25818.75,NaN
2025-12-08T09:15:00-05:00,25818.75,25819.5,25782,25791.75,NaN
2025-12-08T09:30:00-05:00,25791,25860.75,25771.5,25805.25,NaN
2025-12-08T09:45:00-05:00,25805.25,25807.25,25721.5,25744.5,NaN
2025-12-08T10:00:00-05:00,25744.75,25778,25730,25741.5,NaN
2025-12-08T10:15:00-05:00,25742,25748.5,25657,25700.5,NaN
2025-12-08T10:30:00-05:00,25700.25,25723.75,25683.5,25687.5,NaN
2025-12-08T10:45:00-05:00,25687.25,25702.75,25649.75,25663,NaN
2025-12-08T11:00:00-05:00,25662.75,25666,25627.5,25638,NaN
2025-12-08T11:15:00-05:00,25637.25,25671.5,25626.25,25662,NaN
2025-12-08T11:30:00-05:00,25661.75,25670.25,25636.5,25652,NaN
2025-12-08T11:45:00-05:00,25652,25656,25631,25639.5,NaN
2025-12-08T12:00:00-05:00,25640.25,25647,25602,25624,NaN
2025-12-08T12:15:00-05:00,25623.5,25638.25,25593.75,25617,NaN
2025-12-08T12:30:00-05:00,25617.5,25640.5,25614,25622.5,NaN
2025-12-08T12:45:00-05:00,25622.5,25690,25612,25680.5,NaN
2025-12-08T13:00:00-05:00,25680.25,25696.25,25657,25677,NaN
2025-12-08T13:15:00-05:00,25677,25688,25628.25,25629.75,NaN
2025-12-08T13:30:00-05:00,25629.25,25641.75,25602.25,25627.25,NaN
2025-12-08T13:45:00-05:00,25627,25634.5,25564.75,25592.5,NaN
2025-12-08T14:00:00-05:00,25592.75,25597,25568,25579.5,NaN
2025-12-08T14:15:00-05:00,25580.5,25610,25579.5,25598.25,NaN
2025-12-08T14:30:00-05:00,25598,25620,25594,25605.5,NaN
2025-12-08T14:45:00-05:00,25606,25622.25,25585.75,25591.75,NaN
2025-12-08T15:00:00-05:00,25592.25,25603,25582.5,25602.75,NaN
2025-12-08T15:15:00-05:00,25603.25,25617.25,25594.25,25615.5,NaN
2025-12-08T15:30:00-05:00,25615.5,25617.25,25590,25613.75,NaN
2025-12-08T15:45:00-05:00,25613.5,25672.25,25602,25668.75,NaN
2025-12-08T16:00:00-05:00,25668.25,25674.75,25656.25,25661,NaN
2025-12-08T16:15:00-05:00,25661,25685.25,25656.5,25682.5,NaN
2025-12-08T16:30:00-05:00,25682.25,25703.5,25675.25,25702,NaN
2025-12-08T16:45:00-05:00,25701.75,25707.5,25689,25706.75,NaN
2025-12-08T18:00:00-05:00,25713,25724.75,25698,25700.5,NaN
2025-12-08T18:15:00-05:00,25701.25,25705.5,25695,25698.25,NaN
2025-12-08T18:30:00-05:00,25698.5,25708,25692,25704,NaN
2025-12-08T18:45:00-05:00,25704,25728.5,25702.25,25726.25,NaN
2025-12-08T19:00:00-05:00,25727.25,25727.25,25716,25720,NaN
2025-12-08T19:15:00-05:00,25719.5,25723.75,25713.25,25716.5,NaN
2025-12-08T19:30:00-05:00,25717.5,25721,25712.25,25717,NaN
2025-12-08T19:45:00-05:00,25717.25,25725.75,25711.5,25719.25,NaN
2025-12-08T20:00:00-05:00,25720,25725.75,25703,25725,NaN
2025-12-08T20:15:00-05:00,25724.25,25729.5,25705,25705,NaN
2025-12-08T20:30:00-05:00,25706,25714,25684,25693.5,NaN
2025-12-08T20:45:00-05:00,25694,25700,25690.5,25693.5,NaN
2025-12-08T21:00:00-05:00,25693.25,25698.5,25675.25,25692.25,NaN
2025-12-08T21:15:00-05:00,25692.75,25708.5,25691.75,25697.25,NaN
2025-12-08T21:30:00-05:00,25698,25699,25684.5,25691.75,NaN
2025-12-08T21:45:00-05:00,25691.75,25697.5,25687.5,25692.75,NaN
2025-12-08T22:00:00-05:00,25692.25,25699.5,25685.25,25694,NaN
2025-12-08T22:15:00-05:00,25693.25,25699.25,25689.5,25693.25,NaN
2025-12-08T22:30:00-05:00,25694.5,25700.75,25689.25,25695.5,NaN
2025-12-08T22:45:00-05:00,25694.25,25702.25,25685.5,25698,NaN
2025-12-08T23:00:00-05:00,25698.75,25699.75,25692,25692.25,NaN
2025-12-08T23:15:00-05:00,25692.25,25697,25689,25693,NaN
2025-12-08T23:30:00-05:00,25692.25,25695,25682.75,25691,NaN
2025-12-08T23:45:00-05:00,25692,25692.5,25686.25,25686.5,NaN
2025-12-09T00:00:00-05:00,25688,25689.25,25670.5,25675.75,NaN
2025-12-09T00:15:00-05:00,25675.25,25678.25,25665.75,25668,NaN
2025-12-09T00:30:00-05:00,25667,25677.75,25664.5,25674.75,NaN
2025-12-09T00:45:00-05:00,25674.25,25679.25,25662,25663.5,NaN
2025-12-09T01:00:00-05:00,25664,25664,25647.5,25656.5,NaN
2025-12-09T01:15:00-05:00,25655.75,25661,25646.75,25656,NaN
2025-12-09T01:30:00-05:00,25656.25,25681.75,25654,25680.5,NaN
2025-12-09T01:45:00-05:00,25681,25688.25,25670.75,25683.25,NaN
2025-12-09T02:00:00-05:00,25683,25695,25681.5,25687.75,NaN
2025-12-09T02:15:00-05:00,25686.75,25690.75,25680.25,25687.25,NaN
2025-12-09T02:30:00-05:00,25687.25,25692.25,25676.25,25686.75,NaN
2025-12-09T02:45:00-05:00,25686.75,25697,25686.5,25691.25,NaN
2025-12-09T03:00:00-05:00,25690.5,25706.25,25686.75,25700,NaN
2025-12-09T03:15:00-05:00,25702,25712.5,25691.75,25694.25,NaN
2025-12-09T03:30:00-05:00,25693.5,25699.75,25682.25,25694,NaN
2025-12-09T03:45:00-05:00,25692.5,25705.5,25691.75,25695.75,NaN
2025-12-09T04:00:00-05:00,25695.5,25696,25672.75,25680.25,NaN
2025-12-09T04:15:00-05:00,25680.75,25682.75,25660,25666.75,NaN
2025-12-09T04:30:00-05:00,25666.25,25675.5,25650,25657.25,NaN
2025-12-09T04:45:00-05:00,25657,25667.25,25653.25,25656.25,NaN
2025-12-09T05:00:00-05:00,25655.5,25675.75,25654.75,25670.75,NaN
2025-12-09T05:15:00-05:00,25671.5,25692.5,25667.5,25688.25,NaN
2025-12-09T05:30:00-05:00,25689,25692,25601,25656.25,NaN
2025-12-09T05:45:00-05:00,25656.5,25675.5,25637,25668.75,NaN
2025-12-09T06:00:00-05:00,25668.5,25671,25637.75,25645.25,NaN
2025-12-09T06:15:00-05:00,25645.75,25668.75,25630.75,25667.25,NaN
2025-12-09T06:30:00-05:00,25668,25681.75,25658.5,25676,NaN
2025-12-09T06:45:00-05:00,25676,25680,25668.5,25672.5,NaN
2025-12-09T07:00:00-05:00,25672.75,25676.25,25660,25666.5,NaN
2025-12-09T07:15:00-05:00,25667,25669.25,25658,25663.25,NaN
2025-12-09T07:30:00-05:00,25663.25,25667,25649.75,25654,NaN
2025-12-09T07:45:00-05:00,25653.5,25672.5,25645.5,25663.75,NaN
2025-12-09T08:00:00-05:00,25663.5,25666,25648.75,25656,NaN
2025-12-09T08:15:00-05:00,25656,25658.5,25637.5,25650,NaN
2025-12-09T08:30:00-05:00,25649,25651.5,25607,25625.25,NaN
2025-12-09T08:45:00-05:00,25624.75,25639.25,25608.5,25617,NaN
2025-12-09T09:00:00-05:00,25616.5,25625.5,25597.75,25605.25,NaN
2025-12-09T09:15:00-05:00,25605.75,25620.25,25588.5,25618,NaN
2025-12-09T09:30:00-05:00,25618.5,25653.5,25560,25612.25,NaN
2025-12-09T09:45:00-05:00,25613.25,25635,25596,25629.5,NaN
2025-12-09T10:00:00-05:00,25630.5,25670,25605.5,25635.5,NaN
2025-12-09T10:15:00-05:00,25636.5,25662.5,25624.25,25656.75,NaN
2025-12-09T10:30:00-05:00,25656.75,25680.75,25637.25,25680,NaN
2025-12-09T10:45:00-05:00,25680,25685.25,25635.5,25684.5,NaN
2025-12-09T11:00:00-05:00,25683.75,25703.5,25678.25,25691.25,NaN
2025-12-09T11:15:00-05:00,25691.5,25709.75,25688,25690,NaN
2025-12-09T11:30:00-05:00,25690.25,25713.25,25668.25,25673.75,NaN
2025-12-09T11:45:00-05:00,25673.25,25716,25673.25,25709,NaN
2025-12-09T12:00:00-05:00,25709,25733,25700.75,25720.75,NaN
2025-12-09T12:15:00-05:00,25721,25722,25689.75,25707.25,NaN
2025-12-09T12:30:00-05:00,25707.75,25717,25693.75,25703.25,NaN
2025-12-09T12:45:00-05:00,25703,25718.75,25689.25,25717.75,NaN
2025-12-09T13:00:00-05:00,25716.75,25728,25703.75,25717.5,NaN
2025-12-09T13:15:00-05:00,25717.25,25732.25,25715.5,25725.75,NaN
2025-12-09T13:30:00-05:00,25726.25,25730,25702.5,25703.5,NaN
2025-12-09T13:45:00-05:00,25704,25735.75,25690.75,25721.75,NaN
2025-12-09T14:00:00-05:00,25721.75,25724.25,25697.5,25704.5,NaN
2025-12-09T14:15:00-05:00,25705,25717.25,25701,25711,NaN
2025-12-09T14:30:00-05:00,25711,25717,25683,25691.75,NaN
2025-12-09T14:45:00-05:00,25691.75,25708,25688,25702.5,NaN
2025-12-09T15:00:00-05:00,25701.75,25713.25,25695.75,25701.25,NaN
2025-12-09T15:15:00-05:00,25701,25709.25,25693.75,25697,NaN
2025-12-09T15:30:00-05:00,25696.75,25706.75,25687.5,25706.25,NaN
2025-12-09T15:45:00-05:00,25706,25722,25683.75,25703,NaN
2025-12-09T16:00:00-05:00,25703.25,25703.75,25681.5,25684.5,NaN
2025-12-09T16:15:00-05:00,25684.25,25686.25,25675,25680.75,NaN
2025-12-09T16:30:00-05:00,25680.25,25685.75,25676.5,25679,NaN
2025-12-09T16:45:00-05:00,25679,25683.25,25674.75,25676.25,NaN
2025-12-09T18:00:00-05:00,25680,25691.5,25673.75,25676.75,NaN
2025-12-09T18:15:00-05:00,25677.75,25679,25670.75,25677.75,NaN
2025-12-09T18:30:00-05:00,25676,25680.25,25672,25679,NaN
2025-12-09T18:45:00-05:00,25679,25681.5,25669.5,25671.5,NaN
2025-12-09T19:00:00-05:00,25671.75,25693.75,25668.5,25686.75,NaN
2025-12-09T19:15:00-05:00,25685,25686,25661.25,25672,NaN
2025-12-09T19:30:00-05:00,25672,25677.25,25666.75,25669.5,NaN
2025-12-09T19:45:00-05:00,25669.25,25669.25,25650.5,25651.25,NaN
2025-12-09T20:00:00-05:00,25650.5,25664.5,25639.25,25650.25,NaN
2025-12-09T20:15:00-05:00,25650.25,25655.25,25643.75,25654.5,NaN
2025-12-09T20:30:00-05:00,25653.25,25657.25,25645,25655.5,NaN
2025-12-09T20:45:00-05:00,25655.75,25660,25652,25656.25,NaN
2025-12-09T21:00:00-05:00,25656,25663.75,25655,25661,NaN
2025-12-09T21:15:00-05:00,25661.25,25673.25,25657.75,25668.25,NaN
2025-12-09T21:30:00-05:00,25669.25,25679,25667.5,25671.25,NaN
2025-12-09T21:45:00-05:00,25671,25678,25669.5,25674.25,NaN
2025-12-09T22:00:00-05:00,25673.5,25686.5,25673.5,25676.75,NaN
2025-12-09T22:15:00-05:00,25677.25,25677.75,25665.5,25667.75,NaN
2025-12-09T22:30:00-05:00,25667.5,25674.75,25662.75,25668,NaN
2025-12-09T22:45:00-05:00,25670.25,25675,25664,25673.75,NaN
2025-12-09T23:00:00-05:00,25674,25685.5,25674,25681.75,NaN
2025-12-09T23:15:00-05:00,25682.25,25685,25679,25683.75,NaN
2025-12-09T23:30:00-05:00,25683.5,25710,25683.25,25692.25,NaN
2025-12-09T23:45:00-05:00,25693,25699.25,25691,25693.75,NaN
2025-12-10T00:00:00-05:00,25693.75,25694.25,25668.25,25674,NaN
2025-12-10T00:15:00-05:00,25673.5,25682,25673.5,25678,NaN
2025-12-10T00:30:00-05:00,25678.75,25684.5,25675,25684,NaN
2025-12-10T00:45:00-05:00,25683.75,25686.75,25680,25681.5,NaN
2025-12-10T01:00:00-05:00,25682.25,25707.75,25681,25704.5,NaN
2025-12-10T01:15:00-05:00,25704.5,25706,25697.25,25703.25,NaN
2025-12-10T01:30:00-05:00,25702.5,25713.25,25700,25702.25,NaN
2025-12-10T01:45:00-05:00,25702,25705.25,25698.25,25703.75,NaN
2025-12-10T02:00:00-05:00,25703.25,25708,25698.25,25706,NaN
2025-12-10T02:15:00-05:00,25705,25718,25704.5,25714.25,NaN
2025-12-10T02:30:00-05:00,25714.75,25727.5,25711,25725.5,NaN
2025-12-10T02:45:00-05:00,25725.5,25730.5,25720.75,25728.25,NaN
2025-12-10T03:00:00-05:00,25728.75,25745.75,25722,25735,NaN
2025-12-10T03:15:00-05:00,25733,25743.25,25727.5,25731.25,NaN
2025-12-10T03:30:00-05:00,25729.75,25739.25,25716.25,25721.5,NaN
2025-12-10T03:45:00-05:00,25722.25,25727,25705.25,25720.5,NaN
2025-12-10T04:00:00-05:00,25721,25732.25,25711.5,25718.75,NaN
2025-12-10T04:15:00-05:00,25718.5,25719.5,25703.75,25714.75,NaN
2025-12-10T04:30:00-05:00,25714.5,25717,25705.5,25706.75,NaN
2025-12-10T04:45:00-05:00,25706.25,25718.75,25706.25,25709.25,NaN
2025-12-10T05:00:00-05:00,25709,25734,25696.75,25704,NaN
2025-12-10T05:15:00-05:00,25703.25,25707.75,25631.75,25633.25,NaN
2025-12-10T05:30:00-05:00,25632.25,25658.25,25616,25652.75,NaN
2025-12-10T05:45:00-05:00,25652.25,25671.25,25646,25650.25,NaN
2025-12-10T06:00:00-05:00,25650.75,25694.75,25638.5,25672.75,NaN
2025-12-10T06:15:00-05:00,25672,25677.25,25658,25666,NaN
2025-12-10T06:30:00-05:00,25665.5,25672,25656.25,25657,NaN
2025-12-10T06:45:00-05:00,25656.75,25673.5,25655.5,25665.5,NaN
2025-12-10T07:00:00-05:00,25666.25,25668.75,25632,25641.5,NaN
2025-12-10T07:15:00-05:00,25643,25649.25,25634.75,25647.25,NaN
2025-12-10T07:30:00-05:00,25646.25,25653,25627.25,25634.25,NaN
2025-12-10T07:45:00-05:00,25635.25,25651.25,25629.75,25648.25,NaN
2025-12-10T08:00:00-05:00,25649,25666.5,25645,25665.25,NaN
2025-12-10T08:15:00-05:00,25664.75,25715.5,25662.5,25708.75,NaN
2025-12-10T08:30:00-05:00,25709,25720,25677,25682.5,NaN
2025-12-10T08:45:00-05:00,25682.5,25688.25,25668.75,25672.5,NaN
2025-12-10T09:00:00-05:00,25673,25682.75,25648,25663.5,NaN
2025-12-10T09:15:00-05:00,25663.75,25668,25639.5,25647.25,NaN
2025-12-10T09:30:00-05:00,25647.25,25663.75,25567,25642.5,NaN
2025-12-10T09:45:00-05:00,25643,25672.25,25587.5,25631.25,NaN
2025-12-10T10:00:00-05:00,25630.5,25652,25603.75,25624.75,NaN
2025-12-10T10:15:00-05:00,25624.75,25656.5,25617.5,25635.75,NaN
2025-12-10T10:30:00-05:00,25635.5,25642.5,25564.25,25586,NaN
2025-12-10T10:45:00-05:00,25586,25627,25550.25,25566.75,NaN
2025-12-10T11:00:00-05:00,25567,25611,25528.75,25610.5,NaN
2025-12-10T11:15:00-05:00,25610.75,25651.25,25605.25,25647.75,NaN
2025-12-10T11:30:00-05:00,25647.25,25654,25619.25,25625.5,NaN
2025-12-10T11:45:00-05:00,25625.5,25658.25,25610,25650.5,NaN
2025-12-10T12:00:00-05:00,25650.5,25656,25623.25,25633.75,NaN
2025-12-10T12:15:00-05:00,25633,25640.5,25615.75,25623.75,NaN
2025-12-10T12:30:00-05:00,25623,25650.25,25617.5,25631.25,NaN
2025-12-10T12:45:00-05:00,25631.5,25682.25,25630.25,25665.25,NaN
2025-12-10T13:00:00-05:00,25664.75,25667.75,25643.25,25649.5,NaN
2025-12-10T13:15:00-05:00,25649.5,25653.5,25596,25607,NaN
2025-12-10T13:30:00-05:00,25606.75,25631.75,25595,25609.75,NaN
2025-12-10T13:45:00-05:00,25609,25632.25,25599,25616.75,NaN
2025-12-10T14:00:00-05:00,25614.5,25741,25602.5,25695,NaN
2025-12-10T14:15:00-05:00,25693.75,25736.25,25627.5,25668,NaN
2025-12-10T14:30:00-05:00,25668.25,25779.5,25611,25665.5,NaN
2025-12-10T14:45:00-05:00,25666,25834.75,25660.75,25823.5,NaN
2025-12-10T15:00:00-05:00,25823.25,25863,25788,25858,NaN
2025-12-10T15:15:00-05:00,25858.5,25870.75,25826.5,25836.75,NaN
2025-12-10T15:30:00-05:00,25836.5,25863.5,25828.5,25838.75,NaN
2025-12-10T15:45:00-05:00,25838.75,25852.5,25791,25800,NaN
2025-12-10T16:00:00-05:00,25799.75,25808.25,25758.75,25788.25,NaN
2025-12-10T16:15:00-05:00,25787.5,25803,25778,25796.5,NaN
2025-12-10T16:30:00-05:00,25796.75,25802,25786.25,25800,NaN
2025-12-10T16:45:00-05:00,25800,25811.25,25789.75,25800.5,NaN
2025-12-10T18:00:00-05:00,25769.5,25796,25736.5,25747.25,NaN
2025-12-10T18:15:00-05:00,25746,25747.5,25715.75,25729,NaN
2025-12-10T18:30:00-05:00,25729,25734.5,25726.5,25729.25,NaN
2025-12-10T18:45:00-05:00,25729.25,25739,25728.75,25730.5,NaN
2025-12-10T19:00:00-05:00,25730.25,25732.25,25710,25724.25,NaN
2025-12-10T19:15:00-05:00,25724.25,25734,25718,25729,NaN
2025-12-10T19:30:00-05:00,25726.25,25727.5,25694,25700,NaN
2025-12-10T19:45:00-05:00,25700,25701.25,25671,25684,NaN
2025-12-10T20:00:00-05:00,25683.25,25683.75,25659.5,25671,NaN
2025-12-10T20:15:00-05:00,25672.25,25677.25,25658.25,25670.75,NaN
2025-12-10T20:30:00-05:00,25671.75,25682,25671.5,25678,NaN
2025-12-10T20:45:00-05:00,25678.75,25680,25650.5,25660.75,NaN
2025-12-10T21:00:00-05:00,25659.25,25661.25,25622.75,25636.25,NaN
2025-12-10T21:15:00-05:00,25635,25641.5,25603,25607.25,NaN
2025-12-10T21:30:00-05:00,25608.75,25610.25,25561,25579,NaN
2025-12-10T21:45:00-05:00,25579.5,25582.75,25523.75,25549.25,NaN
2025-12-10T22:00:00-05:00,25550,25550.25,25383,25433,NaN
2025-12-10T22:15:00-05:00,25433,25478,25427.75,25471.5,NaN
2025-12-10T22:30:00-05:00,25472.5,25475.75,25434.5,25475.25,NaN
2025-12-10T22:45:00-05:00,25473.5,25497.75,25463.25,25486.5,NaN
2025-12-10T23:00:00-05:00,25486.5,25534,25476,25517.75,NaN
2025-12-10T23:15:00-05:00,25516.75,25524.75,25496.25,25508.5,NaN
2025-12-10T23:30:00-05:00,25507.5,25525.75,25494.25,25511.75,NaN
2025-12-10T23:45:00-05:00,25511,25524.25,25501.25,25509.5,NaN
2025-12-11T00:00:00-05:00,25507.75,25512.25,25490.5,25495,NaN
2025-12-11T00:15:00-05:00,25495.75,25508.25,25486.25,25489.25,NaN
2025-12-11T00:30:00-05:00,25489,25500.5,25483.5,25493.25,NaN
2025-12-11T00:45:00-05:00,25492.75,25521.5,25490,25514,NaN
2025-12-11T01:00:00-05:00,25514.5,25523.5,25498.5,25508,NaN
2025-12-11T01:15:00-05:00,25507.25,25511.25,25470.75,25472.5,NaN
2025-12-11T01:30:00-05:00,25473,25511.5,25472,25509.75,NaN
2025-12-11T01:45:00-05:00,25509.25,25514.75,25494.5,25510,NaN
2025-12-11T02:00:00-05:00,25510.25,25511.75,25475,25504.75,NaN
2025-12-11T02:15:00-05:00,25504.75,25522.75,25495.75,25520.75,NaN
2025-12-11T02:30:00-05:00,25521.75,25539.5,25517,25530.75,NaN
2025-12-11T02:45:00-05:00,25531.25,25542.25,25523,25539.75,NaN
2025-12-11T03:00:00-05:00,25539,25543,25477.25,25494.75,NaN
2025-12-11T03:15:00-05:00,25495,25504.75,25478,25487.25,NaN
2025-12-11T03:30:00-05:00,25485.75,25504.25,25474.25,25486.5,NaN
2025-12-11T03:45:00-05:00,25486.75,25544.25,25483.75,25536.5,NaN
2025-12-11T04:00:00-05:00,25536.25,25573,25529.25,25569.25,NaN
2025-12-11T04:15:00-05:00,25570,25593.75,25559.5,25584,NaN
2025-12-11T04:30:00-05:00,25583.75,25599.75,25577.5,25589.75,NaN
2025-12-11T04:45:00-05:00,25589,25623.75,25587.75,25603.5,NaN
2025-12-11T05:00:00-05:00,25604,25610.25,25586.75,25595.5,NaN